Device_ID,threat_score,predicted_compromise,threat_category
IOT_DEV_047045,0.0004595145190792157,0,Low Threat
IOT_DEV_044296,0.00011769218091351595,0,Low Threat
IOT_DEV_074784,0.00011714313228636498,0,Low Threat
IOT_DEV_070976,0.00037575354695539124,0,Low Threat
IOT_DEV_046646,0.0005234742475062883,0,Low Threat
IOT_DEV_008216,0.0002514508762008066,0,Low Threat
IOT_DEV_065510,0.0002514556446605389,0,Low Threat
IOT_DEV_062716,0.0002103615263769755,0,Low Threat
IOT_DEV_039860,0.00012340998510406714,0,Low Threat
IOT_DEV_058835,0.00026385782372000946,0,Low Threat
IOT_DEV_053520,0.00010677377976985114,0,Low Threat
IOT_DEV_000834,5.967238568292601e-05,0,Low Threat
IOT_DEV_051038,0.00017509926140026717,0,Low Threat
IOT_DEV_054369,0.00023523555177164704,0,Low Threat
IOT_DEV_025541,0.00027097449588205503,0,Low Threat
IOT_DEV_036507,4.713265771915123e-05,0,Low Threat
IOT_DEV_042404,0.0001257176977481695,0,Low Threat
IOT_DEV_052594,0.0006405325211207984,0,Low Threat
IOT_DEV_041792,0.00021933306994561592,0,Low Threat
IOT_DEV_028276,0.000415464804605356,0,Low Threat
IOT_DEV_004088,0.00010343968052427168,0,Low Threat
IOT_DEV_006917,0.00037556386550789786,0,Low Threat
IOT_DEV_062123,0.0004053174093081075,0,Low Threat
IOT_DEV_041374,6.649994055890496e-05,0,Low Threat
IOT_DEV_036982,0.00018592923543045268,0,Low Threat
IOT_DEV_018710,4.2752803463927775e-05,0,Low Threat
IOT_DEV_052898,0.00015121917707592764,0,Low Threat
IOT_DEV_028128,6.616766919115989e-05,0,Low Threat
IOT_DEV_009919,0.0006526581511768756,0,Low Threat
IOT_DEV_010119,7.868998197096716e-05,0,Low Threat
IOT_DEV_001697,8.324773041288062e-05,0,Low Threat
IOT_DEV_050601,0.0002293033536394956,0,Low Threat
IOT_DEV_029167,7.69924551403896e-05,0,Low Threat
IOT_DEV_032279,9.656222249382848e-05,0,Low Threat
IOT_DEV_012270,0.0003678876356458888,0,Low Threat
IOT_DEV_070017,0.00046248097000936187,0,Low Threat
IOT_DEV_017052,0.00020050306015781746,0,Low Threat
IOT_DEV_059652,0.00016218770221925632,0,Low Threat
IOT_DEV_056075,0.0002817334579824617,0,Low Threat
IOT_DEV_037446,0.0005907822533189848,0,Low Threat
IOT_DEV_064263,2.5435767229938892e-05,0,Low Threat
IOT_DEV_002914,0.00020951528636362855,0,Low Threat
IOT_DEV_047330,0.0001330129017772223,0,Low Threat
IOT_DEV_076267,6.156131311329387e-05,0,Low Threat
IOT_DEV_009404,0.0002787108921119652,0,Low Threat
IOT_DEV_035442,7.749600571938123e-05,0,Low Threat
IOT_DEV_057671,0.00012772540756736256,0,Low Threat
IOT_DEV_029396,9.905465705699625e-05,0,Low Threat
IOT_DEV_057433,6.89984611360174e-05,0,Low Threat
IOT_DEV_039201,9.993221710992896e-05,0,Low Threat
IOT_DEV_014024,0.0004249189263341802,0,Low Threat
IOT_DEV_049541,0.0001903159272153491,0,Low Threat
IOT_DEV_034879,0.00017596948207083136,0,Low Threat
IOT_DEV_064393,6.803928489851719e-05,0,Low Threat
IOT_DEV_001530,0.0003280077717656961,0,Low Threat
IOT_DEV_078022,0.0002732832686645585,0,Low Threat
IOT_DEV_031079,0.00019993718598421356,0,Low Threat
IOT_DEV_030530,8.330982690652001e-05,0,Low Threat
IOT_DEV_019598,0.0007489073232733983,0,Low Threat
IOT_DEV_060237,0.00030206790064844915,0,Low Threat
IOT_DEV_026553,0.000507637109816695,0,Low Threat
IOT_DEV_004080,0.00023375009673468693,0,Low Threat
IOT_DEV_043440,0.00018821316128651424,0,Low Threat
IOT_DEV_005565,0.00034823560041086877,0,Low Threat
IOT_DEV_062182,0.00010981424579435299,0,Low Threat
IOT_DEV_002606,0.0005333733110254552,0,Low Threat
IOT_DEV_038143,0.00015543051366046594,0,Low Threat
IOT_DEV_027629,0.00012907700116594872,0,Low Threat
IOT_DEV_071091,0.00014362831203688223,0,Low Threat
IOT_DEV_068116,0.00012476076235652352,0,Low Threat
IOT_DEV_014403,8.458105282726438e-05,0,Low Threat
IOT_DEV_065325,0.0003101897435446799,0,Low Threat
IOT_DEV_079910,0.0003640507790254015,0,Low Threat
IOT_DEV_063827,0.00029789771267038623,0,Low Threat
IOT_DEV_079434,0.999297191254365,1,High Threat
IOT_DEV_009339,0.00018014701750455347,0,Low Threat
IOT_DEV_068430,9.457715094943694e-05,0,Low Threat
IOT_DEV_021732,0.00012569649987809534,0,Low Threat
IOT_DEV_036962,8.780239977755553e-05,0,Low Threat
IOT_DEV_040085,4.9106165871093235e-05,0,Low Threat
IOT_DEV_010575,0.0001364573746869236,0,Low Threat
IOT_DEV_022231,0.00028183676217440935,0,Low Threat
IOT_DEV_017241,0.00016153534125013812,0,Low Threat
IOT_DEV_034430,0.0005072159010629137,0,Low Threat
IOT_DEV_059349,0.00014422544957640147,0,Low Threat
IOT_DEV_014967,0.0005611188986532118,0,Low Threat
IOT_DEV_061068,0.00015063560630677487,0,Low Threat
IOT_DEV_002503,0.0001952342699528369,0,Low Threat
IOT_DEV_015258,9.727247936521063e-05,0,Low Threat
IOT_DEV_061092,0.0007468885938702313,0,Low Threat
IOT_DEV_025470,0.00010309573064172091,0,Low Threat
IOT_DEV_020570,0.00021528098263335756,0,Low Threat
IOT_DEV_056823,1.8738569741283878e-05,0,Low Threat
IOT_DEV_027156,0.00020056470879954916,0,Low Threat
IOT_DEV_009725,0.0005269325261416456,0,Low Threat
IOT_DEV_051251,0.000543726897154912,0,Low Threat
IOT_DEV_028076,0.00012278284324157343,0,Low Threat
IOT_DEV_061091,6.355542244617447e-05,0,Low Threat
IOT_DEV_029625,4.3738632578193915e-05,0,Low Threat
IOT_DEV_056304,0.00020396130168151466,0,Low Threat
IOT_DEV_069392,0.0007006121556107802,0,Low Threat
IOT_DEV_028099,0.00013672838611027797,0,Low Threat
IOT_DEV_042821,0.00011284441110833003,0,Low Threat
IOT_DEV_066970,0.00016064048119434094,0,Low Threat
IOT_DEV_043107,0.00010087238459150607,0,Low Threat
IOT_DEV_051756,0.00022109384856640327,0,Low Threat
IOT_DEV_062430,0.0004984276355043968,0,Low Threat
IOT_DEV_041813,0.00010848147537730526,0,Low Threat
IOT_DEV_063692,0.0005200131441213667,0,Low Threat
IOT_DEV_054358,0.00017789876959583612,0,Low Threat
IOT_DEV_020145,0.00011383623242785342,0,Low Threat
IOT_DEV_046615,0.00022622498637584246,0,Low Threat
IOT_DEV_060982,0.00031880260379226394,0,Low Threat
IOT_DEV_018830,8.593459936973677e-05,0,Low Threat
IOT_DEV_020500,0.0001630181980092036,0,Low Threat
IOT_DEV_025692,0.00029799997930692404,0,Low Threat
IOT_DEV_056465,0.00010140960517137673,0,Low Threat
IOT_DEV_052229,0.00036386991377802044,0,Low Threat
IOT_DEV_070128,0.00026010490898705505,0,Low Threat
IOT_DEV_047748,0.0002049254654437127,0,Low Threat
IOT_DEV_053692,0.0002469344485559485,0,Low Threat
IOT_DEV_071068,0.0002793063804473187,0,Low Threat
IOT_DEV_077775,0.0005733578030958615,0,Low Threat
IOT_DEV_076429,0.0001142410771144615,0,Low Threat
IOT_DEV_018608,8.075789538814737e-05,0,Low Threat
IOT_DEV_029336,6.026420226185792e-05,0,Low Threat
IOT_DEV_057295,0.000202182878289867,0,Low Threat
IOT_DEV_035165,3.864734448450601e-05,0,Low Threat
IOT_DEV_060043,0.00038373621447878984,0,Low Threat
IOT_DEV_040177,0.9973939494631449,1,High Threat
IOT_DEV_040779,0.9793423711357632,1,High Threat
IOT_DEV_008773,0.00033555322588209194,0,Low Threat
IOT_DEV_049790,0.0003745054022031867,0,Low Threat
IOT_DEV_041790,0.00019980391177893162,0,Low Threat
IOT_DEV_067321,0.0001425578024229886,0,Low Threat
IOT_DEV_069759,8.840859072357556e-05,0,Low Threat
IOT_DEV_079390,0.00028951970115946037,0,Low Threat
IOT_DEV_056900,0.0001222005052428859,0,Low Threat
IOT_DEV_072657,0.00012198355735262656,0,Low Threat
IOT_DEV_012311,0.0002293551612028521,0,Low Threat
IOT_DEV_060166,7.843744987758532e-05,0,Low Threat
IOT_DEV_039156,6.717542551411069e-05,0,Low Threat
IOT_DEV_053676,0.00023940028570536027,0,Low Threat
IOT_DEV_003404,0.00010121196197690814,0,Low Threat
IOT_DEV_014255,4.904011228602457e-05,0,Low Threat
IOT_DEV_011669,0.00014694374754573085,0,Low Threat
IOT_DEV_045428,0.00037070965187555586,0,Low Threat
IOT_DEV_065502,0.0002040699647357689,0,Low Threat
IOT_DEV_074036,0.00013180568589840242,0,Low Threat
IOT_DEV_034492,0.0006121343085128953,0,Low Threat
IOT_DEV_008182,9.039692685613348e-05,0,Low Threat
IOT_DEV_017371,0.00010194159580387158,0,Low Threat
IOT_DEV_035190,8.977169802437072e-05,0,Low Threat
IOT_DEV_018699,0.00018949648169292992,0,Low Threat
IOT_DEV_073675,0.00012397461459539517,0,Low Threat
IOT_DEV_019355,0.0003925177274281838,0,Low Threat
IOT_DEV_023038,5.038160925288046e-05,0,Low Threat
IOT_DEV_060716,0.00014990620487150854,0,Low Threat
IOT_DEV_062576,0.0002439865307260472,0,Low Threat
IOT_DEV_044205,0.00012481735278695765,0,Low Threat
IOT_DEV_061346,0.00023950536773644773,0,Low Threat
IOT_DEV_027754,5.107518173765666e-05,0,Low Threat
IOT_DEV_070352,0.9999993974578911,1,High Threat
IOT_DEV_076826,0.00037750578405061776,0,Low Threat
IOT_DEV_078620,0.00015766644425185535,0,Low Threat
IOT_DEV_042621,0.00014037841441560424,0,Low Threat
IOT_DEV_027873,9.068926256568157e-05,0,Low Threat
IOT_DEV_040368,0.00014562018611374034,0,Low Threat
IOT_DEV_031339,0.00017312758320630294,0,Low Threat
IOT_DEV_013153,0.0007919660456221494,0,Low Threat
IOT_DEV_068886,9.201258977830983e-05,0,Low Threat
IOT_DEV_024500,6.859456686897598e-05,0,Low Threat
IOT_DEV_051403,0.0001637242887298239,0,Low Threat
IOT_DEV_040475,0.0006148777446763305,0,Low Threat
IOT_DEV_075151,0.0003741742265135616,0,Low Threat
IOT_DEV_008318,0.0003775458846233314,0,Low Threat
IOT_DEV_068853,0.00035019996226477837,0,Low Threat
IOT_DEV_048335,0.0002757136620227114,0,Low Threat
IOT_DEV_053559,1.776307438677729e-05,0,Low Threat
IOT_DEV_059514,0.0001504759806753767,0,Low Threat
IOT_DEV_048816,0.0011275580440857193,0,Low Threat
IOT_DEV_021880,0.00014366332596227408,0,Low Threat
IOT_DEV_067678,0.00011905551460928202,0,Low Threat
IOT_DEV_000279,0.00035438046500560906,0,Low Threat
IOT_DEV_026822,9.580171535885258e-05,0,Low Threat
IOT_DEV_035432,0.00017028371521051472,0,Low Threat
IOT_DEV_053560,0.00014347952785454354,0,Low Threat
IOT_DEV_045217,0.0001345351407497887,0,Low Threat
IOT_DEV_041848,0.000328962309584734,0,Low Threat
IOT_DEV_060148,0.0002371842595233827,0,Low Threat
IOT_DEV_021910,0.00018272284649558672,0,Low Threat
IOT_DEV_037533,8.635301609693974e-05,0,Low Threat
IOT_DEV_017715,0.0001282941456459664,0,Low Threat
IOT_DEV_027481,5.517881259315445e-05,0,Low Threat
IOT_DEV_035971,3.632060438647075e-05,0,Low Threat
IOT_DEV_029706,5.614932917429888e-05,0,Low Threat
IOT_DEV_046461,0.0009566107163046065,0,Low Threat
IOT_DEV_048670,6.904005999608014e-05,0,Low Threat
IOT_DEV_026349,4.6761158869627016e-05,0,Low Threat
IOT_DEV_056695,0.00010041324136810793,0,Low Threat
IOT_DEV_076300,0.0004556147882462974,0,Low Threat
IOT_DEV_070892,0.00022030151887858333,0,Low Threat
IOT_DEV_077551,6.582221689057616e-05,0,Low Threat
IOT_DEV_050405,6.751341677296827e-05,0,Low Threat
IOT_DEV_056199,6.000895384558667e-05,0,Low Threat
IOT_DEV_062380,6.364576629730949e-05,0,Low Threat
IOT_DEV_030138,3.4924686902568076e-05,0,Low Threat
IOT_DEV_007109,0.0002606491221207383,0,Low Threat
IOT_DEV_046495,0.9793380265685936,1,High Threat
IOT_DEV_006793,5.359006182167416e-05,0,Low Threat
IOT_DEV_034383,0.00018486672664638824,0,Low Threat
IOT_DEV_035177,0.0002822696629736438,0,Low Threat
IOT_DEV_007432,0.0003498013818236922,0,Low Threat
IOT_DEV_012401,0.00017534180349764404,0,Low Threat
IOT_DEV_077524,0.0002894335759179999,0,Low Threat
IOT_DEV_020068,0.00015750196645409874,0,Low Threat
IOT_DEV_073443,0.000161729110558335,0,Low Threat
IOT_DEV_051742,0.0003935678472323395,0,Low Threat
IOT_DEV_016175,0.00018125878372553673,0,Low Threat
IOT_DEV_010674,0.0005248928957560122,0,Low Threat
IOT_DEV_020276,2.2348102955869545e-05,0,Low Threat
IOT_DEV_026228,8.413455062195911e-05,0,Low Threat
IOT_DEV_047348,0.0009375770774362834,0,Low Threat
IOT_DEV_003037,0.00017394360739989584,0,Low Threat
IOT_DEV_041019,0.00028335792000552427,0,Low Threat
IOT_DEV_040251,0.0005781833655348461,0,Low Threat
IOT_DEV_026091,0.00012066762229755481,0,Low Threat
IOT_DEV_025606,0.0003050047543552234,0,Low Threat
IOT_DEV_074909,0.0003009942127254466,0,Low Threat
IOT_DEV_063711,0.000389627148420887,0,Low Threat
IOT_DEV_011931,3.2770307911894644e-05,0,Low Threat
IOT_DEV_013610,0.00024101678379531425,0,Low Threat
IOT_DEV_070842,0.000129533656614541,0,Low Threat
IOT_DEV_067326,0.00026334914027409856,0,Low Threat
IOT_DEV_059763,0.0001453552930776973,0,Low Threat
IOT_DEV_002955,0.0005527972653238464,0,Low Threat
IOT_DEV_034439,5.0253567524663726e-05,0,Low Threat
IOT_DEV_050040,0.0001656168968076204,0,Low Threat
IOT_DEV_050053,8.754722789498932e-05,0,Low Threat
IOT_DEV_048756,0.0001445526956540384,0,Low Threat
IOT_DEV_035684,0.0002815899756543854,0,Low Threat
IOT_DEV_063562,0.00037793156369960265,0,Low Threat
IOT_DEV_077016,0.0015726798528921122,0,Low Threat
IOT_DEV_067961,5.532106025859815e-05,0,Low Threat
IOT_DEV_021528,0.00023197961063735649,0,Low Threat
IOT_DEV_049839,0.0007308365154145971,0,Low Threat
IOT_DEV_045670,9.670795636908677e-05,0,Low Threat
IOT_DEV_058045,0.00030844712110931637,0,Low Threat
IOT_DEV_020976,8.185569481157619e-05,0,Low Threat
IOT_DEV_056340,7.982864113884725e-05,0,Low Threat
IOT_DEV_026102,0.00016203274723490454,0,Low Threat
IOT_DEV_039088,0.0005911264374694828,0,Low Threat
IOT_DEV_062835,0.00048167313894852446,0,Low Threat
IOT_DEV_076669,0.00014697474926536117,0,Low Threat
IOT_DEV_019549,3.1878084990003366e-05,0,Low Threat
IOT_DEV_062010,7.219196624352984e-05,0,Low Threat
IOT_DEV_023331,0.00020308465091235084,0,Low Threat
IOT_DEV_043768,9.272208260950458e-05,0,Low Threat
IOT_DEV_030450,0.00014199693935203108,0,Low Threat
IOT_DEV_016277,0.00019219035494079048,0,Low Threat
IOT_DEV_065313,0.00028669820633489703,0,Low Threat
IOT_DEV_004249,0.00012801039261778522,0,Low Threat
IOT_DEV_041083,0.0001530183901856318,0,Low Threat
IOT_DEV_074608,9.237892370840548e-05,0,Low Threat
IOT_DEV_002969,8.443001959264457e-05,0,Low Threat
IOT_DEV_038176,0.00034111286217464306,0,Low Threat
IOT_DEV_055180,8.6876409528723e-05,0,Low Threat
IOT_DEV_052064,4.055821461423321e-05,0,Low Threat
IOT_DEV_075580,0.00032760912053894425,0,Low Threat
IOT_DEV_021686,0.00016651698729191184,0,Low Threat
IOT_DEV_056030,0.0001446195804763018,0,Low Threat
IOT_DEV_060457,0.00014319125027106088,0,Low Threat
IOT_DEV_076750,0.00010774377950717496,0,Low Threat
IOT_DEV_010849,0.00012022470166196671,0,Low Threat
IOT_DEV_000324,0.0001745353914089798,0,Low Threat
IOT_DEV_018776,0.0001957912978893077,0,Low Threat
IOT_DEV_046458,0.0002755941165307597,0,Low Threat
IOT_DEV_038954,4.324015986936593e-05,0,Low Threat
IOT_DEV_003133,4.7927170675442363e-05,0,Low Threat
IOT_DEV_058682,0.00023005621105848538,0,Low Threat
IOT_DEV_006758,0.00012514260690745443,0,Low Threat
IOT_DEV_035839,0.0005193431166073614,0,Low Threat
IOT_DEV_018025,0.00016163467540333986,0,Low Threat
IOT_DEV_072775,0.0003803829107827564,0,Low Threat
IOT_DEV_061474,0.0003482457797811819,0,Low Threat
IOT_DEV_008247,7.024834660135806e-05,0,Low Threat
IOT_DEV_007118,0.00044287341175907035,0,Low Threat
IOT_DEV_077920,0.0002515427795110767,0,Low Threat
IOT_DEV_018148,0.0008536063663909528,0,Low Threat
IOT_DEV_020580,7.01729079144852e-05,0,Low Threat
IOT_DEV_020808,5.5461907459664876e-05,0,Low Threat
IOT_DEV_055136,0.00027808812545379173,0,Low Threat
IOT_DEV_078817,6.991089956404894e-05,0,Low Threat
IOT_DEV_015679,0.00016977874545307065,0,Low Threat
IOT_DEV_013822,0.00017767997250545153,0,Low Threat
IOT_DEV_068444,0.00013765934269144588,0,Low Threat
IOT_DEV_017550,0.0001067972797642316,0,Low Threat
IOT_DEV_025246,0.0004049444224072209,0,Low Threat
IOT_DEV_011752,0.00030302930055991237,0,Low Threat
IOT_DEV_035480,7.463056006643875e-05,0,Low Threat
IOT_DEV_046025,0.00017524268476336183,0,Low Threat
IOT_DEV_041321,0.00010259007505592871,0,Low Threat
IOT_DEV_056667,0.00019221858874622348,0,Low Threat
IOT_DEV_063101,8.769206070116869e-05,0,Low Threat
IOT_DEV_062169,0.0003183768189668244,0,Low Threat
IOT_DEV_006649,7.418528658189498e-05,0,Low Threat
IOT_DEV_037991,0.00025328539978048813,0,Low Threat
IOT_DEV_014193,0.00013308010101879732,0,Low Threat
IOT_DEV_022380,8.26475256861604e-05,0,Low Threat
IOT_DEV_000314,0.0004171186881079645,0,Low Threat
IOT_DEV_066222,0.00037075251089734067,0,Low Threat
IOT_DEV_012808,0.00022788048246022647,0,Low Threat
IOT_DEV_038900,0.00034820709674464865,0,Low Threat
IOT_DEV_070384,0.00012957629264232656,0,Low Threat
IOT_DEV_007845,0.000219078396938903,0,Low Threat
IOT_DEV_026972,9.893008284109523e-05,0,Low Threat
IOT_DEV_021290,0.00037042656495517843,0,Low Threat
IOT_DEV_067044,0.0005883503339754266,0,Low Threat
IOT_DEV_016972,8.444314165417509e-05,0,Low Threat
IOT_DEV_000980,7.305299805565626e-05,0,Low Threat
IOT_DEV_021745,0.00130746051762922,0,Low Threat
IOT_DEV_061943,0.0002159019859367042,0,Low Threat
IOT_DEV_073089,0.9999261453609958,1,High Threat
IOT_DEV_074078,0.00020972491781621997,0,Low Threat
IOT_DEV_018576,0.0003206451637852318,0,Low Threat
IOT_DEV_045754,0.0001112958737004621,0,Low Threat
IOT_DEV_000380,0.00012120401104182345,0,Low Threat
IOT_DEV_067250,0.00019261876707619922,0,Low Threat
IOT_DEV_000663,0.00032469929433032505,0,Low Threat
IOT_DEV_070082,0.0010377230701240398,0,Low Threat
IOT_DEV_071922,0.00022808456344924015,0,Low Threat
IOT_DEV_077110,5.485317109099317e-05,0,Low Threat
IOT_DEV_067231,0.0002837997310306925,0,Low Threat
IOT_DEV_021364,3.704484611506486e-05,0,Low Threat
IOT_DEV_039803,0.00016833401316723243,0,Low Threat
IOT_DEV_009207,4.99609733673102e-05,0,Low Threat
IOT_DEV_013739,0.00010162473598872533,0,Low Threat
IOT_DEV_046819,0.00011825291813923798,0,Low Threat
IOT_DEV_074373,5.116377522163852e-05,0,Low Threat
IOT_DEV_005325,0.0002502788739491008,0,Low Threat
IOT_DEV_058504,8.925312993463924e-05,0,Low Threat
IOT_DEV_036609,0.00019787748611499833,0,Low Threat
IOT_DEV_072718,8.476713386292373e-05,0,Low Threat
IOT_DEV_023152,0.00010357152382662483,0,Low Threat
IOT_DEV_030953,8.271502573251782e-05,0,Low Threat
IOT_DEV_055282,0.00020197606498064427,0,Low Threat
IOT_DEV_015441,0.00020882060357450165,0,Low Threat
IOT_DEV_034167,0.00011295150956883362,0,Low Threat
IOT_DEV_010956,0.0001324398236306725,0,Low Threat
IOT_DEV_000348,0.00022161501663941962,0,Low Threat
IOT_DEV_015295,0.00015588030142507387,0,Low Threat
IOT_DEV_019385,0.00027264041730024974,0,Low Threat
IOT_DEV_061377,4.466261892578444e-05,0,Low Threat
IOT_DEV_024041,6.520639214812864e-05,0,Low Threat
IOT_DEV_060557,0.0004211058851672339,0,Low Threat
IOT_DEV_068977,0.0001368368974755414,0,Low Threat
IOT_DEV_025211,7.387598610875079e-05,0,Low Threat
IOT_DEV_041596,0.00011566436429040102,0,Low Threat
IOT_DEV_044152,0.00025250053461768195,0,Low Threat
IOT_DEV_065566,3.4611564712676534e-05,0,Low Threat
IOT_DEV_030661,0.0005708607443360958,0,Low Threat
IOT_DEV_064523,8.673556610271152e-05,0,Low Threat
IOT_DEV_016427,0.0008722696927135421,0,Low Threat
IOT_DEV_052633,0.00021910499489445138,0,Low Threat
IOT_DEV_019287,0.0007354345232487856,0,Low Threat
IOT_DEV_047573,0.0005021668724119496,0,Low Threat
IOT_DEV_053613,0.00013940725765100934,0,Low Threat
IOT_DEV_078074,0.0005848273485458018,0,Low Threat
IOT_DEV_062985,4.545962347564818e-05,0,Low Threat
IOT_DEV_063237,6.0979082809913244e-05,0,Low Threat
IOT_DEV_037838,9.75460274692589e-05,0,Low Threat
IOT_DEV_066587,6.447437432613418e-05,0,Low Threat
IOT_DEV_047558,0.0007356771674212428,0,Low Threat
IOT_DEV_048391,0.00038301183526081445,0,Low Threat
IOT_DEV_068238,0.0004404787075870844,0,Low Threat
IOT_DEV_005048,0.00031571638573738416,0,Low Threat
IOT_DEV_028684,8.209695102573304e-05,0,Low Threat
IOT_DEV_061266,0.00029561383395590554,0,Low Threat
IOT_DEV_045283,0.9724033941174847,1,High Threat
IOT_DEV_046396,6.86262987869481e-05,0,Low Threat
IOT_DEV_052905,0.00047409289909447,0,Low Threat
IOT_DEV_079211,7.70377581957855e-05,0,Low Threat
IOT_DEV_018894,0.0004123262620642745,0,Low Threat
IOT_DEV_045574,3.6858358201037176e-05,0,Low Threat
IOT_DEV_051563,0.00016408542198167054,0,Low Threat
IOT_DEV_020035,0.00012542940936386475,0,Low Threat
IOT_DEV_069868,0.0001854278936379981,0,Low Threat
IOT_DEV_016987,0.00010593115081782019,0,Low Threat
IOT_DEV_012144,0.0003446208791898155,0,Low Threat
IOT_DEV_029154,0.0004372511140623698,0,Low Threat
IOT_DEV_076474,0.0003868106080390239,0,Low Threat
IOT_DEV_051271,0.0005516300077538001,0,Low Threat
IOT_DEV_030666,0.00018213441206544335,0,Low Threat
IOT_DEV_002475,5.300955517554794e-05,0,Low Threat
IOT_DEV_024591,0.00015283024726740706,0,Low Threat
IOT_DEV_049645,6.345400253601395e-05,0,Low Threat
IOT_DEV_021767,0.00030557191511461606,0,Low Threat
IOT_DEV_078139,1.6907709136879964e-05,0,Low Threat
IOT_DEV_038783,5.673865200478225e-05,0,Low Threat
IOT_DEV_038815,0.00026369530750269224,0,Low Threat
IOT_DEV_039684,8.925718983935134e-05,0,Low Threat
IOT_DEV_071215,0.00018937536768190492,0,Low Threat
IOT_DEV_024146,0.00015982234336661834,0,Low Threat
IOT_DEV_055524,0.00013698845546185394,0,Low Threat
IOT_DEV_044078,0.0006788236145934145,0,Low Threat
IOT_DEV_010902,0.00012466768334291623,0,Low Threat
IOT_DEV_020083,0.00021749692369472007,0,Low Threat
IOT_DEV_011779,8.133321269411346e-05,0,Low Threat
IOT_DEV_013040,0.00016323469499985663,0,Low Threat
IOT_DEV_009490,8.989744752182314e-05,0,Low Threat
IOT_DEV_035564,0.0003175789343150396,0,Low Threat
IOT_DEV_036058,0.00011539340935263259,0,Low Threat
IOT_DEV_034668,0.00018125965099583937,0,Low Threat
IOT_DEV_064715,9.766401402029224e-05,0,Low Threat
IOT_DEV_000958,0.00016917441804927745,0,Low Threat
IOT_DEV_029353,0.0002159972401196646,0,Low Threat
IOT_DEV_029881,0.000564303746089348,0,Low Threat
IOT_DEV_035640,0.0002439237835813197,0,Low Threat
IOT_DEV_062992,0.0004085904590770113,0,Low Threat
IOT_DEV_042550,0.00015720434507706605,0,Low Threat
IOT_DEV_030234,0.0001113725404760902,0,Low Threat
IOT_DEV_075280,0.00010484903885522055,0,Low Threat
IOT_DEV_074258,3.946853058243107e-05,0,Low Threat
IOT_DEV_055583,0.0002376225707489459,0,Low Threat
IOT_DEV_019633,0.0001882568673470462,0,Low Threat
IOT_DEV_005344,0.00040823371443903867,0,Low Threat
IOT_DEV_004231,6.175399704179845e-05,0,Low Threat
IOT_DEV_024180,0.0002123586101555135,0,Low Threat
IOT_DEV_053468,0.00041155973783693254,0,Low Threat
IOT_DEV_008518,0.0002213571154518984,0,Low Threat
IOT_DEV_040093,0.00041410320260180635,0,Low Threat
IOT_DEV_047291,0.00035831887708606436,0,Low Threat
IOT_DEV_067555,0.0002633978299050187,0,Low Threat
IOT_DEV_001403,8.281472210559885e-05,0,Low Threat
IOT_DEV_008507,0.0006902186344690936,0,Low Threat
IOT_DEV_047487,0.00016518683121408435,0,Low Threat
IOT_DEV_039849,2.6794790051210283e-05,0,Low Threat
IOT_DEV_039364,0.0001325380675253155,0,Low Threat
IOT_DEV_030646,0.000180903832402673,0,Low Threat
IOT_DEV_075913,0.0006578141857600083,0,Low Threat
IOT_DEV_024944,0.0002812380143948646,0,Low Threat
IOT_DEV_022776,0.00029678149383515477,0,Low Threat
IOT_DEV_069304,4.665277948201205e-05,0,Low Threat
IOT_DEV_075797,0.00013073591047676182,0,Low Threat
IOT_DEV_025384,0.00019009915037254766,0,Low Threat
IOT_DEV_040792,0.0001266335878953407,0,Low Threat
IOT_DEV_028714,0.00016952670082910352,0,Low Threat
IOT_DEV_074131,0.00035684481847712417,0,Low Threat
IOT_DEV_036603,6.036177638609224e-05,0,Low Threat
IOT_DEV_062126,0.00010437890475419853,0,Low Threat
IOT_DEV_074052,0.00030566627568208617,0,Low Threat
IOT_DEV_041252,0.0003499186260413302,0,Low Threat
IOT_DEV_013823,0.001040801965145032,0,Low Threat
IOT_DEV_068773,0.00025533218736926516,0,Low Threat
IOT_DEV_033284,0.9995650991654047,1,High Threat
IOT_DEV_059934,0.0007573022031935108,0,Low Threat
IOT_DEV_048202,0.0001404263243457919,0,Low Threat
IOT_DEV_042171,9.151598529300431e-05,0,Low Threat
IOT_DEV_009519,0.00035344513188995737,0,Low Threat
IOT_DEV_073142,0.0002646805767379243,0,Low Threat
IOT_DEV_022911,0.0001452035086550538,0,Low Threat
IOT_DEV_037967,0.00013970440370560013,0,Low Threat
IOT_DEV_027889,0.0001454434181578782,0,Low Threat
IOT_DEV_047877,0.00022327582937743074,0,Low Threat
IOT_DEV_017463,0.00010286327566612793,0,Low Threat
IOT_DEV_057013,0.0004502459087567975,0,Low Threat
IOT_DEV_079580,0.00041567322071679215,0,Low Threat
IOT_DEV_028149,0.00010089458971001345,0,Low Threat
IOT_DEV_053063,0.00016965615010239125,0,Low Threat
IOT_DEV_063924,0.00018930055550207538,0,Low Threat
IOT_DEV_035962,0.00019991753352226904,0,Low Threat
IOT_DEV_003209,0.00018770499467993972,0,Low Threat
IOT_DEV_046055,0.0002027524523996224,0,Low Threat
IOT_DEV_065149,0.00015091165654437393,0,Low Threat
IOT_DEV_021045,8.868621151295727e-05,0,Low Threat
IOT_DEV_038851,0.00019224913426982485,0,Low Threat
IOT_DEV_068284,0.9999798799687317,1,High Threat
IOT_DEV_070677,0.0001637813120117311,0,Low Threat
IOT_DEV_035488,0.0001084252173840338,0,Low Threat
IOT_DEV_014528,5.7133088673100584e-05,0,Low Threat
IOT_DEV_073650,0.0006636059354388416,0,Low Threat
IOT_DEV_077646,6.484201506481927e-05,0,Low Threat
IOT_DEV_079939,0.00032148409849454973,0,Low Threat
IOT_DEV_020062,6.798443531150747e-05,0,Low Threat
IOT_DEV_067588,4.7671444709869486e-05,0,Low Threat
IOT_DEV_067014,8.60718587194718e-05,0,Low Threat
IOT_DEV_038645,0.0002592073655898187,0,Low Threat
IOT_DEV_044738,0.00016842872509788352,0,Low Threat
IOT_DEV_026547,2.475234830766588e-05,0,Low Threat
IOT_DEV_072165,7.156664217781376e-05,0,Low Threat
IOT_DEV_000544,0.00028445883665272347,0,Low Threat
IOT_DEV_079846,0.00022600492135147054,0,Low Threat
IOT_DEV_010239,0.0004752195519738811,0,Low Threat
IOT_DEV_059068,0.00017233311255869846,0,Low Threat
IOT_DEV_026211,0.0005408435805381396,0,Low Threat
IOT_DEV_017782,0.00013159531985173096,0,Low Threat
IOT_DEV_040652,0.00010499959128980637,0,Low Threat
IOT_DEV_017349,0.00012683804553315995,0,Low Threat
IOT_DEV_064238,0.0006939190099765407,0,Low Threat
IOT_DEV_015819,0.00014870850377777717,0,Low Threat
IOT_DEV_070289,0.0001367201336845704,0,Low Threat
IOT_DEV_073350,0.00018071251089947,0,Low Threat
IOT_DEV_029720,0.0001769912787208934,0,Low Threat
IOT_DEV_061881,8.617618382107092e-05,0,Low Threat
IOT_DEV_023115,0.00013021642491372687,0,Low Threat
IOT_DEV_021223,0.9973274974163191,1,High Threat
IOT_DEV_027556,0.000381896237025685,0,Low Threat
IOT_DEV_069016,0.0001421149384966895,0,Low Threat
IOT_DEV_023674,0.0005037850350521505,0,Low Threat
IOT_DEV_033021,0.0002429604588447114,0,Low Threat
IOT_DEV_035618,0.00010703611337203416,0,Low Threat
IOT_DEV_070624,5.8814023751621895e-05,0,Low Threat
IOT_DEV_052402,0.0004098004486985322,0,Low Threat
IOT_DEV_076662,0.0004298047072257286,0,Low Threat
IOT_DEV_064447,0.00019450064464036858,0,Low Threat
IOT_DEV_017514,0.00013596978236522626,0,Low Threat
IOT_DEV_001577,0.0002695311948576953,0,Low Threat
IOT_DEV_061910,0.00012994456719282686,0,Low Threat
IOT_DEV_045919,0.00013224594237669335,0,Low Threat
IOT_DEV_006607,6.370318127967772e-05,0,Low Threat
IOT_DEV_020692,0.000151426471241468,0,Low Threat
IOT_DEV_009799,0.00023058072143543215,0,Low Threat
IOT_DEV_029888,7.531653852686173e-05,0,Low Threat
IOT_DEV_012466,0.0002768517118961143,0,Low Threat
IOT_DEV_060838,5.7104870509194365e-05,0,Low Threat
IOT_DEV_019430,7.34943607507414e-05,0,Low Threat
IOT_DEV_075977,7.623884518549825e-05,0,Low Threat
IOT_DEV_063842,0.00021196201365675167,0,Low Threat
IOT_DEV_032158,0.0001473193184888217,0,Low Threat
IOT_DEV_044680,0.00015695763074866288,0,Low Threat
IOT_DEV_077663,0.0004952087978191761,0,Low Threat
IOT_DEV_027557,9.484299262405394e-05,0,Low Threat
IOT_DEV_026395,0.000237824891607982,0,Low Threat
IOT_DEV_041988,7.994889236645216e-05,0,Low Threat
IOT_DEV_038618,0.00015854246709190117,0,Low Threat
IOT_DEV_000455,0.0003005699987473007,0,Low Threat
IOT_DEV_066712,0.0005554247022898742,0,Low Threat
IOT_DEV_057836,0.0003130641301237277,0,Low Threat
IOT_DEV_066764,0.0004931102469093809,0,Low Threat
IOT_DEV_058060,0.00016892085029232833,0,Low Threat
IOT_DEV_036234,0.0001060768873505496,0,Low Threat
IOT_DEV_010255,0.0006245414000543075,0,Low Threat
IOT_DEV_057144,3.8374520689021687e-05,0,Low Threat
IOT_DEV_015148,0.00042554811554692016,0,Low Threat
IOT_DEV_002450,0.0005105068638429813,0,Low Threat
IOT_DEV_037380,0.00044270948772980284,0,Low Threat
IOT_DEV_077518,9.303135961906751e-05,0,Low Threat
IOT_DEV_037124,5.680857704019807e-05,0,Low Threat
IOT_DEV_072289,0.0003836166228245307,0,Low Threat
IOT_DEV_017861,0.00037059458638849253,0,Low Threat
IOT_DEV_045646,0.0002702003136449244,0,Low Threat
IOT_DEV_072207,0.00014668140299261978,0,Low Threat
IOT_DEV_060399,0.00016686407174668633,0,Low Threat
IOT_DEV_065717,0.0003473281376475574,0,Low Threat
IOT_DEV_008278,0.0001590665785571881,0,Low Threat
IOT_DEV_014316,0.0002842895048155151,0,Low Threat
IOT_DEV_059963,0.00032096765884659893,0,Low Threat
IOT_DEV_054174,0.00010032915723661256,0,Low Threat
IOT_DEV_071845,0.9982195929309086,1,High Threat
IOT_DEV_032440,0.00015540126853292306,0,Low Threat
IOT_DEV_041025,0.0003153755191655212,0,Low Threat
IOT_DEV_019377,0.00019568065873296205,0,Low Threat
IOT_DEV_006940,0.0001370326899954431,0,Low Threat
IOT_DEV_032232,0.00012486185543599557,0,Low Threat
IOT_DEV_063797,0.00036940506127580133,0,Low Threat
IOT_DEV_060197,0.00021027397886586648,0,Low Threat
IOT_DEV_022966,0.0004982629158004859,0,Low Threat
IOT_DEV_055696,0.00023347793175617872,0,Low Threat
IOT_DEV_012663,0.00027544889717268784,0,Low Threat
IOT_DEV_040558,0.00014872079197093095,0,Low Threat
IOT_DEV_020833,0.0002563955818603685,0,Low Threat
IOT_DEV_012332,0.0006477408138567678,0,Low Threat
IOT_DEV_006529,0.00018333326870356126,0,Low Threat
IOT_DEV_015743,0.00010565997021321374,0,Low Threat
IOT_DEV_078539,5.046696449492726e-05,0,Low Threat
IOT_DEV_052867,0.0002710564061051228,0,Low Threat
IOT_DEV_042738,0.00019771915354425528,0,Low Threat
IOT_DEV_009425,0.0010263468062932544,0,Low Threat
IOT_DEV_034260,0.0003844755446242419,0,Low Threat
IOT_DEV_009938,0.00022815315369230471,0,Low Threat
IOT_DEV_015394,0.00036340059565383783,0,Low Threat
IOT_DEV_058010,0.00012382920179222323,0,Low Threat
IOT_DEV_018250,0.0005305100569047568,0,Low Threat
IOT_DEV_065388,0.0002714785903596941,0,Low Threat
IOT_DEV_078341,0.0003386419183909711,0,Low Threat
IOT_DEV_007516,8.035633729287007e-05,0,Low Threat
IOT_DEV_032543,0.0005102243341695327,0,Low Threat
IOT_DEV_050300,0.00011432836965771228,0,Low Threat
IOT_DEV_003715,0.000836198076885871,0,Low Threat
IOT_DEV_005200,0.00026289563936891553,0,Low Threat
IOT_DEV_056990,0.0003863738486958037,0,Low Threat
IOT_DEV_028970,0.000214884271537398,0,Low Threat
IOT_DEV_073285,0.000384070038267782,0,Low Threat
IOT_DEV_074863,0.00010839527608185673,0,Low Threat
IOT_DEV_031495,0.00021809886218278007,0,Low Threat
IOT_DEV_022240,6.389299779382893e-05,0,Low Threat
IOT_DEV_009247,0.00014601322255086542,0,Low Threat
IOT_DEV_060539,0.00018194761735094956,0,Low Threat
IOT_DEV_005474,0.0001272373972565922,0,Low Threat
IOT_DEV_059132,0.00041974533445802254,0,Low Threat
IOT_DEV_002894,0.0002221133168191476,0,Low Threat
IOT_DEV_045357,0.0003337166745099383,0,Low Threat
IOT_DEV_060378,0.0001681264223855246,0,Low Threat
IOT_DEV_009507,4.415102238303235e-05,0,Low Threat
IOT_DEV_026831,0.0003207647163098277,0,Low Threat
IOT_DEV_028519,0.00011112691247591677,0,Low Threat
IOT_DEV_063497,0.00010244015576862982,0,Low Threat
IOT_DEV_034285,6.932391752518783e-05,0,Low Threat
IOT_DEV_037908,0.00010608902098470581,0,Low Threat
IOT_DEV_074237,0.0004743991024097134,0,Low Threat
IOT_DEV_055769,0.00016838143083163613,0,Low Threat
IOT_DEV_033113,0.0003472262906850718,0,Low Threat
IOT_DEV_047885,0.00018439377915232047,0,Low Threat
IOT_DEV_002260,0.0001655645310928767,0,Low Threat
IOT_DEV_035862,7.864988474337513e-05,0,Low Threat
IOT_DEV_061613,0.00031026135445690186,0,Low Threat
IOT_DEV_036392,0.0004069968214054114,0,Low Threat
IOT_DEV_013374,0.0001504663186579879,0,Low Threat
IOT_DEV_074178,0.0001540055259658825,0,Low Threat
IOT_DEV_047125,0.00028923851734909535,0,Low Threat
IOT_DEV_021742,0.0001256552972837409,0,Low Threat
IOT_DEV_053190,0.00046106983715778476,0,Low Threat
IOT_DEV_022393,0.0002604624166693889,0,Low Threat
IOT_DEV_045922,6.867496243264079e-05,0,Low Threat
IOT_DEV_023725,0.00019872494341371935,0,Low Threat
IOT_DEV_025162,0.0007459545525843024,0,Low Threat
IOT_DEV_013179,9.228233784629705e-05,0,Low Threat
IOT_DEV_030464,3.3102164874088445e-05,0,Low Threat
IOT_DEV_003032,0.00029649033347254147,0,Low Threat
IOT_DEV_022683,0.00014961220796584724,0,Low Threat
IOT_DEV_055604,1.5011745588331691e-05,0,Low Threat
IOT_DEV_064532,0.00023231736655769666,0,Low Threat
IOT_DEV_044614,0.00017109321219549366,0,Low Threat
IOT_DEV_001521,0.00020834764244649507,0,Low Threat
IOT_DEV_018296,0.0002390768736268102,0,Low Threat
IOT_DEV_067247,0.00025851587679553176,0,Low Threat
IOT_DEV_031084,0.00022281180253118756,0,Low Threat
IOT_DEV_077838,0.00017492179649652233,0,Low Threat
IOT_DEV_059618,0.0001253454211458067,0,Low Threat
IOT_DEV_064470,0.0003380565133631706,0,Low Threat
IOT_DEV_042412,0.00013677750246554414,0,Low Threat
IOT_DEV_004196,0.0006341225879137086,0,Low Threat
IOT_DEV_063912,0.0002877195764851939,0,Low Threat
IOT_DEV_011839,0.0002861335013521506,0,Low Threat
IOT_DEV_073469,0.00019254513493373828,0,Low Threat
IOT_DEV_008229,7.311926794452306e-05,0,Low Threat
IOT_DEV_031447,0.00011046984470104266,0,Low Threat
IOT_DEV_028863,3.656497325396027e-05,0,Low Threat
IOT_DEV_035760,0.00042558432194641154,0,Low Threat
IOT_DEV_078213,0.0004257374486071249,0,Low Threat
IOT_DEV_005158,0.00012782562171555467,0,Low Threat
IOT_DEV_021871,3.5439118256350585e-05,0,Low Threat
IOT_DEV_048931,0.0002675246559313617,0,Low Threat
IOT_DEV_034510,6.128607008207677e-05,0,Low Threat
IOT_DEV_073402,0.00015485267314941173,0,Low Threat
IOT_DEV_046187,3.206177231286249e-05,0,Low Threat
IOT_DEV_068427,0.0003825360063307996,0,Low Threat
IOT_DEV_017832,0.00047858265856186137,0,Low Threat
IOT_DEV_032565,5.078710106338353e-05,0,Low Threat
IOT_DEV_030827,0.9822037216417777,1,High Threat
IOT_DEV_028297,0.0002945618541485772,0,Low Threat
IOT_DEV_045439,4.8197841847390477e-05,0,Low Threat
IOT_DEV_001802,0.0003079480812294126,0,Low Threat
IOT_DEV_074569,6.513422677890166e-05,0,Low Threat
IOT_DEV_068807,7.415988051184225e-05,0,Low Threat
IOT_DEV_003138,7.93089741546368e-05,0,Low Threat
IOT_DEV_034505,0.0001985043580905225,0,Low Threat
IOT_DEV_025127,0.00015795253286955596,0,Low Threat
IOT_DEV_018519,0.0002666406250744903,0,Low Threat
IOT_DEV_070685,9.543551402072962e-05,0,Low Threat
IOT_DEV_005580,0.0006050271436261969,0,Low Threat
IOT_DEV_055661,0.00010694408020485193,0,Low Threat
IOT_DEV_036516,3.9130981819259655e-05,0,Low Threat
IOT_DEV_068531,0.00011296639835399915,0,Low Threat
IOT_DEV_016914,6.608672809319492e-05,0,Low Threat
IOT_DEV_045140,0.00010045788168479796,0,Low Threat
IOT_DEV_072088,2.3854084511193666e-05,0,Low Threat
IOT_DEV_015941,0.9779994247741961,1,High Threat
IOT_DEV_034982,1.7278746526427243e-05,0,Low Threat
IOT_DEV_056652,0.00017276150068611066,0,Low Threat
IOT_DEV_034193,0.0005836433738455131,0,Low Threat
IOT_DEV_019441,0.00016951051507893504,0,Low Threat
IOT_DEV_054679,0.00012566006326085309,0,Low Threat
IOT_DEV_016380,5.626924146924218e-05,0,Low Threat
IOT_DEV_077765,0.0003274186819182783,0,Low Threat
IOT_DEV_050486,0.00035750928162641793,0,Low Threat
IOT_DEV_040870,0.00026966937869210946,0,Low Threat
IOT_DEV_033862,0.00011094235865746403,0,Low Threat
IOT_DEV_058094,8.158165317918385e-05,0,Low Threat
IOT_DEV_046321,4.026936732633246e-05,0,Low Threat
IOT_DEV_028253,0.0001726671734536363,0,Low Threat
IOT_DEV_026252,0.9999855456703555,1,High Threat
IOT_DEV_031040,0.00022377687333324241,0,Low Threat
IOT_DEV_010686,0.00011081121314561366,0,Low Threat
IOT_DEV_060331,0.00020190311614059076,0,Low Threat
IOT_DEV_055523,5.85637734767242e-05,0,Low Threat
IOT_DEV_028675,6.016091113881836e-05,0,Low Threat
IOT_DEV_008074,0.00010689730938635232,0,Low Threat
IOT_DEV_026127,0.0003187361839895075,0,Low Threat
IOT_DEV_021271,0.0005473112921257461,0,Low Threat
IOT_DEV_027110,0.00017846268676147711,0,Low Threat
IOT_DEV_034368,0.0002699186352354173,0,Low Threat
IOT_DEV_039518,0.00021120916437375147,0,Low Threat
IOT_DEV_014402,0.0006164443729414991,0,Low Threat
IOT_DEV_019958,0.00026812886232398275,0,Low Threat
IOT_DEV_043198,0.0001886785307470265,0,Low Threat
IOT_DEV_008045,0.000291478260307854,0,Low Threat
IOT_DEV_051047,5.6129266584783305e-05,0,Low Threat
IOT_DEV_075848,0.00019767193735809778,0,Low Threat
IOT_DEV_077243,0.00011212689760182734,0,Low Threat
IOT_DEV_048730,6.914923217835693e-05,0,Low Threat
IOT_DEV_067138,6.28511233770432e-05,0,Low Threat
IOT_DEV_035065,0.00012202530505226758,0,Low Threat
IOT_DEV_049216,0.0002898058882231059,0,Low Threat
IOT_DEV_074755,0.0002428642116056431,0,Low Threat
IOT_DEV_003822,5.09483893972698e-05,0,Low Threat
IOT_DEV_061127,0.0004462041753361747,0,Low Threat
IOT_DEV_042896,0.00018364086243610094,0,Low Threat
IOT_DEV_053810,0.0004159077118881217,0,Low Threat
IOT_DEV_025467,0.00012586879301079511,0,Low Threat
IOT_DEV_061812,6.746616992405715e-05,0,Low Threat
IOT_DEV_016163,8.886256954650114e-05,0,Low Threat
IOT_DEV_067189,0.000309960997243405,0,Low Threat
IOT_DEV_034945,0.0007463887072919131,0,Low Threat
IOT_DEV_036341,0.0005510951232464421,0,Low Threat
IOT_DEV_067634,0.0002499278482487034,0,Low Threat
IOT_DEV_016224,8.009429997918343e-05,0,Low Threat
IOT_DEV_041695,0.00014857967467585384,0,Low Threat
IOT_DEV_015751,0.00019304967512804398,0,Low Threat
IOT_DEV_001186,3.0942430593478174e-05,0,Low Threat
IOT_DEV_070031,0.00027578956174118197,0,Low Threat
IOT_DEV_036755,0.00010268823625070752,0,Low Threat
IOT_DEV_012841,2.9185416486836812e-05,0,Low Threat
IOT_DEV_048386,3.8325874103202475e-05,0,Low Threat
IOT_DEV_029245,4.1186966289217696e-05,0,Low Threat
IOT_DEV_063661,0.9984479549930383,1,High Threat
IOT_DEV_056914,9.457733479030462e-05,0,Low Threat
IOT_DEV_078145,0.00016928874277236222,0,Low Threat
IOT_DEV_063996,0.00014321260629420566,0,Low Threat
IOT_DEV_046682,0.00017940540939815553,0,Low Threat
IOT_DEV_037913,8.883807606138964e-05,0,Low Threat
IOT_DEV_020850,0.00010677705114423647,0,Low Threat
IOT_DEV_057356,0.0001473474029615336,0,Low Threat
IOT_DEV_055024,0.00025075279157208335,0,Low Threat
IOT_DEV_079894,0.00010300513098668428,0,Low Threat
IOT_DEV_033966,6.21515076197385e-05,0,Low Threat
IOT_DEV_017081,0.00013660277104941796,0,Low Threat
IOT_DEV_043886,0.00016738943025178442,0,Low Threat
IOT_DEV_071502,8.598479997019165e-05,0,Low Threat
IOT_DEV_000040,0.0001658308518214275,0,Low Threat
IOT_DEV_065824,0.00017673369303649873,0,Low Threat
IOT_DEV_059718,5.991394230885716e-05,0,Low Threat
IOT_DEV_069029,0.00022589224949334924,0,Low Threat
IOT_DEV_045104,0.00018215571292998068,0,Low Threat
IOT_DEV_050579,0.00014508009664645306,0,Low Threat
IOT_DEV_026994,9.74724129769542e-05,0,Low Threat
IOT_DEV_006703,0.00014463769484244945,0,Low Threat
IOT_DEV_065769,0.0002223463797562985,0,Low Threat
IOT_DEV_023852,0.00032264833552094754,0,Low Threat
IOT_DEV_059584,0.00026942712305622724,0,Low Threat
IOT_DEV_046600,0.00014965207103420652,0,Low Threat
IOT_DEV_003215,0.00030623819394167844,0,Low Threat
IOT_DEV_046635,0.00018829224381631634,0,Low Threat
IOT_DEV_036694,6.60123550155258e-05,0,Low Threat
IOT_DEV_064254,0.00024192749912492655,0,Low Threat
IOT_DEV_026846,0.00019325533548265097,0,Low Threat
IOT_DEV_048632,0.00013585671919254954,0,Low Threat
IOT_DEV_067529,0.0002634057928058147,0,Low Threat
IOT_DEV_049374,0.00036226936309872895,0,Low Threat
IOT_DEV_004027,0.0001604867646444165,0,Low Threat
IOT_DEV_027951,0.0002908891265359557,0,Low Threat
IOT_DEV_068080,3.018280912295864e-05,0,Low Threat
IOT_DEV_051428,0.00015795520713168343,0,Low Threat
IOT_DEV_074394,0.00013101438959241512,0,Low Threat
IOT_DEV_005147,4.6317033463505964e-05,0,Low Threat
IOT_DEV_015579,0.0002223655384998778,0,Low Threat
IOT_DEV_078859,4.426156239586531e-05,0,Low Threat
IOT_DEV_074341,0.00044992500798504654,0,Low Threat
IOT_DEV_029272,0.00021828249868166658,0,Low Threat
IOT_DEV_022570,0.00014011785273741718,0,Low Threat
IOT_DEV_068975,0.0009082393938305984,0,Low Threat
IOT_DEV_026626,0.0001009110934188047,0,Low Threat
IOT_DEV_071263,2.7951877115933785e-05,0,Low Threat
IOT_DEV_015398,0.00025334327892388654,0,Low Threat
IOT_DEV_054452,0.00022165033384901898,0,Low Threat
IOT_DEV_061775,0.00013970420221368028,0,Low Threat
IOT_DEV_078553,4.886130085590362e-05,0,Low Threat
IOT_DEV_025788,0.00013211697603091786,0,Low Threat
IOT_DEV_066166,0.00013718069848783117,0,Low Threat
IOT_DEV_058241,9.166819969940514e-05,0,Low Threat
IOT_DEV_069808,0.00047424573488179846,0,Low Threat
IOT_DEV_023842,2.5529803415379142e-05,0,Low Threat
IOT_DEV_038353,2.6158925121267105e-05,0,Low Threat
IOT_DEV_046246,7.161651876423478e-05,0,Low Threat
IOT_DEV_069950,0.00021460740190630515,0,Low Threat
IOT_DEV_027915,0.0002569537588272513,0,Low Threat
IOT_DEV_035858,0.00017781414193580088,0,Low Threat
IOT_DEV_076183,0.00013587262101352518,0,Low Threat
IOT_DEV_078544,0.9999873187130796,1,High Threat
IOT_DEV_055795,0.0001952137727500068,0,Low Threat
IOT_DEV_045513,5.958065026287241e-05,0,Low Threat
IOT_DEV_039244,0.00027159263079883734,0,Low Threat
IOT_DEV_069290,0.9271197255923944,1,High Threat
IOT_DEV_007948,9.70551418224499e-05,0,Low Threat
IOT_DEV_006555,9.429229783942353e-05,0,Low Threat
IOT_DEV_042765,0.0014108408367113031,0,Low Threat
IOT_DEV_043344,0.0001971779320020398,0,Low Threat
IOT_DEV_044204,0.0001552858789844461,0,Low Threat
IOT_DEV_073169,0.0003730491856306546,0,Low Threat
IOT_DEV_006975,0.0002481450318269911,0,Low Threat
IOT_DEV_079932,8.08869978195076e-05,0,Low Threat
IOT_DEV_015876,0.00012782600169497022,0,Low Threat
IOT_DEV_061520,0.00016092549070325718,0,Low Threat
IOT_DEV_042652,3.2210489799035537e-05,0,Low Threat
IOT_DEV_014431,0.00015615304318341536,0,Low Threat
IOT_DEV_037652,7.18223606192452e-05,0,Low Threat
IOT_DEV_023254,0.0006202918581056943,0,Low Threat
IOT_DEV_057179,0.0002626306489070172,0,Low Threat
IOT_DEV_079663,2.60551898573202e-05,0,Low Threat
IOT_DEV_022960,0.00017704620761911394,0,Low Threat
IOT_DEV_034681,5.5768420898178925e-05,0,Low Threat
IOT_DEV_038386,0.0003619597412665251,0,Low Threat
IOT_DEV_013239,8.416049529212184e-05,0,Low Threat
IOT_DEV_050795,6.850327821773701e-05,0,Low Threat
IOT_DEV_045774,0.0002914871493943286,0,Low Threat
IOT_DEV_018476,5.9823998769770725e-05,0,Low Threat
IOT_DEV_036911,0.0004084256925325788,0,Low Threat
IOT_DEV_011374,8.537469954497598e-05,0,Low Threat
IOT_DEV_074495,5.061277666730283e-05,0,Low Threat
IOT_DEV_049088,2.3095693380858977e-05,0,Low Threat
IOT_DEV_060738,0.00011142351159594216,0,Low Threat
IOT_DEV_015293,0.0006159695176902354,0,Low Threat
IOT_DEV_049615,9.178187189651729e-05,0,Low Threat
IOT_DEV_061049,0.00024235580655835082,0,Low Threat
IOT_DEV_024964,9.497088082228381e-05,0,Low Threat
IOT_DEV_068251,9.79221103269338e-05,0,Low Threat
IOT_DEV_071867,0.000551905294077104,0,Low Threat
IOT_DEV_023455,6.640037721188667e-05,0,Low Threat
IOT_DEV_038325,0.00026335371962977485,0,Low Threat
IOT_DEV_045555,0.00024700514634556995,0,Low Threat
IOT_DEV_019981,4.4125417636008765e-05,0,Low Threat
IOT_DEV_079346,0.00025687242888144805,0,Low Threat
IOT_DEV_000921,0.0001234924856843988,0,Low Threat
IOT_DEV_050134,0.00039642054344924223,0,Low Threat
IOT_DEV_019792,9.1898777284536e-05,0,Low Threat
IOT_DEV_026307,0.00033207835417695347,0,Low Threat
IOT_DEV_055833,0.000489070259686464,0,Low Threat
IOT_DEV_045388,0.00011990523354477572,0,Low Threat
IOT_DEV_053513,0.0008256915823219007,0,Low Threat
IOT_DEV_014284,5.8945249638971095e-05,0,Low Threat
IOT_DEV_077355,0.00021649359516429334,0,Low Threat
IOT_DEV_015498,0.00018202853423033563,0,Low Threat
IOT_DEV_019186,0.0002268844389405994,0,Low Threat
IOT_DEV_016672,4.4638019209597036e-05,0,Low Threat
IOT_DEV_068335,0.0003101052294055242,0,Low Threat
IOT_DEV_048452,8.577852334458854e-05,0,Low Threat
IOT_DEV_045198,3.6794644280158135e-05,0,Low Threat
IOT_DEV_058604,6.95734575095771e-05,0,Low Threat
IOT_DEV_030675,0.00011718572762591164,0,Low Threat
IOT_DEV_057228,0.0002227881248591733,0,Low Threat
IOT_DEV_067862,6.949258254923256e-05,0,Low Threat
IOT_DEV_008933,6.347470808725959e-05,0,Low Threat
IOT_DEV_044797,0.00028658439853682945,0,Low Threat
IOT_DEV_019445,4.2601015800951416e-05,0,Low Threat
IOT_DEV_026423,0.0008718494816062109,0,Low Threat
IOT_DEV_003805,0.00019404736319670682,0,Low Threat
IOT_DEV_014792,0.00024396419602623897,0,Low Threat
IOT_DEV_047981,6.761465138020567e-05,0,Low Threat
IOT_DEV_038855,0.0006679050780478004,0,Low Threat
IOT_DEV_032452,0.0004386363437268905,0,Low Threat
IOT_DEV_054066,0.00023049621350176305,0,Low Threat
IOT_DEV_002055,0.00030127730016805135,0,Low Threat
IOT_DEV_060082,0.999991865546804,1,High Threat
IOT_DEV_010122,2.5694946302757703e-05,0,Low Threat
IOT_DEV_005954,4.346874534345705e-05,0,Low Threat
IOT_DEV_042272,0.00021004381327021255,0,Low Threat
IOT_DEV_007428,0.00011905580594247185,0,Low Threat
IOT_DEV_067987,0.00034234315458882205,0,Low Threat
IOT_DEV_031330,7.940556373442076e-05,0,Low Threat
IOT_DEV_053273,0.00017648846368991522,0,Low Threat
IOT_DEV_053890,0.0002099689306506913,0,Low Threat
IOT_DEV_009070,3.049424928810867e-05,0,Low Threat
IOT_DEV_042832,0.00012126201143521757,0,Low Threat
IOT_DEV_073102,1.972372684299525e-05,0,Low Threat
IOT_DEV_069390,6.265910290992641e-05,0,Low Threat
IOT_DEV_037700,0.00034467553061346264,0,Low Threat
IOT_DEV_071742,9.877170802141846e-05,0,Low Threat
IOT_DEV_042434,8.623460013005481e-05,0,Low Threat
IOT_DEV_057018,0.00042667758335600557,0,Low Threat
IOT_DEV_059356,8.311783010401318e-05,0,Low Threat
IOT_DEV_071925,5.765927781896299e-05,0,Low Threat
IOT_DEV_053905,0.00045770599021097564,0,Low Threat
IOT_DEV_017245,5.13528431114164e-05,0,Low Threat
IOT_DEV_011062,4.397913229708438e-05,0,Low Threat
IOT_DEV_004233,0.00023239596787044805,0,Low Threat
IOT_DEV_013184,8.583079874182588e-05,0,Low Threat
IOT_DEV_013956,0.00016381281870494623,0,Low Threat
IOT_DEV_061506,0.00010234643780017632,0,Low Threat
IOT_DEV_030418,0.0003532929177960737,0,Low Threat
IOT_DEV_034954,0.00016778642888271462,0,Low Threat
IOT_DEV_045374,0.0004254351388743098,0,Low Threat
IOT_DEV_054793,0.00015199550456167747,0,Low Threat
IOT_DEV_076557,0.0001304249208765425,0,Low Threat
IOT_DEV_030391,0.0004001575997074046,0,Low Threat
IOT_DEV_043888,0.00019832285772322262,0,Low Threat
IOT_DEV_040745,4.7573037483836435e-05,0,Low Threat
IOT_DEV_029665,0.00104055631786482,0,Low Threat
IOT_DEV_036087,4.307556914100436e-05,0,Low Threat
IOT_DEV_052232,0.00027214886999717684,0,Low Threat
IOT_DEV_028882,9.398928418018856e-05,0,Low Threat
IOT_DEV_071688,6.110070308521453e-05,0,Low Threat
IOT_DEV_024104,0.00017579906737432688,0,Low Threat
IOT_DEV_003716,0.0006455935082413098,0,Low Threat
IOT_DEV_076502,0.00014339794668257114,0,Low Threat
IOT_DEV_073340,0.000275030764641761,0,Low Threat
IOT_DEV_071902,8.543217154296952e-05,0,Low Threat
IOT_DEV_004422,0.00027833131208407103,0,Low Threat
IOT_DEV_034317,0.00021735793750999455,0,Low Threat
IOT_DEV_003564,7.71832432085099e-05,0,Low Threat
IOT_DEV_000254,9.554444661841324e-05,0,Low Threat
IOT_DEV_010950,0.000130146500107737,0,Low Threat
IOT_DEV_039562,5.582275863641743e-05,0,Low Threat
IOT_DEV_071677,5.700406668755396e-05,0,Low Threat
IOT_DEV_041201,0.0001941117070799654,0,Low Threat
IOT_DEV_001967,5.8121612244223094e-05,0,Low Threat
IOT_DEV_019422,8.974431428630643e-05,0,Low Threat
IOT_DEV_065792,2.342499041375985e-05,0,Low Threat
IOT_DEV_023699,0.00010447168623499317,0,Low Threat
IOT_DEV_065970,0.0002010656325751451,0,Low Threat
IOT_DEV_038989,0.00016768084642900408,0,Low Threat
IOT_DEV_046774,0.0003592395584146473,0,Low Threat
IOT_DEV_069748,0.0001830200412992343,0,Low Threat
IOT_DEV_008043,5.1601932772167526e-05,0,Low Threat
IOT_DEV_042699,0.00014326324745334284,0,Low Threat
IOT_DEV_021083,0.00014137859958241768,0,Low Threat
IOT_DEV_015316,0.0006174394512932382,0,Low Threat
IOT_DEV_046202,0.0001783047707944401,0,Low Threat
IOT_DEV_033715,0.00018611029407991452,0,Low Threat
IOT_DEV_078854,7.562948419097389e-05,0,Low Threat
IOT_DEV_024507,1.648884179674247e-05,0,Low Threat
IOT_DEV_020295,8.150838513295354e-05,0,Low Threat
IOT_DEV_048560,0.0002501540598782213,0,Low Threat
IOT_DEV_069953,0.000334269799554534,0,Low Threat
IOT_DEV_047228,0.00011658323288175012,0,Low Threat
IOT_DEV_002133,9.406298011847833e-05,0,Low Threat
IOT_DEV_053480,0.0002627792360110319,0,Low Threat
IOT_DEV_022883,0.9988895836844118,1,High Threat
IOT_DEV_001812,0.00015732460363492796,0,Low Threat
IOT_DEV_031406,0.0011256051948168371,0,Low Threat
IOT_DEV_042264,0.0003270225507101358,0,Low Threat
IOT_DEV_072061,0.00012281691707055194,0,Low Threat
IOT_DEV_051908,0.0004015712823193823,0,Low Threat
IOT_DEV_054933,7.250945980285515e-05,0,Low Threat
IOT_DEV_020538,0.00042208770563541433,0,Low Threat
IOT_DEV_027017,5.5214536217818666e-05,0,Low Threat
IOT_DEV_070528,0.0001425537956777995,0,Low Threat
IOT_DEV_041860,3.725530874790775e-05,0,Low Threat
IOT_DEV_077340,0.00016329254987350659,0,Low Threat
IOT_DEV_073417,0.0004804816818286804,0,Low Threat
IOT_DEV_076227,0.0004403735044973651,0,Low Threat
IOT_DEV_032068,0.00024257870660622456,0,Low Threat
IOT_DEV_038408,6.670788129794397e-05,0,Low Threat
IOT_DEV_014812,0.00031398293180673835,0,Low Threat
IOT_DEV_030800,0.0001630446159729476,0,Low Threat
IOT_DEV_053589,0.00018225545780265699,0,Low Threat
IOT_DEV_068459,5.1664588910860336e-05,0,Low Threat
IOT_DEV_041581,0.0003278105478198057,0,Low Threat
IOT_DEV_010146,0.00011626368214723267,0,Low Threat
IOT_DEV_079347,8.212043289660308e-05,0,Low Threat
IOT_DEV_077970,0.00015381191944059447,0,Low Threat
IOT_DEV_034142,0.00020155474678241277,0,Low Threat
IOT_DEV_036654,0.0007049416117154543,0,Low Threat
IOT_DEV_059611,0.0002518135644362067,0,Low Threat
IOT_DEV_010661,0.0001123406538502933,0,Low Threat
IOT_DEV_019286,7.225641637344215e-05,0,Low Threat
IOT_DEV_043917,0.0003294890940201127,0,Low Threat
IOT_DEV_057186,0.00034023373511942834,0,Low Threat
IOT_DEV_079383,0.000132039746223889,0,Low Threat
IOT_DEV_015426,0.0005011372719157153,0,Low Threat
IOT_DEV_054100,0.0004042449818075446,0,Low Threat
IOT_DEV_022388,9.363990874862057e-05,0,Low Threat
IOT_DEV_035835,0.000205783879719108,0,Low Threat
IOT_DEV_021895,3.917452207990607e-05,0,Low Threat
IOT_DEV_053896,0.00013398376804226911,0,Low Threat
IOT_DEV_062971,5.237738808341864e-05,0,Low Threat
IOT_DEV_059693,0.00017106669809005114,0,Low Threat
IOT_DEV_049150,0.9654364888614796,1,High Threat
IOT_DEV_029418,0.00013837298444572147,0,Low Threat
IOT_DEV_026885,0.00040800146198129405,0,Low Threat
IOT_DEV_078752,0.0003787793164779341,0,Low Threat
IOT_DEV_028501,0.00046986477852058395,0,Low Threat
IOT_DEV_000702,0.0003387726623038575,0,Low Threat
IOT_DEV_006668,5.083692209190911e-05,0,Low Threat
IOT_DEV_033830,7.86706430535045e-05,0,Low Threat
IOT_DEV_065538,0.00010093667394266987,0,Low Threat
IOT_DEV_068153,8.548773780887322e-05,0,Low Threat
IOT_DEV_043663,8.00715912491139e-05,0,Low Threat
IOT_DEV_025800,0.0001624049960770368,0,Low Threat
IOT_DEV_044995,0.9979041638675163,1,High Threat
IOT_DEV_002377,0.0005255960483670027,0,Low Threat
IOT_DEV_053105,6.428121117301902e-05,0,Low Threat
IOT_DEV_001492,0.00034967678542465965,0,Low Threat
IOT_DEV_020866,0.00027890378988799653,0,Low Threat
IOT_DEV_018279,6.330352747175544e-05,0,Low Threat
IOT_DEV_066303,0.00024453072460785545,0,Low Threat
IOT_DEV_012213,0.0006571807931187935,0,Low Threat
IOT_DEV_073513,6.420739894088698e-05,0,Low Threat
IOT_DEV_049868,8.869736148193871e-05,0,Low Threat
IOT_DEV_030082,3.787908679730945e-05,0,Low Threat
IOT_DEV_013095,0.00014203117500097954,0,Low Threat
IOT_DEV_062381,0.00012848535742299996,0,Low Threat
IOT_DEV_078097,0.00021123138711501158,0,Low Threat
IOT_DEV_054571,0.00027353135156339686,0,Low Threat
IOT_DEV_041726,9.892536586128997e-05,0,Low Threat
IOT_DEV_030047,0.00035825610996330386,0,Low Threat
IOT_DEV_005066,0.00015815789234065438,0,Low Threat
IOT_DEV_016064,0.00015716830466194724,0,Low Threat
IOT_DEV_037177,0.0003408848659298357,0,Low Threat
IOT_DEV_068319,6.210415182703432e-05,0,Low Threat
IOT_DEV_012297,7.212836194848241e-05,0,Low Threat
IOT_DEV_009545,0.00019766157729994452,0,Low Threat
IOT_DEV_079192,0.9893046767492182,1,High Threat
IOT_DEV_000963,0.00017882991689107511,0,Low Threat
IOT_DEV_006040,4.6369163217697105e-05,0,Low Threat
IOT_DEV_016659,0.00013065252392452611,0,Low Threat
IOT_DEV_045637,6.363158827624091e-05,0,Low Threat
IOT_DEV_001286,0.00026420244587214964,0,Low Threat
IOT_DEV_031300,0.00039494384198656226,0,Low Threat
IOT_DEV_008172,0.00018197479265212927,0,Low Threat
IOT_DEV_077185,0.00021607379210070662,0,Low Threat
IOT_DEV_010836,0.00012179677172494042,0,Low Threat
IOT_DEV_014624,5.9129886782282096e-05,0,Low Threat
IOT_DEV_000832,0.0007356490227323262,0,Low Threat
IOT_DEV_036937,0.0010232824847430095,0,Low Threat
IOT_DEV_030815,0.00010565580870408482,0,Low Threat
IOT_DEV_025542,0.0003064484839939598,0,Low Threat
IOT_DEV_070037,0.0005568932282229073,0,Low Threat
IOT_DEV_079097,0.0004373421335366964,0,Low Threat
IOT_DEV_018939,0.00011377271461559074,0,Low Threat
IOT_DEV_027007,0.0003647593245539386,0,Low Threat
IOT_DEV_061556,0.00043613410552675224,0,Low Threat
IOT_DEV_005289,4.440940050726337e-05,0,Low Threat
IOT_DEV_010566,0.00011217740242027188,0,Low Threat
IOT_DEV_075359,0.00023292395362868286,0,Low Threat
IOT_DEV_077149,0.0005002059222340617,0,Low Threat
IOT_DEV_046090,0.0001169111291652109,0,Low Threat
IOT_DEV_065780,0.0004633216339780843,0,Low Threat
IOT_DEV_005271,8.77697377050222e-05,0,Low Threat
IOT_DEV_063067,7.800697991371937e-05,0,Low Threat
IOT_DEV_013946,0.0003163428594380025,0,Low Threat
IOT_DEV_001292,0.00015054591393282667,0,Low Threat
IOT_DEV_007325,0.00034983915712964763,0,Low Threat
IOT_DEV_053279,8.507475436576988e-05,0,Low Threat
IOT_DEV_038255,6.705312923323984e-05,0,Low Threat
IOT_DEV_058382,5.824443401484768e-05,0,Low Threat
IOT_DEV_067738,6.402978140884715e-05,0,Low Threat
IOT_DEV_003130,0.00012663056417143076,0,Low Threat
IOT_DEV_038415,0.00030962862585905165,0,Low Threat
IOT_DEV_002649,0.00016319913115259664,0,Low Threat
IOT_DEV_021746,0.00014259821131357527,0,Low Threat
IOT_DEV_024535,6.743885856189558e-05,0,Low Threat
IOT_DEV_047825,0.00010909166709419838,0,Low Threat
IOT_DEV_017018,4.333140423905428e-05,0,Low Threat
IOT_DEV_007159,0.00033629249760283673,0,Low Threat
IOT_DEV_025039,0.00039583891706078855,0,Low Threat
IOT_DEV_040790,6.943323484888334e-05,0,Low Threat
IOT_DEV_061479,0.00025670882595872223,0,Low Threat
IOT_DEV_061469,0.0002718720830692868,0,Low Threat
IOT_DEV_053733,3.6818527378940654e-05,0,Low Threat
IOT_DEV_002189,0.0003635122665609047,0,Low Threat
IOT_DEV_011559,9.014998584114756e-05,0,Low Threat
IOT_DEV_075375,0.0001445108523986028,0,Low Threat
IOT_DEV_058691,0.0003193165844651204,0,Low Threat
IOT_DEV_074312,4.2775724392517436e-05,0,Low Threat
IOT_DEV_003608,5.44761082386035e-05,0,Low Threat
IOT_DEV_047163,0.00041674707269198907,0,Low Threat
IOT_DEV_029772,0.00011940264824975167,0,Low Threat
IOT_DEV_034531,0.00019356403647153347,0,Low Threat
IOT_DEV_057446,0.00017794834104807524,0,Low Threat
IOT_DEV_038125,0.00021641906041900742,0,Low Threat
IOT_DEV_076435,0.0006985982681524568,0,Low Threat
IOT_DEV_073981,0.00019019915704447766,0,Low Threat
IOT_DEV_064894,0.0002744825334091791,0,Low Threat
IOT_DEV_077963,0.00024212471312387002,0,Low Threat
IOT_DEV_079678,8.39239637376383e-05,0,Low Threat
IOT_DEV_006331,0.0004215582488738947,0,Low Threat
IOT_DEV_004780,0.00022393965810194323,0,Low Threat
IOT_DEV_049717,6.89144817641732e-05,0,Low Threat
IOT_DEV_062193,4.76422363274427e-05,0,Low Threat
IOT_DEV_040375,0.00016011200297798032,0,Low Threat
IOT_DEV_059574,0.00018244754279319724,0,Low Threat
IOT_DEV_005955,4.047657742147212e-05,0,Low Threat
IOT_DEV_006017,0.00010468566379872849,0,Low Threat
IOT_DEV_015723,0.00017914354226996083,0,Low Threat
IOT_DEV_074278,8.45576650204528e-05,0,Low Threat
IOT_DEV_003270,0.0006269462103908238,0,Low Threat
IOT_DEV_030357,0.000308841262321414,0,Low Threat
IOT_DEV_072465,0.0004677786217060234,0,Low Threat
IOT_DEV_077579,0.000100785284747058,0,Low Threat
IOT_DEV_044256,0.0001938036002617181,0,Low Threat
IOT_DEV_008345,0.00022944025110204988,0,Low Threat
IOT_DEV_055131,0.00014163386186293785,0,Low Threat
IOT_DEV_026707,6.851311222846084e-05,0,Low Threat
IOT_DEV_012299,0.0001615505136915226,0,Low Threat
IOT_DEV_068022,0.0003323565298542612,0,Low Threat
IOT_DEV_073989,6.0780801516670564e-05,0,Low Threat
IOT_DEV_006068,3.972911415041141e-05,0,Low Threat
IOT_DEV_050875,0.00017765631186883975,0,Low Threat
IOT_DEV_031266,0.00017250027147519656,0,Low Threat
IOT_DEV_019295,9.776376333437915e-05,0,Low Threat
IOT_DEV_028644,0.00012518687884408765,0,Low Threat
IOT_DEV_074213,0.0002159409516249179,0,Low Threat
IOT_DEV_055361,0.0005132344363843848,0,Low Threat
IOT_DEV_042900,0.00011412935312939971,0,Low Threat
IOT_DEV_071616,9.877833000334454e-05,0,Low Threat
IOT_DEV_075864,0.0001611137209896819,0,Low Threat
IOT_DEV_018634,0.00015881286632995055,0,Low Threat
IOT_DEV_015180,5.545728138872536e-05,0,Low Threat
IOT_DEV_059094,0.0003528171164985668,0,Low Threat
IOT_DEV_001390,8.154441639111628e-05,0,Low Threat
IOT_DEV_032664,9.449840552055362e-05,0,Low Threat
IOT_DEV_042376,0.00019995390358425766,0,Low Threat
IOT_DEV_061043,0.0002403022921582381,0,Low Threat
IOT_DEV_037920,0.0002738458730273264,0,Low Threat
IOT_DEV_070995,0.00021723489706371141,0,Low Threat
IOT_DEV_008772,0.0002660245695183247,0,Low Threat
IOT_DEV_009493,8.79098153000197e-05,0,Low Threat
IOT_DEV_004089,5.131745803045107e-05,0,Low Threat
IOT_DEV_066209,0.0003818872708955755,0,Low Threat
IOT_DEV_045731,0.0003067755780557026,0,Low Threat
IOT_DEV_072013,6.136551708127903e-05,0,Low Threat
IOT_DEV_044684,0.0005357207211735093,0,Low Threat
IOT_DEV_036502,7.219823637150698e-05,0,Low Threat
IOT_DEV_068020,0.00011342339280095496,0,Low Threat
IOT_DEV_040957,0.0008107872286853503,0,Low Threat
IOT_DEV_039643,8.577790996432124e-05,0,Low Threat
IOT_DEV_037888,0.00011759837205039986,0,Low Threat
IOT_DEV_043921,0.00015694530144240383,0,Low Threat
IOT_DEV_065957,0.0003271465905713539,0,Low Threat
IOT_DEV_075928,6.042830647085098e-05,0,Low Threat
IOT_DEV_063655,0.00013823657640263027,0,Low Threat
IOT_DEV_052075,0.9997880994466785,1,High Threat
IOT_DEV_071266,5.407317006653055e-05,0,Low Threat
IOT_DEV_032730,0.00014993202821654133,0,Low Threat
IOT_DEV_066115,0.00034338425591966514,0,Low Threat
IOT_DEV_077504,0.00016089550293873825,0,Low Threat
IOT_DEV_015645,0.00013727988662807952,0,Low Threat
IOT_DEV_037914,4.848208407128691e-05,0,Low Threat
IOT_DEV_020459,0.0003836891493347668,0,Low Threat
IOT_DEV_075885,0.0001240146049798204,0,Low Threat
IOT_DEV_031821,7.291658708511727e-05,0,Low Threat
IOT_DEV_040213,8.580539760797623e-05,0,Low Threat
IOT_DEV_022446,0.0003932394982370086,0,Low Threat
IOT_DEV_014118,0.00046064043303482675,0,Low Threat
IOT_DEV_034164,0.00017454375943965793,0,Low Threat
IOT_DEV_071209,5.699927425075124e-05,0,Low Threat
IOT_DEV_072895,7.958507903401912e-05,0,Low Threat
IOT_DEV_013288,0.00047568861088083956,0,Low Threat
IOT_DEV_075619,0.00048658225686379786,0,Low Threat
IOT_DEV_071301,6.674600797300763e-05,0,Low Threat
IOT_DEV_014462,0.999999704957103,1,High Threat
IOT_DEV_014011,0.0004072845879732564,0,Low Threat
IOT_DEV_014453,0.00012708558137759066,0,Low Threat
IOT_DEV_011568,6.503231204621989e-05,0,Low Threat
IOT_DEV_057412,2.4354298985648692e-05,0,Low Threat
IOT_DEV_031442,0.00016105479934088474,0,Low Threat
IOT_DEV_006109,4.858698319528449e-05,0,Low Threat
IOT_DEV_031185,0.0002879065187952719,0,Low Threat
IOT_DEV_043246,0.0005464798996611925,0,Low Threat
IOT_DEV_020239,0.00010875427801378167,0,Low Threat
IOT_DEV_043819,4.2695703944261474e-05,0,Low Threat
IOT_DEV_079949,0.0005580324043485198,0,Low Threat
IOT_DEV_038076,0.00020640273129926586,0,Low Threat
IOT_DEV_029365,0.0002026222147712382,0,Low Threat
IOT_DEV_051492,0.0003083313893555157,0,Low Threat
IOT_DEV_053406,0.0001668561480795564,0,Low Threat
IOT_DEV_000442,9.29229551420799e-05,0,Low Threat
IOT_DEV_062311,0.00024181962749884653,0,Low Threat
IOT_DEV_030818,0.00010443037866102612,0,Low Threat
IOT_DEV_002232,6.772063242070842e-05,0,Low Threat
IOT_DEV_063791,0.00022595440429441357,0,Low Threat
IOT_DEV_028825,0.00020486307427365557,0,Low Threat
IOT_DEV_004680,0.9999168853622458,1,High Threat
IOT_DEV_021921,8.703580858518723e-05,0,Low Threat
IOT_DEV_005103,0.0004301298538062809,0,Low Threat
IOT_DEV_021592,9.295800888384612e-05,0,Low Threat
IOT_DEV_003343,4.43078513739244e-05,0,Low Threat
IOT_DEV_075729,0.000199040247698307,0,Low Threat
IOT_DEV_013297,0.9470770506612141,1,High Threat
IOT_DEV_011994,9.806779173226717e-05,0,Low Threat
IOT_DEV_038322,0.00018555386076438772,0,Low Threat
IOT_DEV_006063,0.0001987391835980663,0,Low Threat
IOT_DEV_023205,0.00012464858115331567,0,Low Threat
IOT_DEV_022566,6.336485680517694e-05,0,Low Threat
IOT_DEV_023638,0.0003594472728352676,0,Low Threat
IOT_DEV_055055,7.461259941102847e-05,0,Low Threat
IOT_DEV_040270,0.0002340431436469362,0,Low Threat
IOT_DEV_030080,6.246292042119412e-05,0,Low Threat
IOT_DEV_074294,0.00041735981903044726,0,Low Threat
IOT_DEV_025621,0.00020599748641203473,0,Low Threat
IOT_DEV_046788,0.0003066107537535778,0,Low Threat
IOT_DEV_038437,0.00019552976674674255,0,Low Threat
IOT_DEV_073947,0.000172755417955846,0,Low Threat
IOT_DEV_041898,0.0005888513258141728,0,Low Threat
IOT_DEV_030394,0.0008262761381018023,0,Low Threat
IOT_DEV_063995,0.00011188813178031767,0,Low Threat
IOT_DEV_064962,0.00013578652228816925,0,Low Threat
IOT_DEV_062334,0.00015747718141525974,0,Low Threat
IOT_DEV_059462,5.0829558942723944e-05,0,Low Threat
IOT_DEV_005634,6.549033462824121e-05,0,Low Threat
IOT_DEV_053328,0.9995007186398139,1,High Threat
IOT_DEV_030311,0.00032965766079406,0,Low Threat
IOT_DEV_014497,0.00018613146073733402,0,Low Threat
IOT_DEV_041504,0.0001123839555108187,0,Low Threat
IOT_DEV_050212,0.00015427334130283776,0,Low Threat
IOT_DEV_051067,0.00018895719969782237,0,Low Threat
IOT_DEV_016235,3.9214460200069256e-05,0,Low Threat
IOT_DEV_041712,0.00010093075139153405,0,Low Threat
IOT_DEV_071501,0.00022951490955139514,0,Low Threat
IOT_DEV_004665,0.0001506506655578413,0,Low Threat
IOT_DEV_046375,9.495554556562085e-05,0,Low Threat
IOT_DEV_051405,0.00017917607955200398,0,Low Threat
IOT_DEV_041747,0.0003641678859256497,0,Low Threat
IOT_DEV_067710,0.00014602115061688312,0,Low Threat
IOT_DEV_071419,0.00017062200049982796,0,Low Threat
IOT_DEV_027976,5.103351357875152e-05,0,Low Threat
IOT_DEV_031143,0.00011317317486103149,0,Low Threat
IOT_DEV_036314,0.00039636810898908287,0,Low Threat
IOT_DEV_050820,0.0002681388437119613,0,Low Threat
IOT_DEV_047435,0.0002038882926386839,0,Low Threat
IOT_DEV_024019,0.00012173936583489929,0,Low Threat
IOT_DEV_079032,6.211554279774983e-05,0,Low Threat
IOT_DEV_070010,0.0001063749129479649,0,Low Threat
IOT_DEV_062526,0.0001367964771964178,0,Low Threat
IOT_DEV_032044,0.00021735181260088178,0,Low Threat
IOT_DEV_045339,0.00019357091317387748,0,Low Threat
IOT_DEV_037357,0.00021283793839632954,0,Low Threat
IOT_DEV_051809,0.00021283374737658567,0,Low Threat
IOT_DEV_006271,0.00029042573623731387,0,Low Threat
IOT_DEV_062658,0.00023338750534477554,0,Low Threat
IOT_DEV_050827,0.00042107538925382126,0,Low Threat
IOT_DEV_017632,0.0001664386472448289,0,Low Threat
IOT_DEV_043600,0.0003781389002095955,0,Low Threat
IOT_DEV_035200,0.0005147186272294878,0,Low Threat
IOT_DEV_005772,0.00037842265012879157,0,Low Threat
IOT_DEV_064291,0.000327233690010361,0,Low Threat
IOT_DEV_029248,0.000187521200962672,0,Low Threat
IOT_DEV_001816,0.00022654792138841396,0,Low Threat
IOT_DEV_020021,0.00014008064270444834,0,Low Threat
IOT_DEV_029759,4.971103697564387e-05,0,Low Threat
IOT_DEV_003800,0.00021909334916152856,0,Low Threat
IOT_DEV_074899,7.990077604679222e-05,0,Low Threat
IOT_DEV_055037,6.0325994670519645e-05,0,Low Threat
IOT_DEV_025109,5.9410247604266695e-05,0,Low Threat
IOT_DEV_028398,0.0005645969613321082,0,Low Threat
IOT_DEV_055036,0.00010392788644125763,0,Low Threat
IOT_DEV_063419,4.2452594958498144e-05,0,Low Threat
IOT_DEV_037799,0.00012037800662502647,0,Low Threat
IOT_DEV_026696,0.00026909864700248295,0,Low Threat
IOT_DEV_069485,0.00018957531464537991,0,Low Threat
IOT_DEV_014730,4.400070294367733e-05,0,Low Threat
IOT_DEV_021390,0.0005294701103440709,0,Low Threat
IOT_DEV_021613,0.0001078108136041063,0,Low Threat
IOT_DEV_052213,5.640951736743267e-05,0,Low Threat
IOT_DEV_051221,5.21508068870078e-05,0,Low Threat
IOT_DEV_006889,0.0007088264704068869,0,Low Threat
IOT_DEV_055057,0.0003093387683961868,0,Low Threat
IOT_DEV_064018,0.0004298944224554888,0,Low Threat
IOT_DEV_014019,0.0003441255768369314,0,Low Threat
IOT_DEV_032650,0.0002652824898102747,0,Low Threat
IOT_DEV_057458,0.00011487358703243439,0,Low Threat
IOT_DEV_032466,0.0001473053299204642,0,Low Threat
IOT_DEV_057977,0.0002489492635063866,0,Low Threat
IOT_DEV_033510,0.0004161947913830749,0,Low Threat
IOT_DEV_047532,0.00019333700036723757,0,Low Threat
IOT_DEV_036002,0.00017935639391917441,0,Low Threat
IOT_DEV_044842,0.0005040658178962687,0,Low Threat
IOT_DEV_059054,0.00024879365079231454,0,Low Threat
IOT_DEV_059666,0.0001824910425887137,0,Low Threat
IOT_DEV_073415,0.00011263602249659107,0,Low Threat
IOT_DEV_031345,8.715746578908087e-05,0,Low Threat
IOT_DEV_050003,9.611222395173266e-05,0,Low Threat
IOT_DEV_038856,0.00023071378632960726,0,Low Threat
IOT_DEV_010844,3.935494122933666e-05,0,Low Threat
IOT_DEV_068076,0.9988129700842533,1,High Threat
IOT_DEV_029307,0.0003000583275566727,0,Low Threat
IOT_DEV_070423,0.00011007837478870349,0,Low Threat
IOT_DEV_051693,0.00013914191102155292,0,Low Threat
IOT_DEV_000582,0.0001283247212770622,0,Low Threat
IOT_DEV_060384,0.00029221591626288975,0,Low Threat
IOT_DEV_015722,0.0004963455477295035,0,Low Threat
IOT_DEV_040692,0.00018286767360216195,0,Low Threat
IOT_DEV_049001,0.0002487145832245613,0,Low Threat
IOT_DEV_068023,0.00043566741941661205,0,Low Threat
IOT_DEV_076724,0.00033920847586722965,0,Low Threat
IOT_DEV_013123,0.00031056284204900026,0,Low Threat
IOT_DEV_017450,4.9119330317466876e-05,0,Low Threat
IOT_DEV_007835,5.1429775386883625e-05,0,Low Threat
IOT_DEV_053265,0.00034899538212202673,0,Low Threat
IOT_DEV_017420,0.0008313173027707252,0,Low Threat
IOT_DEV_041530,0.00015090485941067592,0,Low Threat
IOT_DEV_004569,0.00013296983080615614,0,Low Threat
IOT_DEV_015496,0.00023433450088020555,0,Low Threat
IOT_DEV_051595,0.00024315086839083765,0,Low Threat
IOT_DEV_039262,0.00031659452940610414,0,Low Threat
IOT_DEV_035582,0.00012970465306014724,0,Low Threat
IOT_DEV_014665,5.164613649029957e-05,0,Low Threat
IOT_DEV_051848,0.0004404398589889527,0,Low Threat
IOT_DEV_003260,0.00021590218102981833,0,Low Threat
IOT_DEV_028802,8.652678769134839e-05,0,Low Threat
IOT_DEV_004367,0.00037041945999753716,0,Low Threat
IOT_DEV_004066,2.5117294593297758e-05,0,Low Threat
IOT_DEV_018093,0.0003272202715157367,0,Low Threat
IOT_DEV_000431,0.00013186372251842228,0,Low Threat
IOT_DEV_022804,9.088581063970091e-05,0,Low Threat
IOT_DEV_020209,0.0001910617877794713,0,Low Threat
IOT_DEV_063454,0.00014345564555652822,0,Low Threat
IOT_DEV_008455,0.00019891184747028472,0,Low Threat
IOT_DEV_062394,0.00025983456301193896,0,Low Threat
IOT_DEV_044501,0.00013908651820874858,0,Low Threat
IOT_DEV_076627,0.0001570152358952805,0,Low Threat
IOT_DEV_030733,0.00012348161443795428,0,Low Threat
IOT_DEV_069217,0.9999980491547766,1,High Threat
IOT_DEV_061805,0.00015931280945600683,0,Low Threat
IOT_DEV_059482,5.5819684094029995e-05,0,Low Threat
IOT_DEV_005513,0.0002518178055272825,0,Low Threat
IOT_DEV_075631,7.708406835546416e-05,0,Low Threat
IOT_DEV_058402,0.0004987326128084757,0,Low Threat
IOT_DEV_078509,0.00010966307474405818,0,Low Threat
IOT_DEV_056254,8.47716564632576e-05,0,Low Threat
IOT_DEV_064039,7.328230479068939e-05,0,Low Threat
IOT_DEV_034159,8.893162707914833e-05,0,Low Threat
IOT_DEV_027213,0.0003115970484425682,0,Low Threat
IOT_DEV_069741,0.000346381409129665,0,Low Threat
IOT_DEV_007286,0.9990800530812515,1,High Threat
IOT_DEV_002087,0.0002343664461785571,0,Low Threat
IOT_DEV_038959,0.0001607370101129327,0,Low Threat
IOT_DEV_021085,0.00010206179319204549,0,Low Threat
IOT_DEV_076215,5.5675564821298095e-05,0,Low Threat
IOT_DEV_008054,0.00012715439571719164,0,Low Threat
IOT_DEV_066281,0.0002211601438438331,0,Low Threat
IOT_DEV_064044,5.8731073814453075e-05,0,Low Threat
IOT_DEV_071198,0.00020093665518915597,0,Low Threat
IOT_DEV_011077,0.0005868424347747803,0,Low Threat
IOT_DEV_014545,8.84301737898519e-05,0,Low Threat
IOT_DEV_062670,0.0001719136810015117,0,Low Threat
IOT_DEV_057067,0.0003076514847878582,0,Low Threat
IOT_DEV_079443,0.00014588162753641386,0,Low Threat
IOT_DEV_050866,0.00015783900461678168,0,Low Threat
IOT_DEV_024849,0.0005490900119054236,0,Low Threat
IOT_DEV_068662,0.00029473692872494307,0,Low Threat
IOT_DEV_001698,0.0002527089193100065,0,Low Threat
IOT_DEV_009888,0.00010759338109160688,0,Low Threat
IOT_DEV_043217,0.00015745431999514175,0,Low Threat
IOT_DEV_033889,9.3415495577122e-05,0,Low Threat
IOT_DEV_026680,0.00042925133652311234,0,Low Threat
IOT_DEV_048440,0.0003305777176210312,0,Low Threat
IOT_DEV_053186,0.0003513716208639755,0,Low Threat
IOT_DEV_057198,0.00017625526534245582,0,Low Threat
IOT_DEV_037292,8.516097414676522e-05,0,Low Threat
IOT_DEV_001091,0.00017574278273818224,0,Low Threat
IOT_DEV_045771,0.00014830031844896967,0,Low Threat
IOT_DEV_047027,0.9997218854152964,1,High Threat
IOT_DEV_056977,7.513276530533924e-05,0,Low Threat
IOT_DEV_044749,0.00013996744653317267,0,Low Threat
IOT_DEV_077260,0.000164878867561294,0,Low Threat
IOT_DEV_031528,6.609067027207917e-05,0,Low Threat
IOT_DEV_009003,4.6058514577731816e-05,0,Low Threat
IOT_DEV_001732,0.00029358420628326076,0,Low Threat
IOT_DEV_041568,0.00032700788903550736,0,Low Threat
IOT_DEV_021809,0.00014919691686911987,0,Low Threat
IOT_DEV_013460,0.0001137567706574668,0,Low Threat
IOT_DEV_073821,8.891590150361774e-05,0,Low Threat
IOT_DEV_075667,0.00024344955261651125,0,Low Threat
IOT_DEV_068673,0.00014837869028402832,0,Low Threat
IOT_DEV_041842,0.0002531703718404062,0,Low Threat
IOT_DEV_050798,0.0001982492779398749,0,Low Threat
IOT_DEV_028339,9.497608044856882e-05,0,Low Threat
IOT_DEV_021024,0.00019548492505593355,0,Low Threat
IOT_DEV_070899,0.9999556066499655,1,High Threat
IOT_DEV_071920,0.00016839545879043878,0,Low Threat
IOT_DEV_032704,0.0005872613307270636,0,Low Threat
IOT_DEV_012692,0.0003660378324477246,0,Low Threat
IOT_DEV_040589,0.0001634497541710154,0,Low Threat
IOT_DEV_031840,3.342074755095413e-05,0,Low Threat
IOT_DEV_061785,0.0002331556525432492,0,Low Threat
IOT_DEV_044932,9.095058748011371e-05,0,Low Threat
IOT_DEV_065110,0.0004894754446452202,0,Low Threat
IOT_DEV_029439,0.00012347314233104658,0,Low Threat
IOT_DEV_007364,0.00027215925476019857,0,Low Threat
IOT_DEV_017213,2.6227323947923192e-05,0,Low Threat
IOT_DEV_072194,0.0005226516056762352,0,Low Threat
IOT_DEV_002115,0.00015048895700797544,0,Low Threat
IOT_DEV_060796,0.0002703497777281742,0,Low Threat
IOT_DEV_038423,0.0003538427282203365,0,Low Threat
IOT_DEV_048821,0.00018908599184451594,0,Low Threat
IOT_DEV_007520,8.515602265831332e-05,0,Low Threat
IOT_DEV_048110,8.551867140086038e-05,0,Low Threat
IOT_DEV_014002,0.00010439948722867937,0,Low Threat
IOT_DEV_033132,0.0001393656760489634,0,Low Threat
IOT_DEV_032556,0.00013049866693370317,0,Low Threat
IOT_DEV_018013,3.358594404064639e-05,0,Low Threat
IOT_DEV_066840,0.0003497937609008133,0,Low Threat
IOT_DEV_042701,0.00016768995681399823,0,Low Threat
IOT_DEV_011653,5.2321080830517406e-05,0,Low Threat
IOT_DEV_050958,0.00021693296226419454,0,Low Threat
IOT_DEV_054164,0.00012416499568652188,0,Low Threat
IOT_DEV_014421,0.0003009187296204014,0,Low Threat
IOT_DEV_013594,0.00013396625615857112,0,Low Threat
IOT_DEV_060452,8.328900560542417e-05,0,Low Threat
IOT_DEV_071796,0.00012616964539842888,0,Low Threat
IOT_DEV_041519,0.00016353763778727926,0,Low Threat
IOT_DEV_023880,0.00020650512827124186,0,Low Threat
IOT_DEV_066954,3.462570834807735e-05,0,Low Threat
IOT_DEV_058570,5.244565979697788e-05,0,Low Threat
IOT_DEV_024711,0.00022173254707723547,0,Low Threat
IOT_DEV_052567,0.00026335267132029743,0,Low Threat
IOT_DEV_065423,9.013895191605311e-05,0,Low Threat
IOT_DEV_050267,4.9300533824609366e-05,0,Low Threat
IOT_DEV_047686,9.932677440996608e-05,0,Low Threat
IOT_DEV_061471,4.386283117494631e-05,0,Low Threat
IOT_DEV_066365,9.267129880653494e-05,0,Low Threat
IOT_DEV_076756,0.0001238784483458455,0,Low Threat
IOT_DEV_077876,0.00010933578758278947,0,Low Threat
IOT_DEV_064456,6.97165455736084e-05,0,Low Threat
IOT_DEV_006808,0.0002591718175765395,0,Low Threat
IOT_DEV_023316,0.00065601599997889,0,Low Threat
IOT_DEV_069316,0.0006178163696278811,0,Low Threat
IOT_DEV_003739,0.00018281141752775522,0,Low Threat
IOT_DEV_026718,7.318863737477068e-05,0,Low Threat
IOT_DEV_028362,0.00013299917765082113,0,Low Threat
IOT_DEV_039694,7.429036999209678e-05,0,Low Threat
IOT_DEV_056508,0.00011272966218427207,0,Low Threat
IOT_DEV_032042,8.335577846979159e-05,0,Low Threat
IOT_DEV_045864,9.043221907452292e-05,0,Low Threat
IOT_DEV_034431,0.00033344099561155187,0,Low Threat
IOT_DEV_017076,7.643767154576928e-05,0,Low Threat
IOT_DEV_041361,9.062811735903526e-05,0,Low Threat
IOT_DEV_048210,0.0001942028260206592,0,Low Threat
IOT_DEV_018387,9.590093724606079e-05,0,Low Threat
IOT_DEV_052768,0.0003934158868862914,0,Low Threat
IOT_DEV_042697,0.0001424107143457982,0,Low Threat
IOT_DEV_061443,0.00018948794392389598,0,Low Threat
IOT_DEV_016432,0.0004503643633458439,0,Low Threat
IOT_DEV_036281,0.00019440991617844064,0,Low Threat
IOT_DEV_020392,0.00011709572509528799,0,Low Threat
IOT_DEV_078442,0.00011399627968371763,0,Low Threat
IOT_DEV_009921,0.00013292684394204416,0,Low Threat
IOT_DEV_035771,0.0002911123949290274,0,Low Threat
IOT_DEV_053333,0.00012590223582307122,0,Low Threat
IOT_DEV_021194,0.00022146237052915723,0,Low Threat
IOT_DEV_011598,9.362561806079972e-05,0,Low Threat
IOT_DEV_046846,0.00021727604501084054,0,Low Threat
IOT_DEV_055294,4.9993175166673376e-05,0,Low Threat
IOT_DEV_067661,0.0005609190019852899,0,Low Threat
IOT_DEV_022720,7.865895736016047e-05,0,Low Threat
IOT_DEV_072098,6.54630376595177e-05,0,Low Threat
IOT_DEV_053470,0.00015957025422023714,0,Low Threat
IOT_DEV_025292,0.0015262367784753604,0,Low Threat
IOT_DEV_077074,0.0001765821678167279,0,Low Threat
IOT_DEV_072466,8.151411930451872e-05,0,Low Threat
IOT_DEV_037284,0.0004107960110900847,0,Low Threat
IOT_DEV_057102,0.0005633365561977174,0,Low Threat
IOT_DEV_059874,0.00021317193067182198,0,Low Threat
IOT_DEV_047262,6.870285695698608e-05,0,Low Threat
IOT_DEV_071663,0.0003293672222880077,0,Low Threat
IOT_DEV_020493,0.0003615227981523603,0,Low Threat
IOT_DEV_042620,0.0002760409937086023,0,Low Threat
IOT_DEV_039084,0.00043313623698236194,0,Low Threat
IOT_DEV_024166,0.00014650616593107072,0,Low Threat
IOT_DEV_023977,0.0001543733690860278,0,Low Threat
IOT_DEV_007642,5.3802543485251063e-05,0,Low Threat
IOT_DEV_028010,0.00011852399811625202,0,Low Threat
IOT_DEV_063158,4.413777085132439e-05,0,Low Threat
IOT_DEV_004511,0.00029538379127643535,0,Low Threat
IOT_DEV_004125,0.00015334186425320406,0,Low Threat
IOT_DEV_047556,0.00028511527001474983,0,Low Threat
IOT_DEV_079421,0.00020234416776843998,0,Low Threat
IOT_DEV_076349,6.241650234089714e-05,0,Low Threat
IOT_DEV_069086,0.0002961754884059122,0,Low Threat
IOT_DEV_008960,0.9427217364018173,1,High Threat
IOT_DEV_055918,0.0003178251971490334,0,Low Threat
IOT_DEV_034288,3.772024013050215e-05,0,Low Threat
IOT_DEV_060344,0.00019278109052266044,0,Low Threat
IOT_DEV_021128,0.00022935102654778294,0,Low Threat
IOT_DEV_050849,0.00024582955222973794,0,Low Threat
IOT_DEV_060233,0.00016929883914592694,0,Low Threat
IOT_DEV_050879,0.0006778064921740339,0,Low Threat
IOT_DEV_055344,0.0002957188507102361,0,Low Threat
IOT_DEV_008558,0.0002523868409924915,0,Low Threat
IOT_DEV_033101,0.00014512084594690906,0,Low Threat
IOT_DEV_008467,0.0005549713364706996,0,Low Threat
IOT_DEV_062107,0.0002588694784535987,0,Low Threat
IOT_DEV_008894,0.00018960860225303788,0,Low Threat
IOT_DEV_015977,0.00030104041876535977,0,Low Threat
IOT_DEV_051241,0.0002845466290372836,0,Low Threat
IOT_DEV_019678,0.00013665037509440664,0,Low Threat
IOT_DEV_028615,0.0018037195737066576,0,Low Threat
IOT_DEV_049074,0.0001745437992952766,0,Low Threat
IOT_DEV_024115,0.0008651457298868042,0,Low Threat
IOT_DEV_047990,0.00021973529370054659,0,Low Threat
IOT_DEV_065023,0.00018684096884880643,0,Low Threat
IOT_DEV_069447,0.0001476585633119105,0,Low Threat
IOT_DEV_032083,6.204397497767856e-05,0,Low Threat
IOT_DEV_018283,0.00017022111878720292,0,Low Threat
IOT_DEV_054422,0.00017474932589664079,0,Low Threat
IOT_DEV_020213,0.00029167307135323316,0,Low Threat
IOT_DEV_037453,0.00012867359619155014,0,Low Threat
IOT_DEV_033297,0.0002593788242539016,0,Low Threat
IOT_DEV_019350,4.656804242878287e-05,0,Low Threat
IOT_DEV_008491,0.00015965657308288878,0,Low Threat
IOT_DEV_015626,0.00010880784321512831,0,Low Threat
IOT_DEV_077931,0.0001713806176831478,0,Low Threat
IOT_DEV_074314,0.0003819350920901235,0,Low Threat
IOT_DEV_076510,0.0007692249872190099,0,Low Threat
IOT_DEV_045597,6.978306217345493e-05,0,Low Threat
IOT_DEV_005929,0.0002618401908061926,0,Low Threat
IOT_DEV_024824,0.0003007837625718978,0,Low Threat
IOT_DEV_057550,6.459420249962701e-05,0,Low Threat
IOT_DEV_048302,0.0001415362381928155,0,Low Threat
IOT_DEV_075859,7.189387334870459e-05,0,Low Threat
IOT_DEV_069800,0.00022926347299389698,0,Low Threat
IOT_DEV_040387,0.00018205717425684,0,Low Threat
IOT_DEV_077746,0.00014158140499586304,0,Low Threat
IOT_DEV_055849,0.00012415037686250988,0,Low Threat
IOT_DEV_008884,0.00011450499145064677,0,Low Threat
IOT_DEV_049907,0.9477193931457317,1,High Threat
IOT_DEV_064021,0.00010455141047735563,0,Low Threat
IOT_DEV_033714,0.0002604828815328401,0,Low Threat
IOT_DEV_020158,0.0002009853860714806,0,Low Threat
IOT_DEV_047328,0.00017174779595666872,0,Low Threat
IOT_DEV_063592,0.00032607854189545076,0,Low Threat
IOT_DEV_043944,0.00042530630437733066,0,Low Threat
IOT_DEV_045288,7.12262668717937e-05,0,Low Threat
IOT_DEV_002084,0.00014931091450495174,0,Low Threat
IOT_DEV_022261,0.00022138652011578796,0,Low Threat
IOT_DEV_060682,0.0003745786698806745,0,Low Threat
IOT_DEV_056032,0.0005229186849072772,0,Low Threat
IOT_DEV_032406,0.9999997482104671,1,High Threat
IOT_DEV_024224,0.0002754752759282461,0,Low Threat
IOT_DEV_002827,0.00018830998001844197,0,Low Threat
IOT_DEV_034577,0.0001345162219130975,0,Low Threat
IOT_DEV_023154,0.0005078199256404668,0,Low Threat
IOT_DEV_002246,0.9992013909045696,1,High Threat
IOT_DEV_003712,0.00022212312005074806,0,Low Threat
IOT_DEV_024034,7.364841953655945e-05,0,Low Threat
IOT_DEV_048343,0.00010374824516325893,0,Low Threat
IOT_DEV_003355,0.00010365474360959292,0,Low Threat
IOT_DEV_062316,6.066257381862458e-05,0,Low Threat
IOT_DEV_058148,0.0003752333473904354,0,Low Threat
IOT_DEV_010106,0.999958985642567,1,High Threat
IOT_DEV_048773,0.00016735083723003105,0,Low Threat
IOT_DEV_072381,0.9997362052942675,1,High Threat
IOT_DEV_072793,2.486223011608253e-05,0,Low Threat
IOT_DEV_007758,6.330747821748956e-05,0,Low Threat
IOT_DEV_023446,0.00010830160132151863,0,Low Threat
IOT_DEV_027877,0.0003699649992617727,0,Low Threat
IOT_DEV_067591,5.883806387806078e-05,0,Low Threat
IOT_DEV_056324,9.775035386359076e-05,0,Low Threat
IOT_DEV_020541,0.00011602542558239093,0,Low Threat
IOT_DEV_021975,0.00046806636358141693,0,Low Threat
IOT_DEV_043838,0.0001585178910768049,0,Low Threat
IOT_DEV_017148,0.0003610425413170366,0,Low Threat
IOT_DEV_017628,5.647608987032128e-05,0,Low Threat
IOT_DEV_004109,8.432188977537627e-05,0,Low Threat
IOT_DEV_012929,0.00011739547945917834,0,Low Threat
IOT_DEV_043992,6.295021004712299e-05,0,Low Threat
IOT_DEV_035162,0.0003152685304177025,0,Low Threat
IOT_DEV_077338,0.00015551715319091734,0,Low Threat
IOT_DEV_033569,0.0002030927692510863,0,Low Threat
IOT_DEV_027311,0.00013601251685735363,0,Low Threat
IOT_DEV_001042,0.00015851849443650334,0,Low Threat
IOT_DEV_067810,0.00019508296920268058,0,Low Threat
IOT_DEV_028102,0.00013694653954178824,0,Low Threat
IOT_DEV_064887,0.000147934882207507,0,Low Threat
IOT_DEV_030150,0.00011194550909140156,0,Low Threat
IOT_DEV_034550,0.00017641117843425475,0,Low Threat
IOT_DEV_072739,0.00026956366624229685,0,Low Threat
IOT_DEV_027530,0.00018161982779522388,0,Low Threat
IOT_DEV_033085,8.848610325608621e-05,0,Low Threat
IOT_DEV_022177,0.00025747014017643983,0,Low Threat
IOT_DEV_005844,8.147648997604031e-05,0,Low Threat
IOT_DEV_017806,0.000292918980585117,0,Low Threat
IOT_DEV_014983,0.00018690568438752532,0,Low Threat
IOT_DEV_078477,9.981603460023885e-05,0,Low Threat
IOT_DEV_017587,0.00010335673189388636,0,Low Threat
IOT_DEV_056741,0.0005623602944605391,0,Low Threat
IOT_DEV_067874,8.857755449511637e-05,0,Low Threat
IOT_DEV_041693,0.0004090793598678513,0,Low Threat
IOT_DEV_070643,0.00018453238138164634,0,Low Threat
IOT_DEV_000157,0.00011713991078037358,0,Low Threat
IOT_DEV_035592,0.0003766398378194157,0,Low Threat
IOT_DEV_052226,0.00014332819778394826,0,Low Threat
IOT_DEV_058865,0.0001429720230231286,0,Low Threat
IOT_DEV_036039,0.00025720929140623985,0,Low Threat
IOT_DEV_003560,3.957316964097958e-05,0,Low Threat
IOT_DEV_000152,0.00019714760700268943,0,Low Threat
IOT_DEV_035987,0.00019836459480515763,0,Low Threat
IOT_DEV_053389,0.0003866524014984529,0,Low Threat
IOT_DEV_025727,8.268392603771599e-05,0,Low Threat
IOT_DEV_021545,4.568195120657826e-05,0,Low Threat
IOT_DEV_027369,0.00030687261461802257,0,Low Threat
IOT_DEV_041926,6.845657181665523e-05,0,Low Threat
IOT_DEV_014297,0.0006264029520260583,0,Low Threat
IOT_DEV_030743,0.00040627637117894463,0,Low Threat
IOT_DEV_067619,9.317513980602792e-05,0,Low Threat
IOT_DEV_060549,0.00042513788025342903,0,Low Threat
IOT_DEV_001520,0.0003587587929886993,0,Low Threat
IOT_DEV_026759,0.00016029558300473357,0,Low Threat
IOT_DEV_001639,0.0001625549120303404,0,Low Threat
IOT_DEV_037837,0.0006115853601232294,0,Low Threat
IOT_DEV_029055,0.00010697562224711423,0,Low Threat
IOT_DEV_049903,0.00015402373278255286,0,Low Threat
IOT_DEV_001458,0.00012325565187097992,0,Low Threat
IOT_DEV_073968,0.0002647843597527389,0,Low Threat
IOT_DEV_035328,0.0001878497779335136,0,Low Threat
IOT_DEV_066460,3.7497530133883444e-05,0,Low Threat
IOT_DEV_041826,0.00012212877487680367,0,Low Threat
IOT_DEV_052563,8.820453721556259e-05,0,Low Threat
IOT_DEV_019444,0.0002763939709698909,0,Low Threat
IOT_DEV_026838,0.0001076812422864387,0,Low Threat
IOT_DEV_059337,0.00010051375275300623,0,Low Threat
IOT_DEV_058541,5.2931272535979385e-05,0,Low Threat
IOT_DEV_057525,0.0002672900790714695,0,Low Threat
IOT_DEV_033848,0.0003048836413630349,0,Low Threat
IOT_DEV_030606,0.0006048625995269278,0,Low Threat
IOT_DEV_008843,0.00010316914329322418,0,Low Threat
IOT_DEV_054169,0.0002608222094093635,0,Low Threat
IOT_DEV_063452,0.00013920469330740487,0,Low Threat
IOT_DEV_053209,0.00012763182845666185,0,Low Threat
IOT_DEV_071695,0.00011157025589491376,0,Low Threat
IOT_DEV_019556,0.0002832825834890799,0,Low Threat
IOT_DEV_068242,0.0004523379313629599,0,Low Threat
IOT_DEV_030539,0.0005165076769646559,0,Low Threat
IOT_DEV_034889,8.249961399965443e-05,0,Low Threat
IOT_DEV_008410,0.00028242672152767437,0,Low Threat
IOT_DEV_013180,0.0009751479233143067,0,Low Threat
IOT_DEV_063174,0.00017062162169218472,0,Low Threat
IOT_DEV_073695,0.00018377391132575694,0,Low Threat
IOT_DEV_001166,0.00026710414024436603,0,Low Threat
IOT_DEV_077134,0.000749023380926167,0,Low Threat
IOT_DEV_057383,0.00019238969124867953,0,Low Threat
IOT_DEV_005327,6.251605340176273e-05,0,Low Threat
IOT_DEV_079927,0.00021529231174052728,0,Low Threat
IOT_DEV_074607,0.00017949773145719877,0,Low Threat
IOT_DEV_032591,0.00013082959449229,0,Low Threat
IOT_DEV_063969,0.00017588102989062417,0,Low Threat
IOT_DEV_063189,0.00016887641573792479,0,Low Threat
IOT_DEV_006323,3.3986684514540234e-05,0,Low Threat
IOT_DEV_044727,9.918324843263956e-05,0,Low Threat
IOT_DEV_056081,0.00014471768827450295,0,Low Threat
IOT_DEV_033933,9.043930074839492e-05,0,Low Threat
IOT_DEV_077045,8.178424522575767e-05,0,Low Threat
IOT_DEV_012089,0.00018387111012082658,0,Low Threat
IOT_DEV_076571,0.00014679681400230052,0,Low Threat
IOT_DEV_079929,0.00017698461248231387,0,Low Threat
IOT_DEV_017704,0.0003262447531000787,0,Low Threat
IOT_DEV_020307,0.0001947331464697151,0,Low Threat
IOT_DEV_058563,3.906174166539498e-05,0,Low Threat
IOT_DEV_021329,5.9211639821527715e-05,0,Low Threat
IOT_DEV_065485,0.00014695980381787435,0,Low Threat
IOT_DEV_008972,8.536328402551284e-05,0,Low Threat
IOT_DEV_065952,0.0002799289531487989,0,Low Threat
IOT_DEV_020586,0.00019914327848627144,0,Low Threat
IOT_DEV_064572,0.00018410065718870399,0,Low Threat
IOT_DEV_069336,0.00022124720287035755,0,Low Threat
IOT_DEV_016272,0.00024065779128991277,0,Low Threat
IOT_DEV_075417,0.00014445954599317008,0,Low Threat
IOT_DEV_067885,0.00014533120732958528,0,Low Threat
IOT_DEV_012496,9.030162013663481e-05,0,Low Threat
IOT_DEV_042207,0.0003077664816058833,0,Low Threat
IOT_DEV_023142,3.433976092736286e-05,0,Low Threat
IOT_DEV_053824,0.0001655035174982542,0,Low Threat
IOT_DEV_050400,0.0002604149739111429,0,Low Threat
IOT_DEV_018759,0.000532795097221636,0,Low Threat
IOT_DEV_051909,0.0002466537880000509,0,Low Threat
IOT_DEV_050142,7.020782755144282e-05,0,Low Threat
IOT_DEV_051130,0.00011230465716856334,0,Low Threat
IOT_DEV_078273,0.00014747958880548611,0,Low Threat
IOT_DEV_019995,0.00023665358081275631,0,Low Threat
IOT_DEV_037938,0.0011366525555804763,0,Low Threat
IOT_DEV_024452,0.0003358944999762434,0,Low Threat
IOT_DEV_053418,0.00010383234241816529,0,Low Threat
IOT_DEV_037958,0.00021582645624785947,0,Low Threat
IOT_DEV_013216,0.00010933766643394836,0,Low Threat
IOT_DEV_078555,0.0011596925421420985,0,Low Threat
IOT_DEV_046034,6.731109817947865e-05,0,Low Threat
IOT_DEV_054594,0.00031450974786324115,0,Low Threat
IOT_DEV_039905,0.00011056398127602774,0,Low Threat
IOT_DEV_007083,5.8644000706932074e-05,0,Low Threat
IOT_DEV_077461,0.00030784739718123986,0,Low Threat
IOT_DEV_025732,0.00020153427329125707,0,Low Threat
IOT_DEV_036474,0.00018839278984474655,0,Low Threat
IOT_DEV_005982,0.00015883074585496746,0,Low Threat
IOT_DEV_066282,0.00023685886218337957,0,Low Threat
IOT_DEV_035329,0.0005408167308169265,0,Low Threat
IOT_DEV_011790,0.0003496715508147532,0,Low Threat
IOT_DEV_039416,0.00012177961608148294,0,Low Threat
IOT_DEV_033012,8.380967839914664e-05,0,Low Threat
IOT_DEV_029722,0.9770610056667398,1,High Threat
IOT_DEV_001448,0.0007117913285717052,0,Low Threat
IOT_DEV_052645,0.00026598392687501117,0,Low Threat
IOT_DEV_068503,4.949553387840807e-05,0,Low Threat
IOT_DEV_037210,0.00012538909795549322,0,Low Threat
IOT_DEV_040191,5.917190977214538e-05,0,Low Threat
IOT_DEV_018464,0.00022704544599226384,0,Low Threat
IOT_DEV_042948,3.8919353948387795e-05,0,Low Threat
IOT_DEV_029627,0.0015491904703383678,0,Low Threat
IOT_DEV_060637,0.00023579301320454822,0,Low Threat
IOT_DEV_065138,0.00017723446868018179,0,Low Threat
IOT_DEV_065814,0.00029054435130674894,0,Low Threat
IOT_DEV_043081,0.0002049979727327086,0,Low Threat
IOT_DEV_013204,0.9622021714068176,1,High Threat
IOT_DEV_012075,3.160052831799252e-05,0,Low Threat
IOT_DEV_023432,7.033786883062915e-05,0,Low Threat
IOT_DEV_047329,0.00012355402278747913,0,Low Threat
IOT_DEV_055615,0.00018285435657056011,0,Low Threat
IOT_DEV_015023,0.00010999866432280397,0,Low Threat
IOT_DEV_071814,6.179246144096916e-05,0,Low Threat
IOT_DEV_021821,0.0007848568088378774,0,Low Threat
IOT_DEV_070021,0.00014198657401994912,0,Low Threat
IOT_DEV_076720,4.670572589078612e-05,0,Low Threat
IOT_DEV_000550,0.00013964799319735938,0,Low Threat
IOT_DEV_056904,0.00011436470680428602,0,Low Threat
IOT_DEV_004337,0.0006973710092634323,0,Low Threat
IOT_DEV_003595,7.142928933864928e-05,0,Low Threat
IOT_DEV_046664,7.425228989323501e-05,0,Low Threat
IOT_DEV_065927,0.0009291472400166596,0,Low Threat
IOT_DEV_049249,0.00018181072778410406,0,Low Threat
IOT_DEV_054016,0.00017493466773492106,0,Low Threat
IOT_DEV_053892,0.0002550646050158201,0,Low Threat
IOT_DEV_073716,9.36262768478385e-05,0,Low Threat
IOT_DEV_036362,2.439179228918238e-05,0,Low Threat
IOT_DEV_027111,5.192752053267404e-05,0,Low Threat
IOT_DEV_049209,7.901921913650191e-05,0,Low Threat
IOT_DEV_008298,0.00023878776573158536,0,Low Threat
IOT_DEV_008148,8.323075914753245e-05,0,Low Threat
IOT_DEV_013939,0.00013442112328587152,0,Low Threat
IOT_DEV_005174,0.0002975952478159005,0,Low Threat
IOT_DEV_058887,0.00012086972414967028,0,Low Threat
IOT_DEV_042998,0.00016589198416825193,0,Low Threat
IOT_DEV_070639,0.0002604474951483261,0,Low Threat
IOT_DEV_033226,0.0001337012368454317,0,Low Threat
IOT_DEV_061198,0.00026321846548721926,0,Low Threat
IOT_DEV_026003,7.425579626737207e-05,0,Low Threat
IOT_DEV_059866,0.002793017539048449,0,Low Threat
IOT_DEV_053625,0.0004066490564571948,0,Low Threat
IOT_DEV_041619,0.00012807520991000098,0,Low Threat
IOT_DEV_066797,0.0004653810794799747,0,Low Threat
IOT_DEV_013362,0.00028126001876333515,0,Low Threat
IOT_DEV_074236,0.0002477688186070136,0,Low Threat
IOT_DEV_027312,0.000159182175067448,0,Low Threat
IOT_DEV_004250,0.0004575658610969502,0,Low Threat
IOT_DEV_070415,0.9885754748123018,1,High Threat
IOT_DEV_035460,8.566021400966278e-05,0,Low Threat
IOT_DEV_003586,0.00012942365186801338,0,Low Threat
IOT_DEV_067375,0.0005335359502216431,0,Low Threat
IOT_DEV_076546,4.437086248884096e-05,0,Low Threat
IOT_DEV_032293,0.00020814443297036714,0,Low Threat
IOT_DEV_017099,0.0006247949197026544,0,Low Threat
IOT_DEV_048328,0.00014520800297234573,0,Low Threat
IOT_DEV_061137,0.00016497136762128926,0,Low Threat
IOT_DEV_031065,4.5532563157909056e-05,0,Low Threat
IOT_DEV_075239,8.209101954606444e-05,0,Low Threat
IOT_DEV_079259,0.00022058979261105444,0,Low Threat
IOT_DEV_021924,4.8065889472258985e-05,0,Low Threat
IOT_DEV_016236,0.0001497858763276783,0,Low Threat
IOT_DEV_005035,0.0004160258984502415,0,Low Threat
IOT_DEV_075482,1.5966733920683405e-05,0,Low Threat
IOT_DEV_031204,2.8348362591186507e-05,0,Low Threat
IOT_DEV_058122,7.139877954177505e-05,0,Low Threat
IOT_DEV_068601,0.0003156341909563454,0,Low Threat
IOT_DEV_055565,0.0002252100884162956,0,Low Threat
IOT_DEV_007108,0.00010774934041293829,0,Low Threat
IOT_DEV_038051,0.00025000495921848585,0,Low Threat
IOT_DEV_030305,4.115493457818994e-05,0,Low Threat
IOT_DEV_025828,0.00016399755878488046,0,Low Threat
IOT_DEV_029977,7.011785119977983e-05,0,Low Threat
IOT_DEV_023918,6.583678011357855e-05,0,Low Threat
IOT_DEV_034913,9.845818593585888e-05,0,Low Threat
IOT_DEV_022199,0.000175011809323965,0,Low Threat
IOT_DEV_030410,5.65635961094023e-05,0,Low Threat
IOT_DEV_073642,0.9999173727781606,1,High Threat
IOT_DEV_000475,0.0003137950241287015,0,Low Threat
IOT_DEV_012043,0.0005001911284396477,0,Low Threat
IOT_DEV_059108,0.00028049711835543173,0,Low Threat
IOT_DEV_058985,0.0001149190163606195,0,Low Threat
IOT_DEV_014638,0.0002402197218543721,0,Low Threat
IOT_DEV_004364,0.00021956094350540848,0,Low Threat
IOT_DEV_035521,0.0002135450821736059,0,Low Threat
IOT_DEV_062476,3.376646678351336e-05,0,Low Threat
IOT_DEV_022038,0.00019793949197765418,0,Low Threat
IOT_DEV_065244,0.00014252481877417118,0,Low Threat
IOT_DEV_003290,0.00013639472106089003,0,Low Threat
IOT_DEV_009657,0.00018650222320042658,0,Low Threat
IOT_DEV_011249,0.00014715940663704335,0,Low Threat
IOT_DEV_032788,0.0004719444406637769,0,Low Threat
IOT_DEV_050746,0.00015738594266412768,0,Low Threat
IOT_DEV_055541,0.0004067215659304481,0,Low Threat
IOT_DEV_008787,0.0009526924645756835,0,Low Threat
IOT_DEV_022280,6.332773800859376e-05,0,Low Threat
IOT_DEV_050296,0.0007278579907364816,0,Low Threat
IOT_DEV_003320,0.00017850299509175529,0,Low Threat
IOT_DEV_040418,0.000334919365000129,0,Low Threat
IOT_DEV_074710,0.0006191429979286476,0,Low Threat
IOT_DEV_078263,0.00015487241963243434,0,Low Threat
IOT_DEV_029038,0.00017553849085742606,0,Low Threat
IOT_DEV_000731,8.08470712698196e-05,0,Low Threat
IOT_DEV_032605,0.9999999735943133,1,High Threat
IOT_DEV_063287,9.474691683486339e-05,0,Low Threat
IOT_DEV_011589,0.0001635400977414137,0,Low Threat
IOT_DEV_079975,0.00010217990963611471,0,Low Threat
IOT_DEV_044196,0.00017050698446218043,0,Low Threat
IOT_DEV_008599,0.00025978461287963907,0,Low Threat
IOT_DEV_042839,3.288428473637558e-05,0,Low Threat
IOT_DEV_058515,0.00010224768225925801,0,Low Threat
IOT_DEV_023270,0.0003640715402899116,0,Low Threat
IOT_DEV_064848,0.00012589103241993215,0,Low Threat
IOT_DEV_058502,7.610987005053147e-05,0,Low Threat
IOT_DEV_062859,4.685129883735042e-05,0,Low Threat
IOT_DEV_015710,0.0002356859508676427,0,Low Threat
IOT_DEV_013315,0.00010478061051176486,0,Low Threat
IOT_DEV_021857,8.490459255802162e-05,0,Low Threat
IOT_DEV_027032,3.651276030544438e-05,0,Low Threat
IOT_DEV_062943,0.0003074318287748892,0,Low Threat
IOT_DEV_060855,0.00028896818582277125,0,Low Threat
IOT_DEV_037514,0.0003436171517908684,0,Low Threat
IOT_DEV_031547,0.00011503852414353498,0,Low Threat
IOT_DEV_070356,0.00023575461550844192,0,Low Threat
IOT_DEV_048464,0.00013279537860685865,0,Low Threat
IOT_DEV_038117,0.000370305049728842,0,Low Threat
IOT_DEV_052591,0.000214974954716853,0,Low Threat
IOT_DEV_014985,0.0001504842109731503,0,Low Threat
IOT_DEV_054652,0.00021080486592114066,0,Low Threat
IOT_DEV_041316,0.00011719894373273172,0,Low Threat
IOT_DEV_012787,1.922958712983431e-05,0,Low Threat
IOT_DEV_072746,0.0001412082940783827,0,Low Threat
IOT_DEV_067251,0.00013415757140669722,0,Low Threat
IOT_DEV_016756,0.00021659903826957343,0,Low Threat
IOT_DEV_021968,0.00017954396185774297,0,Low Threat
IOT_DEV_027018,9.84284541135485e-05,0,Low Threat
IOT_DEV_077516,0.00039276471043171555,0,Low Threat
IOT_DEV_047380,8.593844467805606e-05,0,Low Threat
IOT_DEV_079758,0.0004004282096007226,0,Low Threat
IOT_DEV_013727,0.00010910809491560711,0,Low Threat
IOT_DEV_076543,0.0003489692671494001,0,Low Threat
IOT_DEV_025752,0.00011575179134312727,0,Low Threat
IOT_DEV_014718,0.00014486212357739758,0,Low Threat
IOT_DEV_065756,0.00024540667217580995,0,Low Threat
IOT_DEV_074908,0.0003009823111836836,0,Low Threat
IOT_DEV_079661,0.00036373826563024307,0,Low Threat
IOT_DEV_008668,0.9999845039347596,1,High Threat
IOT_DEV_072223,0.0002571155462587585,0,Low Threat
IOT_DEV_064587,0.00014718907998340273,0,Low Threat
IOT_DEV_012585,0.00031593763401901033,0,Low Threat
IOT_DEV_075887,0.0004204144454091691,0,Low Threat
IOT_DEV_016074,0.00021374393739667633,0,Low Threat
IOT_DEV_060015,0.0008122617310181499,0,Low Threat
IOT_DEV_076865,0.0005066283420529937,0,Low Threat
IOT_DEV_030709,0.00031475682163161053,0,Low Threat
IOT_DEV_022057,2.1398444892059727e-05,0,Low Threat
IOT_DEV_001984,0.0002458345668009945,0,Low Threat
IOT_DEV_000631,0.0001281513719773543,0,Low Threat
IOT_DEV_045404,0.00024996747249740755,0,Low Threat
IOT_DEV_027380,0.0006683158076637996,0,Low Threat
IOT_DEV_002340,0.00019938597470137978,0,Low Threat
IOT_DEV_064262,8.287081018531106e-05,0,Low Threat
IOT_DEV_057199,0.00015098606134555345,0,Low Threat
IOT_DEV_026028,0.00016495403232124443,0,Low Threat
IOT_DEV_054473,0.00017972055108012104,0,Low Threat
IOT_DEV_010928,0.00028875930771323107,0,Low Threat
IOT_DEV_038941,9.326712906119653e-05,0,Low Threat
IOT_DEV_037217,0.0004947873111556313,0,Low Threat
IOT_DEV_064624,8.171868724303068e-05,0,Low Threat
IOT_DEV_072815,0.0003773653774710552,0,Low Threat
IOT_DEV_033414,0.00023045674301255763,0,Low Threat
IOT_DEV_032594,7.41906457533016e-05,0,Low Threat
IOT_DEV_024805,0.0008679656871855574,0,Low Threat
IOT_DEV_070366,6.572765485976589e-05,0,Low Threat
IOT_DEV_064742,0.00021668093773766122,0,Low Threat
IOT_DEV_055392,3.200088397219275e-05,0,Low Threat
IOT_DEV_007539,0.000280761505011313,0,Low Threat
IOT_DEV_006579,0.00022743633426356184,0,Low Threat
IOT_DEV_041537,0.00012783737401361972,0,Low Threat
IOT_DEV_045023,4.142711520115984e-05,0,Low Threat
IOT_DEV_071473,5.708706616325588e-05,0,Low Threat
IOT_DEV_079583,0.00018267096781254648,0,Low Threat
IOT_DEV_024346,0.00015444804927265308,0,Low Threat
IOT_DEV_073037,0.00015059757978716994,0,Low Threat
IOT_DEV_059135,0.000359674021599728,0,Low Threat
IOT_DEV_058498,0.00010717237325452102,0,Low Threat
IOT_DEV_054830,0.00030715616450114675,0,Low Threat
IOT_DEV_060915,9.755567961038862e-05,0,Low Threat
IOT_DEV_077038,4.055019036926583e-05,0,Low Threat
IOT_DEV_010475,0.00018904059341617524,0,Low Threat
IOT_DEV_023797,9.868968194482138e-05,0,Low Threat
IOT_DEV_043531,0.0001029042139525159,0,Low Threat
IOT_DEV_066595,0.0003016242910595945,0,Low Threat
IOT_DEV_055508,0.00031330159984352434,0,Low Threat
IOT_DEV_046110,3.3657345009541e-05,0,Low Threat
IOT_DEV_001843,0.00018255409288404654,0,Low Threat
IOT_DEV_049702,0.00014095948796093833,0,Low Threat
IOT_DEV_008444,7.019914156554672e-05,0,Low Threat
IOT_DEV_031781,9.138616231833764e-05,0,Low Threat
IOT_DEV_045235,7.819623968478071e-05,0,Low Threat
IOT_DEV_003395,0.0001278469368497677,0,Low Threat
IOT_DEV_062946,7.586402231599931e-05,0,Low Threat
IOT_DEV_040269,0.00022169060144746814,0,Low Threat
IOT_DEV_003201,0.0001056631676081402,0,Low Threat
IOT_DEV_001156,0.00012590341062901106,0,Low Threat
IOT_DEV_054764,8.649968511918747e-05,0,Low Threat
IOT_DEV_063303,9.276639811006674e-05,0,Low Threat
IOT_DEV_015756,0.0001795729825383477,0,Low Threat
IOT_DEV_052111,0.0003340608134492635,0,Low Threat
IOT_DEV_038288,8.194315633795782e-05,0,Low Threat
IOT_DEV_011979,7.455046220914107e-05,0,Low Threat
IOT_DEV_079823,0.0001699955042295835,0,Low Threat
IOT_DEV_056498,0.00011841854933358026,0,Low Threat
IOT_DEV_045769,0.00016100537184725013,0,Low Threat
IOT_DEV_065543,4.279085558898039e-05,0,Low Threat
IOT_DEV_044659,6.960803740785045e-05,0,Low Threat
IOT_DEV_029216,0.0001601165190642314,0,Low Threat
IOT_DEV_023687,3.71940693187788e-05,0,Low Threat
IOT_DEV_058433,8.163978479967788e-05,0,Low Threat
IOT_DEV_072191,0.0002317760306332602,0,Low Threat
IOT_DEV_008684,7.029868832652162e-05,0,Low Threat
IOT_DEV_033110,9.76065144148904e-05,0,Low Threat
IOT_DEV_035091,0.000148898369853724,0,Low Threat
IOT_DEV_064845,0.00035162058424630723,0,Low Threat
IOT_DEV_030999,6.063849176835339e-05,0,Low Threat
IOT_DEV_034067,8.683185410342545e-05,0,Low Threat
IOT_DEV_058457,0.9999999741796548,1,High Threat
IOT_DEV_071702,0.0002065070712462168,0,Low Threat
IOT_DEV_074820,0.0004152025339679551,0,Low Threat
IOT_DEV_068801,0.00016809071298487876,0,Low Threat
IOT_DEV_033806,9.810527871775817e-05,0,Low Threat
IOT_DEV_015461,0.00026006283387098683,0,Low Threat
IOT_DEV_034378,0.0001046943900578085,0,Low Threat
IOT_DEV_032611,0.00021681315570503854,0,Low Threat
IOT_DEV_025698,0.00019143652522057294,0,Low Threat
IOT_DEV_036571,0.00012095822571369344,0,Low Threat
IOT_DEV_017294,0.00100641972802642,0,Low Threat
IOT_DEV_011674,6.684739163868498e-05,0,Low Threat
IOT_DEV_046346,6.630671202165312e-05,0,Low Threat
IOT_DEV_002272,5.648013280265852e-05,0,Low Threat
IOT_DEV_001254,0.0006645826801670526,0,Low Threat
IOT_DEV_061167,0.00021478115725382895,0,Low Threat
IOT_DEV_006502,0.00029714051150723586,0,Low Threat
IOT_DEV_068854,6.510107491707494e-05,0,Low Threat
IOT_DEV_027832,0.00011563981516735298,0,Low Threat
IOT_DEV_078615,0.0002920806056565281,0,Low Threat
IOT_DEV_047907,0.00022589454463769307,0,Low Threat
IOT_DEV_076389,0.00011721923509566966,0,Low Threat
IOT_DEV_038929,0.00068879898266732,0,Low Threat
IOT_DEV_054740,0.00019920922118676123,0,Low Threat
IOT_DEV_002212,0.0003756120135086464,0,Low Threat
IOT_DEV_018859,6.702118851462144e-05,0,Low Threat
IOT_DEV_004144,6.231281089349589e-05,0,Low Threat
IOT_DEV_046021,4.553603201985968e-05,0,Low Threat
IOT_DEV_035783,0.00014579091393875651,0,Low Threat
IOT_DEV_031125,0.00018291273565179537,0,Low Threat
IOT_DEV_078864,0.0002939547570973296,0,Low Threat
IOT_DEV_005216,0.00011796530663673744,0,Low Threat
IOT_DEV_001273,0.00023213039192606445,0,Low Threat
IOT_DEV_017759,0.0005734281078172606,0,Low Threat
IOT_DEV_072586,0.0002699381421380068,0,Low Threat
IOT_DEV_002722,0.0001183847164888482,0,Low Threat
IOT_DEV_033711,0.00013549207017850745,0,Low Threat
IOT_DEV_032508,3.9354623954442573e-05,0,Low Threat
IOT_DEV_031342,0.0003062532353350516,0,Low Threat
IOT_DEV_049375,0.00030668798478494146,0,Low Threat
IOT_DEV_030175,0.0005802688776505344,0,Low Threat
IOT_DEV_011755,0.00036151632519208223,0,Low Threat
IOT_DEV_063939,0.00033684829931957975,0,Low Threat
IOT_DEV_001386,0.0001596706796918632,0,Low Threat
IOT_DEV_068860,0.00019424400752400292,0,Low Threat
IOT_DEV_054651,0.00031045063171916497,0,Low Threat
IOT_DEV_018767,0.00015932477252895576,0,Low Threat
IOT_DEV_063873,9.87522032120981e-05,0,Low Threat
IOT_DEV_053956,0.00015812263642039803,0,Low Threat
IOT_DEV_027817,0.0004508913406287647,0,Low Threat
IOT_DEV_041576,0.00012949141675378786,0,Low Threat
IOT_DEV_040018,4.732422976309245e-05,0,Low Threat
IOT_DEV_039158,0.00021652091689114446,0,Low Threat
IOT_DEV_055547,0.00010391940769772247,0,Low Threat
IOT_DEV_003212,0.00034527906343915295,0,Low Threat
IOT_DEV_048313,9.153591561085661e-05,0,Low Threat
IOT_DEV_074551,0.00025539373378164664,0,Low Threat
IOT_DEV_076903,0.00045625077011749555,0,Low Threat
IOT_DEV_026416,0.00017887018452683522,0,Low Threat
IOT_DEV_057920,0.000458475611571106,0,Low Threat
IOT_DEV_006176,0.000618596068570824,0,Low Threat
IOT_DEV_028631,9.837166418433081e-05,0,Low Threat
IOT_DEV_057120,3.287358901156059e-05,0,Low Threat
IOT_DEV_022052,0.0003753912582870833,0,Low Threat
IOT_DEV_045302,8.149595348707534e-05,0,Low Threat
IOT_DEV_072823,0.9979769343640068,1,High Threat
IOT_DEV_046945,0.00023493813841407276,0,Low Threat
IOT_DEV_078370,0.0003469824044179119,0,Low Threat
IOT_DEV_034859,4.956482976776375e-05,0,Low Threat
IOT_DEV_016345,0.00014721407025856416,0,Low Threat
IOT_DEV_076611,0.00037602483818280526,0,Low Threat
IOT_DEV_040118,0.00022211488634752642,0,Low Threat
IOT_DEV_024039,7.376770346207047e-05,0,Low Threat
IOT_DEV_073115,7.260606851335623e-05,0,Low Threat
IOT_DEV_006991,0.000469180284960853,0,Low Threat
IOT_DEV_068505,0.00015948949052816826,0,Low Threat
IOT_DEV_055968,0.0006793938967780066,0,Low Threat
IOT_DEV_026052,9.347945805161826e-05,0,Low Threat
IOT_DEV_018210,0.00022801854647264141,0,Low Threat
IOT_DEV_024980,0.0003782753314227701,0,Low Threat
IOT_DEV_015207,9.259562941062784e-05,0,Low Threat
IOT_DEV_026444,6.934917770861009e-05,0,Low Threat
IOT_DEV_033316,0.00036094235212220786,0,Low Threat
IOT_DEV_018572,8.726290636766967e-05,0,Low Threat
IOT_DEV_064958,0.0004053871727971805,0,Low Threat
IOT_DEV_010320,4.761501402453112e-05,0,Low Threat
IOT_DEV_020211,9.383643007318431e-05,0,Low Threat
IOT_DEV_037169,0.00021449596126413872,0,Low Threat
IOT_DEV_018989,4.1069730317762045e-05,0,Low Threat
IOT_DEV_031016,0.0001404179094072016,0,Low Threat
IOT_DEV_043445,0.0001817537715123608,0,Low Threat
IOT_DEV_036250,0.00012489083695874694,0,Low Threat
IOT_DEV_029110,0.0002416940889524104,0,Low Threat
IOT_DEV_075387,0.000400298120945733,0,Low Threat
IOT_DEV_025609,0.00023702154637252938,0,Low Threat
IOT_DEV_049952,0.00025165135370594494,0,Low Threat
IOT_DEV_020263,7.701109408863166e-05,0,Low Threat
IOT_DEV_074196,0.00023988180615444786,0,Low Threat
IOT_DEV_069150,0.00020705246108707062,0,Low Threat
IOT_DEV_052012,9.207939354894422e-05,0,Low Threat
IOT_DEV_058517,0.0005011815890838759,0,Low Threat
IOT_DEV_037301,0.00024589318326490695,0,Low Threat
IOT_DEV_074087,5.3175210631115046e-05,0,Low Threat
IOT_DEV_012581,9.34837445675179e-05,0,Low Threat
IOT_DEV_060100,0.00023939362937535708,0,Low Threat
IOT_DEV_073963,0.0001958315204222144,0,Low Threat
IOT_DEV_068836,0.00011880726157915497,0,Low Threat
IOT_DEV_005087,0.00014509551775860504,0,Low Threat
IOT_DEV_061369,0.00019292065236899855,0,Low Threat
IOT_DEV_048864,0.00042637896399629055,0,Low Threat
IOT_DEV_043695,0.0008108018353137198,0,Low Threat
IOT_DEV_017300,0.00021838288118044815,0,Low Threat
IOT_DEV_022005,0.0002261019565739065,0,Low Threat
IOT_DEV_047011,0.0004886202998119676,0,Low Threat
IOT_DEV_028633,8.777460753719594e-05,0,Low Threat
IOT_DEV_074404,7.886924332311575e-05,0,Low Threat
IOT_DEV_005119,0.00017007352707613555,0,Low Threat
IOT_DEV_071468,3.481642954313834e-05,0,Low Threat
IOT_DEV_002593,0.00011915289878468712,0,Low Threat
IOT_DEV_053283,9.627121429482642e-05,0,Low Threat
IOT_DEV_066879,0.0008010227022559098,0,Low Threat
IOT_DEV_025342,0.0003789159704917052,0,Low Threat
IOT_DEV_057702,0.00012105243299974742,0,Low Threat
IOT_DEV_043321,0.0001284262186664622,0,Low Threat
IOT_DEV_049660,0.00031669821790923517,0,Low Threat
IOT_DEV_034963,7.274358966333055e-05,0,Low Threat
IOT_DEV_079041,4.2726987253884835e-05,0,Low Threat
IOT_DEV_069958,0.00022690876961879494,0,Low Threat
IOT_DEV_003883,0.00016639964609281064,0,Low Threat
IOT_DEV_068187,7.926026807132575e-05,0,Low Threat
IOT_DEV_068404,4.051037595084313e-05,0,Low Threat
IOT_DEV_015665,0.0004431189138141444,0,Low Threat
IOT_DEV_074181,0.001161494123652094,0,Low Threat
IOT_DEV_008189,0.00038834769374723483,0,Low Threat
IOT_DEV_034894,0.00017333666495954246,0,Low Threat
IOT_DEV_072372,7.214852446075322e-05,0,Low Threat
IOT_DEV_074516,0.0002996225712426654,0,Low Threat
IOT_DEV_055112,0.0002779766732250021,0,Low Threat
IOT_DEV_025241,0.00021748118802940934,0,Low Threat
IOT_DEV_031221,0.0003884203931857994,0,Low Threat
IOT_DEV_035991,0.00011170770223077568,0,Low Threat
IOT_DEV_064439,0.00031391459936536343,0,Low Threat
IOT_DEV_005415,0.00020016132701672644,0,Low Threat
IOT_DEV_073958,0.0003105852413559515,0,Low Threat
IOT_DEV_079404,0.001986215851305324,0,Low Threat
IOT_DEV_051351,5.722677736529217e-05,0,Low Threat
IOT_DEV_016518,0.0001704127359487831,0,Low Threat
IOT_DEV_046328,9.953537726978302e-05,0,Low Threat
IOT_DEV_063563,0.00020808803682339608,0,Low Threat
IOT_DEV_001966,5.450476540982991e-05,0,Low Threat
IOT_DEV_025504,0.00013250225884708052,0,Low Threat
IOT_DEV_019760,4.552896859811732e-05,0,Low Threat
IOT_DEV_036501,3.219110839367456e-05,0,Low Threat
IOT_DEV_031083,0.00018118495558022522,0,Low Threat
IOT_DEV_003048,0.0004371274723896633,0,Low Threat
IOT_DEV_034273,5.197975838249035e-05,0,Low Threat
IOT_DEV_027965,0.00024057901309199257,0,Low Threat
IOT_DEV_068376,0.0001389149313079642,0,Low Threat
IOT_DEV_044363,0.00013149795896593268,0,Low Threat
IOT_DEV_062256,0.00018430730145171077,0,Low Threat
IOT_DEV_019538,0.0001354967686105871,0,Low Threat
IOT_DEV_072497,0.00024920263334396296,0,Low Threat
IOT_DEV_069214,0.0003097294932351509,0,Low Threat
IOT_DEV_042972,0.00036714115129159717,0,Low Threat
IOT_DEV_046208,0.0009970306716951174,0,Low Threat
IOT_DEV_061973,8.603611771709195e-05,0,Low Threat
IOT_DEV_015991,0.00014747455200615796,0,Low Threat
IOT_DEV_054710,0.0006622052233256538,0,Low Threat
IOT_DEV_023970,0.0005401891614011623,0,Low Threat
IOT_DEV_002311,0.0004231898260469153,0,Low Threat
IOT_DEV_051526,0.00023028277625085952,0,Low Threat
IOT_DEV_024868,0.00042629846945409493,0,Low Threat
IOT_DEV_071504,0.0002650934703517556,0,Low Threat
IOT_DEV_032453,0.0001932576045377958,0,Low Threat
IOT_DEV_047419,0.00010230140805610838,0,Low Threat
IOT_DEV_041371,3.248637688777419e-05,0,Low Threat
IOT_DEV_005719,0.0005885589097934528,0,Low Threat
IOT_DEV_008399,0.00023796503617269052,0,Low Threat
IOT_DEV_048656,3.25144737666871e-05,0,Low Threat
IOT_DEV_023709,4.1543508891061335e-05,0,Low Threat
IOT_DEV_074503,0.0006989008639127932,0,Low Threat
IOT_DEV_039713,0.0004091896003539567,0,Low Threat
IOT_DEV_010537,0.0004712923121346381,0,Low Threat
IOT_DEV_038980,0.00018766603796511832,0,Low Threat
IOT_DEV_032826,0.0004340454529575117,0,Low Threat
IOT_DEV_013568,0.00021590942311455836,0,Low Threat
IOT_DEV_070869,0.00010578557808554753,0,Low Threat
IOT_DEV_072418,0.0004069555864593561,0,Low Threat
IOT_DEV_040610,0.999965883181328,1,High Threat
IOT_DEV_041776,0.0006270575646222292,0,Low Threat
IOT_DEV_079440,8.455155712047494e-05,0,Low Threat
IOT_DEV_047424,0.0007912017641336793,0,Low Threat
IOT_DEV_016413,0.00016208842221432238,0,Low Threat
IOT_DEV_074955,0.0007649855581716334,0,Low Threat
IOT_DEV_047939,0.00023082449552190123,0,Low Threat
IOT_DEV_060453,0.0006259962781242222,0,Low Threat
IOT_DEV_038373,0.0001218561831565886,0,Low Threat
IOT_DEV_005396,0.00011187053425843159,0,Low Threat
IOT_DEV_073383,0.0001400997178471808,0,Low Threat
IOT_DEV_044020,0.00011784869854449234,0,Low Threat
IOT_DEV_070459,0.000153797495992199,0,Low Threat
IOT_DEV_019438,0.00014822414799541282,0,Low Threat
IOT_DEV_057464,0.0010246053073204296,0,Low Threat
IOT_DEV_064619,4.311698491412055e-05,0,Low Threat
IOT_DEV_066851,0.00011338076643542186,0,Low Threat
IOT_DEV_033969,0.0001291234268991458,0,Low Threat
IOT_DEV_030788,3.9704644184794006e-05,0,Low Threat
IOT_DEV_067319,0.0006283480469039022,0,Low Threat
IOT_DEV_049733,0.0003568719071247435,0,Low Threat
IOT_DEV_043859,8.123356499276615e-05,0,Low Threat
IOT_DEV_050077,0.00012186930007232484,0,Low Threat
IOT_DEV_076710,0.00010473609711327399,0,Low Threat
IOT_DEV_079683,0.0003729356022629997,0,Low Threat
IOT_DEV_039412,0.00010909975795670666,0,Low Threat
IOT_DEV_058325,0.0004384258763983585,0,Low Threat
IOT_DEV_060107,0.00020050007934116428,0,Low Threat
IOT_DEV_013841,9.986006921913281e-05,0,Low Threat
IOT_DEV_045564,0.00022688692432578484,0,Low Threat
IOT_DEV_017264,0.000990708007919707,0,Low Threat
IOT_DEV_061308,0.0003118295685029356,0,Low Threat
IOT_DEV_065583,0.00015275243351590558,0,Low Threat
IOT_DEV_068930,9.154064816354075e-05,0,Low Threat
IOT_DEV_060661,0.9999995754284845,1,High Threat
IOT_DEV_014171,0.00017174863977912315,0,Low Threat
IOT_DEV_068041,0.00010898254821965734,0,Low Threat
IOT_DEV_056053,0.00023912577820294864,0,Low Threat
IOT_DEV_012266,0.00018598157845719297,0,Low Threat
IOT_DEV_063003,0.9999666465823894,1,High Threat
IOT_DEV_040600,0.0002378523981847908,0,Low Threat
IOT_DEV_036400,5.394814180612235e-05,0,Low Threat
IOT_DEV_021005,7.915709165683985e-05,0,Low Threat
IOT_DEV_015048,0.0002456856866992184,0,Low Threat
IOT_DEV_032933,0.0007447107708026513,0,Low Threat
IOT_DEV_024729,0.00015148175977624075,0,Low Threat
IOT_DEV_032936,0.00016778550245184247,0,Low Threat
IOT_DEV_013632,0.9995573911688577,1,High Threat
IOT_DEV_075245,0.0002787331374677808,0,Low Threat
IOT_DEV_037809,0.00014979707136085515,0,Low Threat
IOT_DEV_027357,0.00031211031684204565,0,Low Threat
IOT_DEV_038014,0.00044156056858940626,0,Low Threat
IOT_DEV_005559,0.0001424194958802889,0,Low Threat
IOT_DEV_019316,6.495093312421106e-05,0,Low Threat
IOT_DEV_060109,0.0002159444499025023,0,Low Threat
IOT_DEV_029461,0.999999999988703,1,High Threat
IOT_DEV_034998,0.00010210330638813045,0,Low Threat
IOT_DEV_024113,0.00030870545201818584,0,Low Threat
IOT_DEV_003701,5.155916386065977e-05,0,Low Threat
IOT_DEV_053432,0.0001769034733811951,0,Low Threat
IOT_DEV_073502,0.00013557856157327646,0,Low Threat
IOT_DEV_053198,7.081814552695188e-05,0,Low Threat
IOT_DEV_071541,0.00013145189513268896,0,Low Threat
IOT_DEV_059742,0.0001858833284921169,0,Low Threat
IOT_DEV_039017,0.00017538612603532584,0,Low Threat
IOT_DEV_063837,0.0001207598617651319,0,Low Threat
IOT_DEV_023838,9.636091002313326e-05,0,Low Threat
IOT_DEV_059476,8.673179620929388e-05,0,Low Threat
IOT_DEV_027497,0.00016846168411064981,0,Low Threat
IOT_DEV_067647,8.568895422353005e-05,0,Low Threat
IOT_DEV_066195,0.00014780859884697684,0,Low Threat
IOT_DEV_013578,7.018858955990846e-05,0,Low Threat
IOT_DEV_068743,0.00022402915189205703,0,Low Threat
IOT_DEV_041150,6.033998754235527e-05,0,Low Threat
IOT_DEV_057589,0.0001683079676538072,0,Low Threat
IOT_DEV_023758,8.806138834431682e-05,0,Low Threat
IOT_DEV_077621,0.0003720707265122053,0,Low Threat
IOT_DEV_036598,7.425557285635049e-05,0,Low Threat
IOT_DEV_016687,2.9482484626271276e-05,0,Low Threat
IOT_DEV_077222,0.00043176464762907733,0,Low Threat
IOT_DEV_066566,0.0001390422909377813,0,Low Threat
IOT_DEV_000267,0.9785462782493961,1,High Threat
IOT_DEV_035097,0.00015735052859879684,0,Low Threat
IOT_DEV_065541,0.0005816832369565734,0,Low Threat
IOT_DEV_060346,5.103245451984314e-05,0,Low Threat
IOT_DEV_055558,7.363187008183712e-05,0,Low Threat
IOT_DEV_001127,0.00021527747846496884,0,Low Threat
IOT_DEV_033390,0.0007698084467616932,0,Low Threat
IOT_DEV_012267,6.238683142486757e-05,0,Low Threat
IOT_DEV_021261,0.00021678579314430714,0,Low Threat
IOT_DEV_021565,9.750805856788878e-05,0,Low Threat
IOT_DEV_073130,9.425020308953126e-05,0,Low Threat
IOT_DEV_016755,0.00016486996659975436,0,Low Threat
IOT_DEV_055463,8.803245153033798e-05,0,Low Threat
IOT_DEV_011745,0.0002588962755626125,0,Low Threat
IOT_DEV_051665,2.5646720789100804e-05,0,Low Threat
IOT_DEV_050595,3.885964906252233e-05,0,Low Threat
IOT_DEV_034103,0.000994603230267959,0,Low Threat
IOT_DEV_063439,0.00016946154233342148,0,Low Threat
IOT_DEV_050473,0.00015684163254060882,0,Low Threat
IOT_DEV_070795,0.00016327813301337502,0,Low Threat
IOT_DEV_060899,0.00021113274323271086,0,Low Threat
IOT_DEV_068814,0.00013530927894891295,0,Low Threat
IOT_DEV_049899,0.000620905983921303,0,Low Threat
IOT_DEV_029240,6.138425649407662e-05,0,Low Threat
IOT_DEV_001155,0.0005239509878639333,0,Low Threat
IOT_DEV_076102,0.0008951543864619121,0,Low Threat
IOT_DEV_020183,0.0002653548533291829,0,Low Threat
IOT_DEV_008865,4.1132693458993765e-05,0,Low Threat
IOT_DEV_020664,0.0001397662498675106,0,Low Threat
IOT_DEV_048254,0.00035326902502950524,0,Low Threat
IOT_DEV_066641,0.00014482437076639238,0,Low Threat
IOT_DEV_064653,0.00018893158003526587,0,Low Threat
IOT_DEV_041016,0.00010707052653174234,0,Low Threat
IOT_DEV_055186,0.00021121056915966808,0,Low Threat
IOT_DEV_008429,0.0002694554485864054,0,Low Threat
IOT_DEV_041899,0.00017618385089808412,0,Low Threat
IOT_DEV_079191,0.00035716027283960397,0,Low Threat
IOT_DEV_012363,0.000561689100355459,0,Low Threat
IOT_DEV_000525,0.00013884712462978888,0,Low Threat
IOT_DEV_073400,0.00024476375657030353,0,Low Threat
IOT_DEV_018658,0.00032687897310845055,0,Low Threat
IOT_DEV_035426,0.0002726491181778885,0,Low Threat
IOT_DEV_071143,0.00024427170794174175,0,Low Threat
IOT_DEV_045417,0.00019711713975905949,0,Low Threat
IOT_DEV_032124,0.00017122613553804397,0,Low Threat
IOT_DEV_032944,9.721021414179951e-05,0,Low Threat
IOT_DEV_064222,0.0002597529437129725,0,Low Threat
IOT_DEV_075861,8.395072405481665e-05,0,Low Threat
IOT_DEV_042995,5.1385504438771004e-05,0,Low Threat
IOT_DEV_026801,0.00018135496261394396,0,Low Threat
IOT_DEV_043182,0.00038511328135447804,0,Low Threat
IOT_DEV_053456,4.941118190645081e-05,0,Low Threat
IOT_DEV_006718,3.4473272509349376e-05,0,Low Threat
IOT_DEV_073612,0.00032629306148629345,0,Low Threat
IOT_DEV_042094,8.075275305955234e-05,0,Low Threat
IOT_DEV_010217,0.00028538732459117383,0,Low Threat
IOT_DEV_058954,0.0001471939507803701,0,Low Threat
IOT_DEV_016040,0.00012326808212234186,0,Low Threat
IOT_DEV_054420,0.000396870613177903,0,Low Threat
IOT_DEV_055151,0.0007220828527888949,0,Low Threat
IOT_DEV_079003,7.950235352620003e-05,0,Low Threat
IOT_DEV_051078,3.481708739124844e-05,0,Low Threat
IOT_DEV_071166,0.00015529858648749713,0,Low Threat
IOT_DEV_016704,0.0002865564069559726,0,Low Threat
IOT_DEV_056901,8.584647227025935e-05,0,Low Threat
IOT_DEV_043598,4.809300190857034e-05,0,Low Threat
IOT_DEV_040490,8.029648820609212e-05,0,Low Threat
IOT_DEV_064541,0.00011045491575338565,0,Low Threat
IOT_DEV_048923,0.0001591499323622951,0,Low Threat
IOT_DEV_058526,0.00025680027682120095,0,Low Threat
IOT_DEV_030083,0.00023622219574687245,0,Low Threat
IOT_DEV_059410,0.00013847464807726305,0,Low Threat
IOT_DEV_058263,6.556774850385333e-05,0,Low Threat
IOT_DEV_029443,0.0002472708241131191,0,Low Threat
IOT_DEV_040142,0.0008014158228979493,0,Low Threat
IOT_DEV_064639,0.00022201702773837697,0,Low Threat
IOT_DEV_013151,0.0001888323501081592,0,Low Threat
IOT_DEV_066552,0.00023412472225250067,0,Low Threat
IOT_DEV_030607,0.00030860884470303954,0,Low Threat
IOT_DEV_013100,0.9998627418601473,1,High Threat
IOT_DEV_041855,0.00017388663028926332,0,Low Threat
IOT_DEV_027551,0.00010407154540293806,0,Low Threat
IOT_DEV_033967,0.0001892879465160058,0,Low Threat
IOT_DEV_052918,0.00013738585872894143,0,Low Threat
IOT_DEV_000863,0.9991359257650329,1,High Threat
IOT_DEV_042422,8.353041038862293e-05,0,Low Threat
IOT_DEV_070226,0.00031994108602062445,0,Low Threat
IOT_DEV_042553,7.447263171141441e-05,0,Low Threat
IOT_DEV_026098,0.00024323977101783226,0,Low Threat
IOT_DEV_015687,0.9669646593079565,1,High Threat
IOT_DEV_046411,0.00016967455055938145,0,Low Threat
IOT_DEV_008530,0.00022351874710888688,0,Low Threat
IOT_DEV_010021,0.00010543392375372896,0,Low Threat
IOT_DEV_018177,0.0003444705396474604,0,Low Threat
IOT_DEV_041223,3.3689118477683145e-05,0,Low Threat
IOT_DEV_021999,0.00017547035225391774,0,Low Threat
IOT_DEV_046611,0.0003338475099565763,0,Low Threat
IOT_DEV_053212,0.000168101167856762,0,Low Threat
IOT_DEV_072382,0.00017227083723174414,0,Low Threat
IOT_DEV_072740,0.00026114636698196833,0,Low Threat
IOT_DEV_002687,4.926871453015461e-05,0,Low Threat
IOT_DEV_020934,2.800087422128282e-05,0,Low Threat
IOT_DEV_037675,0.0002866264466082048,0,Low Threat
IOT_DEV_013866,0.00023013537506403145,0,Low Threat
IOT_DEV_003273,7.166653807907397e-05,0,Low Threat
IOT_DEV_053317,0.00018406070905528651,0,Low Threat
IOT_DEV_023865,0.00012401181602806848,0,Low Threat
IOT_DEV_053337,0.00011726766320977245,0,Low Threat
IOT_DEV_064206,0.00014540165884490482,0,Low Threat
IOT_DEV_073353,0.00023669815012062955,0,Low Threat
IOT_DEV_072843,0.9999862068004906,1,High Threat
IOT_DEV_059987,0.0005583816890898529,0,Low Threat
IOT_DEV_061067,0.0005404880978774797,0,Low Threat
IOT_DEV_055354,3.4302959071526716e-05,0,Low Threat
IOT_DEV_030916,0.0003255061905287759,0,Low Threat
IOT_DEV_078740,7.160216953055428e-05,0,Low Threat
IOT_DEV_051919,0.00034054378894134716,0,Low Threat
IOT_DEV_004570,9.29696354714065e-05,0,Low Threat
IOT_DEV_054970,0.00018301400220199825,0,Low Threat
IOT_DEV_076891,8.985948631262691e-05,0,Low Threat
IOT_DEV_037129,0.9982059153920054,1,High Threat
IOT_DEV_019768,0.00010182498373503334,0,Low Threat
IOT_DEV_009238,0.00011838829492317535,0,Low Threat
IOT_DEV_006341,8.552121092324737e-05,0,Low Threat
IOT_DEV_003309,0.00021296008725311683,0,Low Threat
IOT_DEV_072495,7.33425987145183e-05,0,Low Threat
IOT_DEV_014370,0.00010569744800689441,0,Low Threat
IOT_DEV_019810,0.0002436261450217718,0,Low Threat
IOT_DEV_010802,0.00024475013560576437,0,Low Threat
IOT_DEV_061046,0.00016058537653682218,0,Low Threat
IOT_DEV_046962,0.0004786863367507711,0,Low Threat
IOT_DEV_029383,0.0003877983983010612,0,Low Threat
IOT_DEV_010619,0.0001594225348245715,0,Low Threat
IOT_DEV_007295,0.0006222584921185219,0,Low Threat
IOT_DEV_056346,0.00028621596904244707,0,Low Threat
IOT_DEV_036272,0.00045653319052480146,0,Low Threat
IOT_DEV_059563,9.709080418890292e-05,0,Low Threat
IOT_DEV_030372,7.594112211066215e-05,0,Low Threat
IOT_DEV_020051,8.260890988924174e-05,0,Low Threat
IOT_DEV_076166,0.999978109831116,1,High Threat
IOT_DEV_032435,0.0001831478429552522,0,Low Threat
IOT_DEV_008249,0.00010628351339591526,0,Low Threat
IOT_DEV_055682,0.00012496359735425657,0,Low Threat
IOT_DEV_052018,8.68159224325182e-05,0,Low Threat
IOT_DEV_066220,0.0002428274432880922,0,Low Threat
IOT_DEV_005707,1.9844161783076073e-05,0,Low Threat
IOT_DEV_064854,0.00010459333829339856,0,Low Threat
IOT_DEV_072950,0.00034721388809405817,0,Low Threat
IOT_DEV_039097,0.00018074919354313688,0,Low Threat
IOT_DEV_057779,0.0003818920989677138,0,Low Threat
IOT_DEV_026688,0.0002137901463416136,0,Low Threat
IOT_DEV_074613,7.395932689474405e-05,0,Low Threat
IOT_DEV_062271,0.9999995091725971,1,High Threat
IOT_DEV_008190,0.001076949571907207,0,Low Threat
IOT_DEV_038307,3.5497515381130286e-05,0,Low Threat
IOT_DEV_047602,0.00030033919805241783,0,Low Threat
IOT_DEV_056349,6.727091803790932e-05,0,Low Threat
IOT_DEV_023496,8.545611633559551e-05,0,Low Threat
IOT_DEV_021057,0.00011082057633131927,0,Low Threat
IOT_DEV_016294,0.00017568775003380785,0,Low Threat
IOT_DEV_010022,0.00011356212890632653,0,Low Threat
IOT_DEV_024430,0.00019123649844815508,0,Low Threat
IOT_DEV_063072,0.00021043498721838632,0,Low Threat
IOT_DEV_043436,0.00015121533392227208,0,Low Threat
IOT_DEV_074449,0.0003650608777245638,0,Low Threat
IOT_DEV_011271,4.7855481573178926e-05,0,Low Threat
IOT_DEV_010594,7.825067610469701e-05,0,Low Threat
IOT_DEV_015058,0.00019121801687758697,0,Low Threat
IOT_DEV_017396,0.0002641148072669856,0,Low Threat
IOT_DEV_078155,0.00042808210979649843,0,Low Threat
IOT_DEV_075894,0.00015652568856404557,0,Low Threat
IOT_DEV_049267,0.00014307863600304443,0,Low Threat
IOT_DEV_038444,0.00018414725321485608,0,Low Threat
IOT_DEV_038698,0.00029368391877190425,0,Low Threat
IOT_DEV_049126,0.0003335291771573105,0,Low Threat
IOT_DEV_033553,0.00019337947014959258,0,Low Threat
IOT_DEV_028753,0.0003776747988661855,0,Low Threat
IOT_DEV_039411,0.0008847502431647552,0,Low Threat
IOT_DEV_026147,0.00012104360001546383,0,Low Threat
IOT_DEV_076220,3.580056580872355e-05,0,Low Threat
IOT_DEV_059280,0.0007357068523203661,0,Low Threat
IOT_DEV_053701,0.00016904343214897268,0,Low Threat
IOT_DEV_005555,0.00014522302160061625,0,Low Threat
IOT_DEV_051148,0.0004312840967598596,0,Low Threat
IOT_DEV_076629,4.56540081660261e-05,0,Low Threat
IOT_DEV_025513,3.0072756582327275e-05,0,Low Threat
IOT_DEV_071349,0.9999990409905053,1,High Threat
IOT_DEV_053856,0.9999945421063435,1,High Threat
IOT_DEV_000656,8.76807985079039e-05,0,Low Threat
IOT_DEV_036708,0.0006225342411361443,0,Low Threat
IOT_DEV_054969,0.00031541817615331105,0,Low Threat
IOT_DEV_048053,0.00010444495316319107,0,Low Threat
IOT_DEV_070905,9.483568002800489e-05,0,Low Threat
IOT_DEV_001575,0.00012975105067529054,0,Low Threat
IOT_DEV_027895,0.9999338976154777,1,High Threat
IOT_DEV_024466,0.00037212806429477176,0,Low Threat
IOT_DEV_040827,6.845994335274325e-05,0,Low Threat
IOT_DEV_060717,0.00010599925247249454,0,Low Threat
IOT_DEV_061895,0.00026256259006678925,0,Low Threat
IOT_DEV_065433,0.0002476533128421388,0,Low Threat
IOT_DEV_044852,0.00016133208710881978,0,Low Threat
IOT_DEV_011053,0.0002070729974312246,0,Low Threat
IOT_DEV_076651,0.00011993112208085029,0,Low Threat
IOT_DEV_037238,3.529575640787472e-05,0,Low Threat
IOT_DEV_032940,5.487823294421463e-05,0,Low Threat
IOT_DEV_022810,0.9998554880667148,1,High Threat
IOT_DEV_069563,0.00012970007557578875,0,Low Threat
IOT_DEV_037216,0.9974082520467246,1,High Threat
IOT_DEV_022345,0.0005737589719958897,0,Low Threat
IOT_DEV_036817,7.240264190697003e-05,0,Low Threat
IOT_DEV_035336,0.00019946458722490848,0,Low Threat
IOT_DEV_070474,9.61199495627707e-05,0,Low Threat
IOT_DEV_072399,0.0004029518591481709,0,Low Threat
IOT_DEV_033158,6.364609135945534e-05,0,Low Threat
IOT_DEV_034691,6.779936197611382e-05,0,Low Threat
IOT_DEV_077199,0.00031733450399043576,0,Low Threat
IOT_DEV_062089,0.0004584408340211943,0,Low Threat
IOT_DEV_068074,1.9043493954785044e-05,0,Low Threat
IOT_DEV_065123,0.0001406405213309217,0,Low Threat
IOT_DEV_063943,4.1181472760333164e-05,0,Low Threat
IOT_DEV_035340,0.00019458160311959456,0,Low Threat
IOT_DEV_052438,0.00011337305373729107,0,Low Threat
IOT_DEV_000628,5.891804767733814e-05,0,Low Threat
IOT_DEV_039426,0.00012006666886358173,0,Low Threat
IOT_DEV_058355,0.0002388010504184914,0,Low Threat
IOT_DEV_007334,0.0002066171209050723,0,Low Threat
IOT_DEV_020058,0.00026533626153093154,0,Low Threat
IOT_DEV_060733,0.00016182940245952423,0,Low Threat
IOT_DEV_048776,0.0002125654963738972,0,Low Threat
IOT_DEV_028212,0.0001675901890116761,0,Low Threat
IOT_DEV_022521,0.0003290012800484368,0,Low Threat
IOT_DEV_054808,0.0001787921632798347,0,Low Threat
IOT_DEV_033731,0.000123296105948268,0,Low Threat
IOT_DEV_011495,0.0004268493525025091,0,Low Threat
IOT_DEV_061656,0.00020800124091460787,0,Low Threat
IOT_DEV_007738,0.0003160901031957348,0,Low Threat
IOT_DEV_015767,8.467183285385255e-05,0,Low Threat
IOT_DEV_014615,0.00019901247879159338,0,Low Threat
IOT_DEV_072415,0.00043058901702630825,0,Low Threat
IOT_DEV_068289,0.00014637019869795102,0,Low Threat
IOT_DEV_030632,0.0003496577794270502,0,Low Threat
IOT_DEV_045871,0.00011003267940139794,0,Low Threat
IOT_DEV_005568,0.0001215379056564228,0,Low Threat
IOT_DEV_003305,7.63074969359734e-05,0,Low Threat
IOT_DEV_061963,0.00022389772245740247,0,Low Threat
IOT_DEV_045084,7.1086189449642e-06,0,Low Threat
IOT_DEV_072564,3.600140948934663e-05,0,Low Threat
IOT_DEV_030070,0.00022708840536128655,0,Low Threat
IOT_DEV_066727,0.000638046147738997,0,Low Threat
IOT_DEV_027628,0.00018690065425087496,0,Low Threat
IOT_DEV_055053,0.00028768017517774276,0,Low Threat
IOT_DEV_015400,0.00024286014619197315,0,Low Threat
IOT_DEV_030114,9.102965729363524e-05,0,Low Threat
IOT_DEV_016165,9.211114867428756e-05,0,Low Threat
IOT_DEV_042971,0.0001803848685446989,0,Low Threat
IOT_DEV_057953,0.00024661662850402764,0,Low Threat
IOT_DEV_064991,6.932844178525153e-05,0,Low Threat
IOT_DEV_075884,0.00029392874515086077,0,Low Threat
IOT_DEV_018491,0.00021368444328681146,0,Low Threat
IOT_DEV_049781,0.0005810325973707141,0,Low Threat
IOT_DEV_048800,0.0002363616830651054,0,Low Threat
IOT_DEV_010222,0.00010317061346978169,0,Low Threat
IOT_DEV_077142,0.00010402631892675673,0,Low Threat
IOT_DEV_005056,3.571836303493383e-05,0,Low Threat
IOT_DEV_051442,0.00015453643157386002,0,Low Threat
IOT_DEV_033525,5.092241186213999e-05,0,Low Threat
IOT_DEV_023497,0.00020491083302497798,0,Low Threat
IOT_DEV_078408,0.9986938472354222,1,High Threat
IOT_DEV_053506,4.390295023714486e-05,0,Low Threat
IOT_DEV_039402,0.00011665337226115446,0,Low Threat
IOT_DEV_068617,0.001137373768847322,0,Low Threat
IOT_DEV_048733,0.00037168714912096736,0,Low Threat
IOT_DEV_027655,0.0001787672361035517,0,Low Threat
IOT_DEV_013996,0.99999851062309,1,High Threat
IOT_DEV_012230,0.0003793424003223823,0,Low Threat
IOT_DEV_010672,0.0006429274896925415,0,Low Threat
IOT_DEV_024381,0.00021579151247837133,0,Low Threat
IOT_DEV_066070,0.00026131035651627896,0,Low Threat
IOT_DEV_031935,0.0004118520075744996,0,Low Threat
IOT_DEV_058948,7.992183973246569e-05,0,Low Threat
IOT_DEV_072534,0.0006090011860895242,0,Low Threat
IOT_DEV_006330,0.9981654771965602,1,High Threat
IOT_DEV_037111,0.0001359512439540642,0,Low Threat
IOT_DEV_078468,0.0001275984229986064,0,Low Threat
IOT_DEV_004414,0.000505351118432081,0,Low Threat
IOT_DEV_051374,0.9934688996454302,1,High Threat
IOT_DEV_000128,0.00012410593607923976,0,Low Threat
IOT_DEV_075253,0.00021512192567446295,0,Low Threat
IOT_DEV_005717,0.00011806019824647294,0,Low Threat
IOT_DEV_017013,0.0002070647754418923,0,Low Threat
IOT_DEV_009684,6.978176781372204e-05,0,Low Threat
IOT_DEV_017051,0.00021393999799247117,0,Low Threat
IOT_DEV_069407,7.088046563804671e-05,0,Low Threat
IOT_DEV_064421,0.00017482035477053682,0,Low Threat
IOT_DEV_020973,0.00016198579928192075,0,Low Threat
IOT_DEV_015562,0.0001925008070192952,0,Low Threat
IOT_DEV_042776,0.00027469688706804185,0,Low Threat
IOT_DEV_065979,5.013952924709284e-05,0,Low Threat
IOT_DEV_003768,0.000157410749099408,0,Low Threat
IOT_DEV_013081,0.0003714603679630164,0,Low Threat
IOT_DEV_048965,8.85807693917456e-05,0,Low Threat
IOT_DEV_009933,0.00010243189915954487,0,Low Threat
IOT_DEV_047721,0.00042149903275179535,0,Low Threat
IOT_DEV_038129,4.07326507483181e-05,0,Low Threat
IOT_DEV_026996,0.00022359923217317307,0,Low Threat
IOT_DEV_007412,0.00010738913195179271,0,Low Threat
IOT_DEV_000907,4.1651093541565645e-05,0,Low Threat
IOT_DEV_051162,0.00014442971301232673,0,Low Threat
IOT_DEV_050740,0.00031090286520154105,0,Low Threat
IOT_DEV_062373,6.128128267348274e-05,0,Low Threat
IOT_DEV_018121,0.0002840620544093145,0,Low Threat
IOT_DEV_024165,0.00015339943886134215,0,Low Threat
IOT_DEV_063828,0.00019958556735947996,0,Low Threat
IOT_DEV_058599,8.760842360636416e-05,0,Low Threat
IOT_DEV_046357,0.00018926385337107276,0,Low Threat
IOT_DEV_024025,0.0004715041300578917,0,Low Threat
IOT_DEV_027296,0.000454914243863609,0,Low Threat
IOT_DEV_071900,0.00017108755226310205,0,Low Threat
IOT_DEV_000680,0.00036474816496866825,0,Low Threat
IOT_DEV_073930,0.00018540807524318126,0,Low Threat
IOT_DEV_053579,4.5112984948230714e-05,0,Low Threat
IOT_DEV_055125,0.00027927189045649493,0,Low Threat
IOT_DEV_061752,9.166567324430045e-05,0,Low Threat
IOT_DEV_024267,0.0001560827443130962,0,Low Threat
IOT_DEV_065965,0.00015189967175053808,0,Low Threat
IOT_DEV_014635,0.0002312006767782332,0,Low Threat
IOT_DEV_065421,0.00012211366070028455,0,Low Threat
IOT_DEV_016982,6.563756176817868e-05,0,Low Threat
IOT_DEV_049000,0.00022837408241673538,0,Low Threat
IOT_DEV_076099,0.00031836886404177614,0,Low Threat
IOT_DEV_005548,0.00017791594020031103,0,Low Threat
IOT_DEV_069722,8.010340213329558e-05,0,Low Threat
IOT_DEV_030075,8.34971990230017e-05,0,Low Threat
IOT_DEV_008083,0.0003150544996314125,0,Low Threat
IOT_DEV_051811,0.00020740035165208695,0,Low Threat
IOT_DEV_006485,0.0001162626054728189,0,Low Threat
IOT_DEV_053061,0.00024820282988444924,0,Low Threat
IOT_DEV_056763,0.0005729268848330232,0,Low Threat
IOT_DEV_044640,0.0003154225593080001,0,Low Threat
IOT_DEV_078118,0.000763463791781936,0,Low Threat
IOT_DEV_039596,5.299177990578112e-05,0,Low Threat
IOT_DEV_047319,0.00025979157999781735,0,Low Threat
IOT_DEV_037939,0.00044061902028359783,0,Low Threat
IOT_DEV_058370,2.3739834183521257e-05,0,Low Threat
IOT_DEV_060062,7.665874908647022e-05,0,Low Threat
IOT_DEV_039794,6.023326296618682e-05,0,Low Threat
IOT_DEV_045327,0.0002485284671316709,0,Low Threat
IOT_DEV_047268,5.109855350081519e-05,0,Low Threat
IOT_DEV_028780,0.0002079386799903904,0,Low Threat
IOT_DEV_024427,1.5615229291422226e-05,0,Low Threat
IOT_DEV_027588,0.0003516505881882326,0,Low Threat
IOT_DEV_071124,0.00010048828855995332,0,Low Threat
IOT_DEV_069197,0.9997454232877077,1,High Threat
IOT_DEV_055054,0.00010187536880764639,0,Low Threat
IOT_DEV_050715,0.00045645614185659174,0,Low Threat
IOT_DEV_006254,0.9999989444802985,1,High Threat
IOT_DEV_016475,0.0001479178547534118,0,Low Threat
IOT_DEV_030884,7.038005688566645e-05,0,Low Threat
IOT_DEV_044466,5.489789773999452e-05,0,Low Threat
IOT_DEV_044599,0.0001628159171757354,0,Low Threat
IOT_DEV_036443,0.0002473798304013598,0,Low Threat
IOT_DEV_073701,9.784899308397632e-05,0,Low Threat
IOT_DEV_024774,0.00016392093302658144,0,Low Threat
IOT_DEV_042131,0.00014079744814984068,0,Low Threat
IOT_DEV_026563,0.000294109626706051,0,Low Threat
IOT_DEV_024453,0.0004712973642540532,0,Low Threat
IOT_DEV_074263,8.123660206512426e-05,0,Low Threat
IOT_DEV_025820,0.000185049885978123,0,Low Threat
IOT_DEV_027071,0.0006706036059819526,0,Low Threat
IOT_DEV_009823,0.00015148848338813727,0,Low Threat
IOT_DEV_037104,0.00013767880366003855,0,Low Threat
IOT_DEV_021491,0.00028488987955540423,0,Low Threat
IOT_DEV_014505,0.9658293630548326,1,High Threat
IOT_DEV_027334,0.00010906288843285911,0,Low Threat
IOT_DEV_060270,0.00016364957915286673,0,Low Threat
IOT_DEV_079134,4.518232268721155e-05,0,Low Threat
IOT_DEV_022514,6.459295543045722e-05,0,Low Threat
IOT_DEV_065903,0.985960263503433,1,High Threat
IOT_DEV_026263,0.00022015763392609465,0,Low Threat
IOT_DEV_022271,0.00020178164785216539,0,Low Threat
IOT_DEV_044004,4.971775122702657e-05,0,Low Threat
IOT_DEV_014741,0.00011343255956318757,0,Low Threat
IOT_DEV_054427,0.00018993513130209283,0,Low Threat
IOT_DEV_069382,0.999917947958698,1,High Threat
IOT_DEV_069254,0.00014653191337402427,0,Low Threat
IOT_DEV_001247,0.000228649471472927,0,Low Threat
IOT_DEV_011618,5.884396635950457e-05,0,Low Threat
IOT_DEV_012951,0.0006766922974727615,0,Low Threat
IOT_DEV_063717,0.0007210844478774344,0,Low Threat
IOT_DEV_047505,0.00015477567164024194,0,Low Threat
IOT_DEV_014958,0.00019161714291669895,0,Low Threat
IOT_DEV_052191,0.00017033310182838621,0,Low Threat
IOT_DEV_066731,7.781042110200834e-05,0,Low Threat
IOT_DEV_056370,8.424001532635559e-05,0,Low Threat
IOT_DEV_071706,7.178646117553708e-05,0,Low Threat
IOT_DEV_001183,6.0961376452247265e-05,0,Low Threat
IOT_DEV_014122,0.00039018710236511574,0,Low Threat
IOT_DEV_064344,9.564022528313095e-05,0,Low Threat
IOT_DEV_024371,0.00010567839084333492,0,Low Threat
IOT_DEV_079257,9.954708379258486e-05,0,Low Threat
IOT_DEV_008570,0.0001320713043256466,0,Low Threat
IOT_DEV_024188,0.00028244239945287295,0,Low Threat
IOT_DEV_053850,0.000128986947478363,0,Low Threat
IOT_DEV_037943,0.00014931780826866263,0,Low Threat
IOT_DEV_017815,0.0009244790273874528,0,Low Threat
IOT_DEV_046906,0.00017709103909920173,0,Low Threat
IOT_DEV_063671,2.6010423025944606e-05,0,Low Threat
IOT_DEV_047318,5.75186478658553e-05,0,Low Threat
IOT_DEV_066187,0.0001934919734402913,0,Low Threat
IOT_DEV_050313,0.8934897861057787,1,High Threat
IOT_DEV_007726,3.550241459917353e-05,0,Low Threat
IOT_DEV_054356,0.0001382056004014185,0,Low Threat
IOT_DEV_008446,3.773946177998954e-05,0,Low Threat
IOT_DEV_079208,3.422426128882929e-05,0,Low Threat
IOT_DEV_077192,0.00016606388608827392,0,Low Threat
IOT_DEV_037554,0.00023587145214538547,0,Low Threat
IOT_DEV_028324,0.00014028998997741305,0,Low Threat
IOT_DEV_001831,0.00016103361110186655,0,Low Threat
IOT_DEV_035515,0.00046871739812127093,0,Low Threat
IOT_DEV_049919,5.367599044198278e-05,0,Low Threat
IOT_DEV_038804,0.0006697379050868883,0,Low Threat
IOT_DEV_036012,7.806847694290363e-05,0,Low Threat
IOT_DEV_065646,0.00039126809608225945,0,Low Threat
IOT_DEV_005253,0.00012504200647235516,0,Low Threat
IOT_DEV_047472,6.361434803454123e-05,0,Low Threat
IOT_DEV_021845,9.95754749339069e-05,0,Low Threat
IOT_DEV_032752,6.695250223527307e-05,0,Low Threat
IOT_DEV_052221,0.00019348016176917905,0,Low Threat
IOT_DEV_000125,0.0004911134224546361,0,Low Threat
IOT_DEV_014767,6.124961083155436e-05,0,Low Threat
IOT_DEV_005047,0.00014257850816969575,0,Low Threat
IOT_DEV_016736,7.092335491284972e-05,0,Low Threat
IOT_DEV_028368,0.00011255007210203932,0,Low Threat
IOT_DEV_036211,0.00028785361809890287,0,Low Threat
IOT_DEV_038382,4.5683502356702314e-05,0,Low Threat
IOT_DEV_065833,0.00023716779295829144,0,Low Threat
IOT_DEV_041093,0.0004130769466998995,0,Low Threat
IOT_DEV_053894,0.0001705488401790072,0,Low Threat
IOT_DEV_002256,0.0008152363852510056,0,Low Threat
IOT_DEV_049043,0.00021195330774414125,0,Low Threat
IOT_DEV_069331,5.6279195236020785e-05,0,Low Threat
IOT_DEV_064036,0.00017607233243716527,0,Low Threat
IOT_DEV_036859,0.0001062774317808094,0,Low Threat
IOT_DEV_043056,0.00018403984372541125,0,Low Threat
IOT_DEV_048126,8.260909704554106e-05,0,Low Threat
IOT_DEV_049797,0.9999791365574425,1,High Threat
IOT_DEV_029398,0.00036012541529291815,0,Low Threat
IOT_DEV_026524,0.00011707592193474389,0,Low Threat
IOT_DEV_025782,0.00028186143514277224,0,Low Threat
IOT_DEV_063461,0.0001890677333088866,0,Low Threat
IOT_DEV_023762,3.844662250442543e-05,0,Low Threat
IOT_DEV_013353,0.00016278530916116152,0,Low Threat
IOT_DEV_026685,8.377215998166028e-05,0,Low Threat
IOT_DEV_052535,0.00013430376816373014,0,Low Threat
IOT_DEV_009394,8.935372154937778e-05,0,Low Threat
IOT_DEV_015470,0.00015977399669710028,0,Low Threat
IOT_DEV_032115,7.31204138786458e-05,0,Low Threat
IOT_DEV_045189,0.00040927832070280026,0,Low Threat
IOT_DEV_003025,0.00022321645512060232,0,Low Threat
IOT_DEV_055357,7.59871596196634e-05,0,Low Threat
IOT_DEV_029610,0.00029911174998776646,0,Low Threat
IOT_DEV_016613,0.00015872636296082232,0,Low Threat
IOT_DEV_010408,0.9811429139746298,1,High Threat
IOT_DEV_075835,0.0002092331921095343,0,Low Threat
IOT_DEV_052568,0.00022882226411014234,0,Low Threat
IOT_DEV_058808,0.9998967849164327,1,High Threat
IOT_DEV_077529,0.00013132958015737488,0,Low Threat
IOT_DEV_054457,0.00010745357980572495,0,Low Threat
IOT_DEV_055549,4.007667076435378e-05,0,Low Threat
IOT_DEV_048802,0.00024358661140485937,0,Low Threat
IOT_DEV_005347,0.0003880214738591377,0,Low Threat
IOT_DEV_076049,9.412222849718915e-05,0,Low Threat
IOT_DEV_015843,7.725842030708349e-05,0,Low Threat
IOT_DEV_052101,0.00021062247747175155,0,Low Threat
IOT_DEV_003998,0.0006037840470060139,0,Low Threat
IOT_DEV_060115,4.3924226244927966e-05,0,Low Threat
IOT_DEV_079618,8.54834105695273e-05,0,Low Threat
IOT_DEV_023469,1.9888449447931068e-05,0,Low Threat
IOT_DEV_002108,0.0003460500739071598,0,Low Threat
IOT_DEV_002731,8.961488704279996e-05,0,Low Threat
IOT_DEV_036592,2.2456809616764553e-05,0,Low Threat
IOT_DEV_071756,0.00018066544199467328,0,Low Threat
IOT_DEV_036713,0.0004186104535675036,0,Low Threat
IOT_DEV_061185,0.0007891349243388098,0,Low Threat
IOT_DEV_006371,4.954272773590344e-05,0,Low Threat
IOT_DEV_006673,0.0003028493302009119,0,Low Threat
IOT_DEV_027780,2.8557379944238795e-05,0,Low Threat
IOT_DEV_059884,6.12280749156694e-05,0,Low Threat
IOT_DEV_018339,0.00019694621768406712,0,Low Threat
IOT_DEV_036465,0.00015768612951916816,0,Low Threat
IOT_DEV_058079,0.00048326431586874827,0,Low Threat
IOT_DEV_020883,0.00014949196862990209,0,Low Threat
IOT_DEV_076477,8.230389848373183e-05,0,Low Threat
IOT_DEV_005765,0.00036476883705108525,0,Low Threat
IOT_DEV_040940,9.972966178153291e-05,0,Low Threat
IOT_DEV_001140,0.0002472442262085683,0,Low Threat
IOT_DEV_033233,0.0002051580453488133,0,Low Threat
IOT_DEV_062202,0.00020794175098486035,0,Low Threat
IOT_DEV_013034,0.00024516903422158135,0,Low Threat
IOT_DEV_024037,0.9999546433300776,1,High Threat
IOT_DEV_049254,0.00012184632122131493,0,Low Threat
IOT_DEV_018371,0.00016072447102349514,0,Low Threat
IOT_DEV_033852,0.00029336449369261414,0,Low Threat
IOT_DEV_017781,0.00022880717907017197,0,Low Threat
IOT_DEV_014758,0.0001593002955365067,0,Low Threat
IOT_DEV_056824,0.00012385096742551494,0,Low Threat
IOT_DEV_072577,0.0003407098130633659,0,Low Threat
IOT_DEV_030475,0.00017873579305766217,0,Low Threat
IOT_DEV_033667,0.00014267761703247466,0,Low Threat
IOT_DEV_071257,0.00021353634092775687,0,Low Threat
IOT_DEV_077651,9.264412788836747e-05,0,Low Threat
IOT_DEV_057707,9.330163787432311e-05,0,Low Threat
IOT_DEV_016766,0.00014907652093222836,0,Low Threat
IOT_DEV_048396,0.0001252650521479723,0,Low Threat
IOT_DEV_009591,0.00022846450908301796,0,Low Threat
IOT_DEV_054826,7.839039247558345e-05,0,Low Threat
IOT_DEV_078124,0.00014451819893810446,0,Low Threat
IOT_DEV_014563,4.509520792372999e-05,0,Low Threat
IOT_DEV_079456,0.0004779747580212938,0,Low Threat
IOT_DEV_053099,9.411598901916965e-05,0,Low Threat
IOT_DEV_038559,5.8185545740230885e-05,0,Low Threat
IOT_DEV_064285,9.529217359571588e-05,0,Low Threat
IOT_DEV_007500,0.000405268525011227,0,Low Threat
IOT_DEV_066093,0.00013588373103601072,0,Low Threat
IOT_DEV_038130,0.00017949975912256126,0,Low Threat
IOT_DEV_051329,0.0003497136548874283,0,Low Threat
IOT_DEV_008076,0.00011013025942124216,0,Low Threat
IOT_DEV_076824,0.0002022803164306454,0,Low Threat
IOT_DEV_050261,0.00014709018890920862,0,Low Threat
IOT_DEV_010528,0.00012004725896487112,0,Low Threat
IOT_DEV_067114,0.00011188276509266697,0,Low Threat
IOT_DEV_037325,7.668634503319962e-05,0,Low Threat
IOT_DEV_079046,0.00028936129932984853,0,Low Threat
IOT_DEV_057165,0.0006346815336497906,0,Low Threat
IOT_DEV_034138,0.0002629741184771126,0,Low Threat
IOT_DEV_060634,5.0257391231184544e-05,0,Low Threat
IOT_DEV_025908,0.00016541815383320634,0,Low Threat
IOT_DEV_038711,0.00028285175160590255,0,Low Threat
IOT_DEV_016801,0.00010560843828782394,0,Low Threat
IOT_DEV_003254,0.00011019799696001911,0,Low Threat
IOT_DEV_007030,0.00012008861252796241,0,Low Threat
IOT_DEV_011366,0.00013544315459136964,0,Low Threat
IOT_DEV_046469,0.00013777243831270962,0,Low Threat
IOT_DEV_060366,8.580246865333125e-05,0,Low Threat
IOT_DEV_034354,0.0014247452811598966,0,Low Threat
IOT_DEV_075615,0.00012112166782099368,0,Low Threat
IOT_DEV_079035,0.0001704484882183428,0,Low Threat
IOT_DEV_004671,0.00018161454112410895,0,Low Threat
IOT_DEV_037130,9.929278714727562e-05,0,Low Threat
IOT_DEV_044009,0.00022772914313909934,0,Low Threat
IOT_DEV_005810,0.00020583193636784653,0,Low Threat
IOT_DEV_028050,9.66054900778483e-05,0,Low Threat
IOT_DEV_061841,0.00012113047512867592,0,Low Threat
IOT_DEV_047537,0.00022051833439375472,0,Low Threat
IOT_DEV_034507,0.00037670584509850357,0,Low Threat
IOT_DEV_059595,0.0008793146218685247,0,Low Threat
IOT_DEV_014520,0.0004043917379764762,0,Low Threat
IOT_DEV_049580,0.9999933782809619,1,High Threat
IOT_DEV_006885,4.472522361798991e-05,0,Low Threat
IOT_DEV_057070,0.8891293582022979,1,High Threat
IOT_DEV_045358,4.352885962065198e-05,0,Low Threat
IOT_DEV_032432,5.769769571394008e-05,0,Low Threat
IOT_DEV_068736,0.00025744150814273006,0,Low Threat
IOT_DEV_021369,0.0004611976821587862,0,Low Threat
IOT_DEV_025044,0.00015123212563531834,0,Low Threat
IOT_DEV_048719,0.00010678292967902744,0,Low Threat
IOT_DEV_031026,5.885157125985761e-05,0,Low Threat
IOT_DEV_079498,0.0001095727296402241,0,Low Threat
IOT_DEV_049025,0.00011532147329049691,0,Low Threat
IOT_DEV_051637,0.00015860201318474942,0,Low Threat
IOT_DEV_004294,0.0002649492081660129,0,Low Threat
IOT_DEV_058064,0.0003100057576759873,0,Low Threat
IOT_DEV_034993,9.422094795141545e-05,0,Low Threat
IOT_DEV_006992,0.0005277238061967909,0,Low Threat
IOT_DEV_042619,0.00023700210554946453,0,Low Threat
IOT_DEV_042210,5.37030423380082e-05,0,Low Threat
IOT_DEV_014503,0.0001481631082924764,0,Low Threat
IOT_DEV_078218,0.00016381167788040026,0,Low Threat
IOT_DEV_032460,0.00039800594413662944,0,Low Threat
IOT_DEV_078019,0.0002892963804695099,0,Low Threat
IOT_DEV_004017,0.0004231986379722813,0,Low Threat
IOT_DEV_032614,8.159791504423012e-05,0,Low Threat
IOT_DEV_064646,0.00020200304683848372,0,Low Threat
IOT_DEV_024299,4.1291909316259336e-05,0,Low Threat
IOT_DEV_031637,5.597735789150647e-05,0,Low Threat
IOT_DEV_076631,0.00016160369356395994,0,Low Threat
IOT_DEV_060514,0.00010623364772353813,0,Low Threat
IOT_DEV_049946,0.0001283869557238305,0,Low Threat
IOT_DEV_037287,0.0001455037141068571,0,Low Threat
IOT_DEV_042656,9.912671327027552e-05,0,Low Threat
IOT_DEV_028525,0.0002300684691974005,0,Low Threat
IOT_DEV_025376,8.18768278240226e-05,0,Low Threat
IOT_DEV_078189,0.0002200533084801342,0,Low Threat
IOT_DEV_051359,8.336277245130693e-05,0,Low Threat
IOT_DEV_013671,0.9999325678488004,1,High Threat
IOT_DEV_070300,6.295047983971218e-05,0,Low Threat
IOT_DEV_079304,6.59071884371137e-05,0,Low Threat
IOT_DEV_026880,0.00014790606754423188,0,Low Threat
IOT_DEV_068954,9.658142479150135e-05,0,Low Threat
IOT_DEV_004493,8.456436480571698e-05,0,Low Threat
IOT_DEV_035125,7.724909439487734e-05,0,Low Threat
IOT_DEV_049136,0.0002085569763896148,0,Low Threat
IOT_DEV_052431,9.866701627813999e-05,0,Low Threat
IOT_DEV_067241,0.0009093415276488516,0,Low Threat
IOT_DEV_009929,0.0007391235220777714,0,Low Threat
IOT_DEV_024578,0.0001974197671847164,0,Low Threat
IOT_DEV_031764,0.00017916223057335836,0,Low Threat
IOT_DEV_019717,0.0002470812241693828,0,Low Threat
IOT_DEV_034335,0.0004726652602675927,0,Low Threat
IOT_DEV_052448,0.00025543238834778637,0,Low Threat
IOT_DEV_009640,7.369556319881265e-05,0,Low Threat
IOT_DEV_074837,0.00017118774791382164,0,Low Threat
IOT_DEV_053111,0.00040008824157487273,0,Low Threat
IOT_DEV_077974,0.00026521687031701727,0,Low Threat
IOT_DEV_003176,0.0008208530092868114,0,Low Threat
IOT_DEV_011151,0.00014151727570702022,0,Low Threat
IOT_DEV_058301,5.823125984311068e-05,0,Low Threat
IOT_DEV_033516,0.00011129111034482678,0,Low Threat
IOT_DEV_041613,0.00013981109221620195,0,Low Threat
IOT_DEV_029452,0.00010604813367341245,0,Low Threat
IOT_DEV_062285,0.00012169200742137966,0,Low Threat
IOT_DEV_039670,0.0003905543364305695,0,Low Threat
IOT_DEV_016679,0.000658559692404041,0,Low Threat
IOT_DEV_058204,0.00039735075978389144,0,Low Threat
IOT_DEV_043001,0.0002158859971648556,0,Low Threat
IOT_DEV_007056,0.000588604838648452,0,Low Threat
IOT_DEV_039835,0.00010078927012561585,0,Low Threat
IOT_DEV_074844,0.00016469936043736296,0,Low Threat
IOT_DEV_006652,0.0003138871196552373,0,Low Threat
IOT_DEV_025014,0.0001487287790745923,0,Low Threat
IOT_DEV_026625,4.6288973171638565e-05,0,Low Threat
IOT_DEV_076223,0.000197778335116944,0,Low Threat
IOT_DEV_056171,0.00024731045522453514,0,Low Threat
IOT_DEV_005758,6.152564419424446e-05,0,Low Threat
IOT_DEV_007699,0.00048036397860806853,0,Low Threat
IOT_DEV_059010,0.0003397582001849278,0,Low Threat
IOT_DEV_070672,0.000364718742379877,0,Low Threat
IOT_DEV_049165,0.0002835630374601171,0,Low Threat
IOT_DEV_017094,0.0002870010404274461,0,Low Threat
IOT_DEV_036264,0.00010276781887007983,0,Low Threat
IOT_DEV_027391,0.00010585229313693256,0,Low Threat
IOT_DEV_055368,5.726407444244168e-05,0,Low Threat
IOT_DEV_061448,0.00018373375071561594,0,Low Threat
IOT_DEV_052218,2.2807221836519847e-05,0,Low Threat
IOT_DEV_013006,0.00012052828652908211,0,Low Threat
IOT_DEV_046299,0.00018541628657511513,0,Low Threat
IOT_DEV_029393,5.6761483645098445e-05,0,Low Threat
IOT_DEV_032867,0.00015667624267969827,0,Low Threat
IOT_DEV_037508,0.0004389196586175749,0,Low Threat
IOT_DEV_053289,0.00010790515732053295,0,Low Threat
IOT_DEV_008285,7.189470800462757e-05,0,Low Threat
IOT_DEV_047682,0.00011809744870754744,0,Low Threat
IOT_DEV_050675,0.0003339027562584271,0,Low Threat
IOT_DEV_005552,0.0003893745474986516,0,Low Threat
IOT_DEV_004872,9.075779667827161e-05,0,Low Threat
IOT_DEV_028687,0.00021544693729299641,0,Low Threat
IOT_DEV_066881,7.654420126543522e-05,0,Low Threat
IOT_DEV_004220,0.00016544877659432732,0,Low Threat
IOT_DEV_011840,0.0009508696070564831,0,Low Threat
IOT_DEV_067126,7.172450429182448e-05,0,Low Threat
IOT_DEV_063059,6.858603625401185e-05,0,Low Threat
IOT_DEV_011551,0.999929404561303,1,High Threat
IOT_DEV_042154,7.600064897828839e-05,0,Low Threat
IOT_DEV_030728,1.7865776321715834e-05,0,Low Threat
IOT_DEV_079370,0.00023005308538871907,0,Low Threat
IOT_DEV_034026,4.2547696750103425e-05,0,Low Threat
IOT_DEV_016223,0.0001526631379923205,0,Low Threat
IOT_DEV_039702,0.00017210255591433148,0,Low Threat
IOT_DEV_063591,9.355826433522748e-05,0,Low Threat
IOT_DEV_076870,0.0001353290300063524,0,Low Threat
IOT_DEV_079573,0.0005721439440555336,0,Low Threat
IOT_DEV_004654,0.0003314102679537818,0,Low Threat
IOT_DEV_016246,4.693691346920287e-05,0,Low Threat
IOT_DEV_038616,0.0009155399101336739,0,Low Threat
IOT_DEV_059116,9.42645294276859e-05,0,Low Threat
IOT_DEV_071154,0.00010340860354515291,0,Low Threat
IOT_DEV_034762,2.712782984020535e-05,0,Low Threat
IOT_DEV_062730,0.0005531628994420731,0,Low Threat
IOT_DEV_052069,0.00019331552898859048,0,Low Threat
IOT_DEV_027061,7.433420957438088e-05,0,Low Threat
IOT_DEV_013018,4.909551390922656e-05,0,Low Threat
IOT_DEV_008880,0.0004108812645234359,0,Low Threat
IOT_DEV_041958,0.00011879493365534252,0,Low Threat
IOT_DEV_036876,1.9775020842678948e-05,0,Low Threat
IOT_DEV_013416,0.00028608736197815635,0,Low Threat
IOT_DEV_037499,0.00012011595317521267,0,Low Threat
IOT_DEV_058838,0.0006213014513838033,0,Low Threat
IOT_DEV_067704,7.241670678586824e-05,0,Low Threat
IOT_DEV_013512,0.00015242470748462426,0,Low Threat
IOT_DEV_006187,0.0014000174616646576,0,Low Threat
IOT_DEV_013803,7.360833440114048e-05,0,Low Threat
IOT_DEV_014821,6.17942695346175e-05,0,Low Threat
IOT_DEV_050839,0.00017067919280808945,0,Low Threat
IOT_DEV_053941,0.00017225405426659748,0,Low Threat
IOT_DEV_022193,5.835177494669864e-05,0,Low Threat
IOT_DEV_049239,9.24800563434299e-05,0,Low Threat
IOT_DEV_069928,5.962341871892433e-05,0,Low Threat
IOT_DEV_049070,0.00011779523628584753,0,Low Threat
IOT_DEV_045921,0.0003596193867075535,0,Low Threat
IOT_DEV_037023,0.0005623960807382374,0,Low Threat
IOT_DEV_006932,8.569749881582784e-05,0,Low Threat
IOT_DEV_015256,7.177107753904946e-05,0,Low Threat
IOT_DEV_048805,0.00039259567776810496,0,Low Threat
IOT_DEV_073139,6.480434395452657e-05,0,Low Threat
IOT_DEV_037231,0.9999308574682781,1,High Threat
IOT_DEV_071279,0.0005887353879248666,0,Low Threat
IOT_DEV_059411,0.0007641375146354108,0,Low Threat
IOT_DEV_053808,6.419069514766004e-05,0,Low Threat
IOT_DEV_022687,0.000490374975441666,0,Low Threat
IOT_DEV_031483,0.00015028100874729403,0,Low Threat
IOT_DEV_075255,6.576745949089232e-05,0,Low Threat
IOT_DEV_012163,0.00036441076272231566,0,Low Threat
IOT_DEV_051367,0.00017625802923081218,0,Low Threat
IOT_DEV_032797,6.753869467225653e-05,0,Low Threat
IOT_DEV_039013,0.00014481366332031232,0,Low Threat
IOT_DEV_050636,0.0001126750101824071,0,Low Threat
IOT_DEV_073046,6.670461154436867e-05,0,Low Threat
IOT_DEV_034232,0.0001152753726835698,0,Low Threat
IOT_DEV_042375,0.0003471844560045539,0,Low Threat
IOT_DEV_006096,0.00024063072719556476,0,Low Threat
IOT_DEV_006657,5.5307282163188564e-05,0,Low Threat
IOT_DEV_040606,0.00017482004445845646,0,Low Threat
IOT_DEV_037787,0.00025700379698115485,0,Low Threat
IOT_DEV_020994,0.00014162005260578525,0,Low Threat
IOT_DEV_050475,0.0008604573673418441,0,Low Threat
IOT_DEV_024662,0.9999992407265014,1,High Threat
IOT_DEV_042508,0.0004029664668413081,0,Low Threat
IOT_DEV_037092,0.00025584214285083223,0,Low Threat
IOT_DEV_032304,5.86314838665985e-05,0,Low Threat
IOT_DEV_018604,0.00030306563827174664,0,Low Threat
IOT_DEV_018819,0.9997990877792888,1,High Threat
IOT_DEV_058947,0.00033622299644585715,0,Low Threat
IOT_DEV_012556,0.00016447071509005336,0,Low Threat
IOT_DEV_007292,4.717202396972108e-05,0,Low Threat
IOT_DEV_048879,0.0001032648175547661,0,Low Threat
IOT_DEV_009846,0.0005888849664414961,0,Low Threat
IOT_DEV_041209,0.0001777056438855154,0,Low Threat
IOT_DEV_051140,0.0008095981771357594,0,Low Threat
IOT_DEV_068006,0.00038099037565778396,0,Low Threat
IOT_DEV_000574,5.0635727281460064e-05,0,Low Threat
IOT_DEV_048049,0.00017968589305774325,0,Low Threat
IOT_DEV_000821,0.0008601762628055881,0,Low Threat
IOT_DEV_045121,0.00010365542810024065,0,Low Threat
IOT_DEV_074340,5.1168203240502324e-05,0,Low Threat
IOT_DEV_005013,0.0002413233469393027,0,Low Threat
IOT_DEV_069556,0.00011789645295289944,0,Low Threat
IOT_DEV_054192,6.453707184555614e-05,0,Low Threat
IOT_DEV_013049,0.00016428226886393093,0,Low Threat
IOT_DEV_070232,0.000652687299858369,0,Low Threat
IOT_DEV_039656,0.9860026198716934,1,High Threat
IOT_DEV_039296,7.024809678245428e-05,0,Low Threat
IOT_DEV_069820,0.00027977599197412004,0,Low Threat
IOT_DEV_018713,9.58641001426882e-05,0,Low Threat
IOT_DEV_026790,0.00039866739060344993,0,Low Threat
IOT_DEV_061981,0.0003155120646237289,0,Low Threat
IOT_DEV_009255,0.00015420471126624205,0,Low Threat
IOT_DEV_054114,0.0002467814440779806,0,Low Threat
IOT_DEV_037560,0.0003256774066454715,0,Low Threat
IOT_DEV_052031,0.0002957416612962058,0,Low Threat
IOT_DEV_047243,0.00014135745612436072,0,Low Threat
IOT_DEV_025570,0.9997144743653955,1,High Threat
IOT_DEV_056906,0.0010077986050021238,0,Low Threat
IOT_DEV_037021,8.699560642505171e-05,0,Low Threat
IOT_DEV_016696,0.0003018704939021918,0,Low Threat
IOT_DEV_054603,0.0003472839368210159,0,Low Threat
IOT_DEV_056568,0.00018947326338229363,0,Low Threat
IOT_DEV_028097,0.00021557794789716267,0,Low Threat
IOT_DEV_036298,0.00030741342736687543,0,Low Threat
IOT_DEV_061784,0.00019062922969456737,0,Low Threat
IOT_DEV_049346,0.00022288306037569674,0,Low Threat
IOT_DEV_044665,0.0003902157548970457,0,Low Threat
IOT_DEV_067050,0.0004914739825203302,0,Low Threat
IOT_DEV_034677,8.030143833675524e-05,0,Low Threat
IOT_DEV_025225,0.0003291523892435852,0,Low Threat
IOT_DEV_047725,0.00019258030194503902,0,Low Threat
IOT_DEV_022178,0.0006351946371674768,0,Low Threat
IOT_DEV_077342,4.969245545101395e-05,0,Low Threat
IOT_DEV_025905,0.0003104833423179027,0,Low Threat
IOT_DEV_006696,7.927843301595246e-05,0,Low Threat
IOT_DEV_048566,3.701239119014964e-05,0,Low Threat
IOT_DEV_058440,0.0013278962390576954,0,Low Threat
IOT_DEV_059180,0.0004465097324762183,0,Low Threat
IOT_DEV_021806,5.739681450159353e-05,0,Low Threat
IOT_DEV_032901,3.4708612872096315e-05,0,Low Threat
IOT_DEV_002330,0.0003489892084960949,0,Low Threat
IOT_DEV_035717,0.0005602205710882717,0,Low Threat
IOT_DEV_079697,0.00013740459578451194,0,Low Threat
IOT_DEV_010139,5.4896589461918564e-05,0,Low Threat
IOT_DEV_046498,0.00012887570343123983,0,Low Threat
IOT_DEV_033304,9.658126643117861e-05,0,Low Threat
IOT_DEV_040481,0.0013995766376000318,0,Low Threat
IOT_DEV_070287,0.00017152344232667998,0,Low Threat
IOT_DEV_077487,7.208278988312984e-05,0,Low Threat
IOT_DEV_011119,0.0003818112796147099,0,Low Threat
IOT_DEV_039506,0.9872519582770534,1,High Threat
IOT_DEV_028868,0.00012359432276510087,0,Low Threat
IOT_DEV_028194,4.184914032982735e-05,0,Low Threat
IOT_DEV_049928,0.00014541314378827065,0,Low Threat
IOT_DEV_014189,5.4023911598105454e-05,0,Low Threat
IOT_DEV_033240,0.00010152118987358341,0,Low Threat
IOT_DEV_070181,0.00010794820388568706,0,Low Threat
IOT_DEV_002743,7.833479405046675e-05,0,Low Threat
IOT_DEV_054180,7.079282859525034e-05,0,Low Threat
IOT_DEV_008782,9.334865382446048e-05,0,Low Threat
IOT_DEV_068285,0.000151255837905586,0,Low Threat
IOT_DEV_054719,0.00022964585873311354,0,Low Threat
IOT_DEV_020173,5.587563427949605e-05,0,Low Threat
IOT_DEV_037109,0.00014921401948523084,0,Low Threat
IOT_DEV_034148,0.00011050054785185575,0,Low Threat
IOT_DEV_013360,0.0002598187857224337,0,Low Threat
IOT_DEV_050411,0.00048354561709192237,0,Low Threat
IOT_DEV_007322,0.00015658674150972928,0,Low Threat
IOT_DEV_068388,8.143242598869463e-05,0,Low Threat
IOT_DEV_055497,0.0009561857140793221,0,Low Threat
IOT_DEV_079651,5.47381855368026e-05,0,Low Threat
IOT_DEV_078006,0.00032190086484590373,0,Low Threat
IOT_DEV_046463,2.923427082426146e-05,0,Low Threat
IOT_DEV_038822,6.423296648104745e-05,0,Low Threat
IOT_DEV_063350,9.589035206724816e-05,0,Low Threat
IOT_DEV_006202,0.00048720548493598974,0,Low Threat
IOT_DEV_032111,0.00011489596267314888,0,Low Threat
IOT_DEV_017031,0.00037183418852255876,0,Low Threat
IOT_DEV_057370,0.00019989167139613902,0,Low Threat
IOT_DEV_001181,0.00019100970263597687,0,Low Threat
IOT_DEV_067220,0.00012295590090843794,0,Low Threat
IOT_DEV_070182,0.999977168434236,1,High Threat
IOT_DEV_062665,0.00014500396385216935,0,Low Threat
IOT_DEV_011623,0.00018676763044879577,0,Low Threat
IOT_DEV_060979,0.00023149453455189887,0,Low Threat
IOT_DEV_027450,0.00010507134394337817,0,Low Threat
IOT_DEV_004941,0.00012050032620644051,0,Low Threat
IOT_DEV_007896,0.0002926094788810791,0,Low Threat
IOT_DEV_069152,0.00010458382081113119,0,Low Threat
IOT_DEV_008818,7.941101573450712e-05,0,Low Threat
IOT_DEV_024959,0.00037346492002045945,0,Low Threat
IOT_DEV_022706,7.423646152394578e-05,0,Low Threat
IOT_DEV_004423,6.78960377911066e-05,0,Low Threat
IOT_DEV_028121,0.00015908137780489375,0,Low Threat
IOT_DEV_031341,0.0005340624941336558,0,Low Threat
IOT_DEV_058041,5.25547896901946e-05,0,Low Threat
IOT_DEV_070661,0.0005448227348065953,0,Low Threat
IOT_DEV_040649,0.0006107532712445773,0,Low Threat
IOT_DEV_028939,0.0001883608257460125,0,Low Threat
IOT_DEV_062888,5.28429831513098e-05,0,Low Threat
IOT_DEV_007876,0.0002541518681435348,0,Low Threat
IOT_DEV_056646,3.217623458096671e-05,0,Low Threat
IOT_DEV_022610,5.5100131139799e-05,0,Low Threat
IOT_DEV_016344,0.0007298938269881745,0,Low Threat
IOT_DEV_058461,0.00018485348413264344,0,Low Threat
IOT_DEV_059358,9.024284428258561e-05,0,Low Threat
IOT_DEV_052255,6.145731564435269e-05,0,Low Threat
IOT_DEV_071725,0.00017083906339062543,0,Low Threat
IOT_DEV_024858,0.00011145559181450431,0,Low Threat
IOT_DEV_002936,0.00013608157092579045,0,Low Threat
IOT_DEV_065472,5.122419289279319e-05,0,Low Threat
IOT_DEV_000477,9.530107999378695e-05,0,Low Threat
IOT_DEV_024961,3.7423039994724604e-05,0,Low Threat
IOT_DEV_041944,0.0001921370538661465,0,Low Threat
IOT_DEV_074989,0.00031349660662691745,0,Low Threat
IOT_DEV_058855,0.00014753965329074761,0,Low Threat
IOT_DEV_056872,0.00023184367166862412,0,Low Threat
IOT_DEV_068775,7.419252237692313e-05,0,Low Threat
IOT_DEV_017931,0.00010982519665179402,0,Low Threat
IOT_DEV_032446,0.00011309421780471961,0,Low Threat
IOT_DEV_045847,5.002483428520996e-05,0,Low Threat
IOT_DEV_074026,0.00011802527784766948,0,Low Threat
IOT_DEV_050708,8.579435044097165e-05,0,Low Threat
IOT_DEV_063110,0.00014870873904661294,0,Low Threat
IOT_DEV_067886,6.85217220700672e-05,0,Low Threat
IOT_DEV_058247,0.00020019006722155666,0,Low Threat
IOT_DEV_021680,8.50933808796063e-05,0,Low Threat
IOT_DEV_054481,7.09640405665931e-05,0,Low Threat
IOT_DEV_068681,0.00022168890924259205,0,Low Threat
IOT_DEV_069707,0.00011681225855154159,0,Low Threat
IOT_DEV_050044,0.0001155648810642594,0,Low Threat
IOT_DEV_073988,0.00017315849727528226,0,Low Threat
IOT_DEV_035617,4.832147454392296e-05,0,Low Threat
IOT_DEV_051974,0.0001544710808590394,0,Low Threat
IOT_DEV_062605,0.00013954977511369086,0,Low Threat
IOT_DEV_001033,2.092724304426191e-05,0,Low Threat
IOT_DEV_053655,3.0011211913350404e-05,0,Low Threat
IOT_DEV_015563,0.00019552839957172517,0,Low Threat
IOT_DEV_015939,4.812126877598881e-05,0,Low Threat
IOT_DEV_003279,0.00010223067255369766,0,Low Threat
IOT_DEV_066392,0.00014591759000694377,0,Low Threat
IOT_DEV_071892,0.00012614838853454219,0,Low Threat
IOT_DEV_029719,0.00017408309688611993,0,Low Threat
IOT_DEV_024877,0.0001754163820982068,0,Low Threat
IOT_DEV_066580,3.366772444097771e-05,0,Low Threat
IOT_DEV_012604,0.00022182673211910446,0,Low Threat
IOT_DEV_057111,4.4780627036933256e-05,0,Low Threat
IOT_DEV_051103,5.090837124816233e-05,0,Low Threat
IOT_DEV_056019,0.0001358460471857536,0,Low Threat
IOT_DEV_029821,5.105744281903052e-05,0,Low Threat
IOT_DEV_023818,6.90647706481143e-05,0,Low Threat
IOT_DEV_004574,0.00024052914896290537,0,Low Threat
IOT_DEV_005713,0.0005210673268586104,0,Low Threat
IOT_DEV_019081,4.83199309772546e-05,0,Low Threat
IOT_DEV_043803,0.00014898298353248894,0,Low Threat
IOT_DEV_020346,1.94129903664231e-05,0,Low Threat
IOT_DEV_065867,0.00015446715575349364,0,Low Threat
IOT_DEV_070979,7.849469776547542e-05,0,Low Threat
IOT_DEV_026002,0.0001703523615252364,0,Low Threat
IOT_DEV_048173,7.577665712704744e-05,0,Low Threat
IOT_DEV_035768,0.00022437743647125475,0,Low Threat
IOT_DEV_064338,0.000197054191248333,0,Low Threat
IOT_DEV_035883,0.0005637204868361478,0,Low Threat
IOT_DEV_050754,0.00027472312373895104,0,Low Threat
IOT_DEV_071754,0.000440452631028988,0,Low Threat
IOT_DEV_058730,7.480594347100999e-05,0,Low Threat
IOT_DEV_035348,9.090173471813703e-05,0,Low Threat
IOT_DEV_053485,9.164351610364986e-05,0,Low Threat
IOT_DEV_070723,5.709103135875507e-05,0,Low Threat
IOT_DEV_028423,0.0002173366397011134,0,Low Threat
IOT_DEV_041728,0.0002133623195575113,0,Low Threat
IOT_DEV_071235,0.0001696573578305589,0,Low Threat
IOT_DEV_016031,0.00014686055224113426,0,Low Threat
IOT_DEV_055819,9.081690943650566e-05,0,Low Threat
IOT_DEV_012257,0.00018945937023297446,0,Low Threat
IOT_DEV_061225,9.045255632222191e-05,0,Low Threat
IOT_DEV_024408,0.00042346651107404046,0,Low Threat
IOT_DEV_020561,0.00017158846172908064,0,Low Threat
IOT_DEV_009995,9.381143147407798e-05,0,Low Threat
IOT_DEV_061455,0.00044611500863424194,0,Low Threat
IOT_DEV_003301,8.044571483649487e-05,0,Low Threat
IOT_DEV_005006,7.239689927464557e-05,0,Low Threat
IOT_DEV_070963,5.769691333180268e-05,0,Low Threat
IOT_DEV_014669,0.00018093639857572348,0,Low Threat
IOT_DEV_042448,7.092211642641018e-05,0,Low Threat
IOT_DEV_041441,8.548699656228347e-05,0,Low Threat
IOT_DEV_027518,0.00026829592531058276,0,Low Threat
IOT_DEV_039974,0.0015031832140379115,0,Low Threat
IOT_DEV_060272,0.00015638061359308012,0,Low Threat
IOT_DEV_037912,8.882862043561645e-05,0,Low Threat
IOT_DEV_038463,0.0001727259232950932,0,Low Threat
IOT_DEV_029824,0.989551304611168,1,High Threat
IOT_DEV_022811,0.00025219994642011837,0,Low Threat
IOT_DEV_022175,0.00014254583516185045,0,Low Threat
IOT_DEV_058905,0.00011508455815202082,0,Low Threat
IOT_DEV_052278,0.0002826157113330526,0,Low Threat
IOT_DEV_074326,0.0001538011660589811,0,Low Threat
IOT_DEV_059830,0.0002952277236047411,0,Low Threat
IOT_DEV_002213,0.0004728476172674756,0,Low Threat
IOT_DEV_054759,0.000319747382153202,0,Low Threat
IOT_DEV_070730,0.0008869347825651583,0,Low Threat
IOT_DEV_041935,0.00023471455210574552,0,Low Threat
IOT_DEV_069901,0.00028384910233499586,0,Low Threat
IOT_DEV_027712,0.00020610691233987816,0,Low Threat
IOT_DEV_014734,0.0006247046955877394,0,Low Threat
IOT_DEV_030812,0.0003803944646185027,0,Low Threat
IOT_DEV_021588,0.0005455863310653576,0,Low Threat
IOT_DEV_038596,0.00015702762575864592,0,Low Threat
IOT_DEV_026453,0.0006550943766370803,0,Low Threat
IOT_DEV_070978,8.152590924507862e-05,0,Low Threat
IOT_DEV_039671,0.00019724500437590345,0,Low Threat
IOT_DEV_004469,0.0001641567931475696,0,Low Threat
IOT_DEV_027952,0.0006274892955105263,0,Low Threat
IOT_DEV_034938,0.00011972161085705868,0,Low Threat
IOT_DEV_011251,5.166739262246926e-05,0,Low Threat
IOT_DEV_065936,8.783585018420979e-05,0,Low Threat
IOT_DEV_007390,0.0002422529028263258,0,Low Threat
IOT_DEV_014500,0.00010152911519588683,0,Low Threat
IOT_DEV_005661,0.00011114685189566737,0,Low Threat
IOT_DEV_045724,0.00017240115704442578,0,Low Threat
IOT_DEV_071100,0.0002487151005406658,0,Low Threat
IOT_DEV_037329,0.0004833008714605535,0,Low Threat
IOT_DEV_011456,9.743994191621207e-05,0,Low Threat
IOT_DEV_069012,6.966468404257198e-05,0,Low Threat
IOT_DEV_026842,4.51801511676936e-05,0,Low Threat
IOT_DEV_056834,0.00045348632580225997,0,Low Threat
IOT_DEV_064942,5.8766886165167755e-05,0,Low Threat
IOT_DEV_069385,0.00017754751353853175,0,Low Threat
IOT_DEV_063706,5.9591455991033086e-05,0,Low Threat
IOT_DEV_013543,0.00010823952936114245,0,Low Threat
IOT_DEV_018489,4.061872895475685e-05,0,Low Threat
IOT_DEV_025485,0.0006622668501643296,0,Low Threat
IOT_DEV_013397,6.458805673644157e-05,0,Low Threat
IOT_DEV_029332,0.9989654041486544,1,High Threat
IOT_DEV_005170,0.00013263777973108096,0,Low Threat
IOT_DEV_076508,0.00022763545329794474,0,Low Threat
IOT_DEV_019446,0.00011678066621812364,0,Low Threat
IOT_DEV_015737,0.00012870055303401475,0,Low Threat
IOT_DEV_061648,0.0005104118789744361,0,Low Threat
IOT_DEV_055891,9.094013011861421e-05,0,Low Threat
IOT_DEV_072556,8.036814074830323e-05,0,Low Threat
IOT_DEV_064529,4.16877145077183e-05,0,Low Threat
IOT_DEV_020293,0.00031380695103656273,0,Low Threat
IOT_DEV_063997,0.00034138807326272003,0,Low Threat
IOT_DEV_028989,0.00011755785834782402,0,Low Threat
IOT_DEV_061890,0.00043450251943543924,0,Low Threat
IOT_DEV_076295,0.0002803414817372757,0,Low Threat
IOT_DEV_057080,0.0001402590177917169,0,Low Threat
IOT_DEV_017521,0.0001828667621593322,0,Low Threat
IOT_DEV_036073,5.9401991146164236e-05,0,Low Threat
IOT_DEV_071028,0.00012692083283520787,0,Low Threat
IOT_DEV_010541,0.0007711048261415446,0,Low Threat
IOT_DEV_054443,0.00010956165189353377,0,Low Threat
IOT_DEV_037543,0.0003601929913305167,0,Low Threat
IOT_DEV_060002,0.0001531279367496492,0,Low Threat
IOT_DEV_017077,0.0002968625441255995,0,Low Threat
IOT_DEV_073585,0.0001587463949279669,0,Low Threat
IOT_DEV_021987,0.00012364594231032116,0,Low Threat
IOT_DEV_070990,0.00022466130965507304,0,Low Threat
IOT_DEV_047893,6.197680562259104e-05,0,Low Threat
IOT_DEV_072060,0.00016125898561124505,0,Low Threat
IOT_DEV_029643,0.0006904912267574048,0,Low Threat
IOT_DEV_060586,0.0004948949812495888,0,Low Threat
IOT_DEV_002010,0.9531256641471629,1,High Threat
IOT_DEV_078165,0.0001257067970478428,0,Low Threat
IOT_DEV_000721,0.0003700524120044565,0,Low Threat
IOT_DEV_053543,7.392141082115929e-05,0,Low Threat
IOT_DEV_017227,0.0002562072389831336,0,Low Threat
IOT_DEV_006212,0.00017960247634002784,0,Low Threat
IOT_DEV_067801,7.561374120212552e-05,0,Low Threat
IOT_DEV_006838,0.00014888021096562274,0,Low Threat
IOT_DEV_043254,0.0001825142063732017,0,Low Threat
IOT_DEV_041155,0.00018974566011696243,0,Low Threat
IOT_DEV_049490,5.560880835427656e-05,0,Low Threat
IOT_DEV_001837,0.00013062672985551674,0,Low Threat
IOT_DEV_000950,3.1683330453992635e-05,0,Low Threat
IOT_DEV_071823,0.00047562467693895044,0,Low Threat
IOT_DEV_025160,0.00016777233585678979,0,Low Threat
IOT_DEV_062636,0.000256373415160276,0,Low Threat
IOT_DEV_075911,0.0013742201573146804,0,Low Threat
IOT_DEV_049296,0.00011860260517742617,0,Low Threat
IOT_DEV_061048,0.0001041390923691717,0,Low Threat
IOT_DEV_033962,8.693582846233478e-05,0,Low Threat
IOT_DEV_058857,0.00017400271290438988,0,Low Threat
IOT_DEV_053802,0.0001894471725455935,0,Low Threat
IOT_DEV_026950,0.00010876245846350724,0,Low Threat
IOT_DEV_025158,0.0001511929657167461,0,Low Threat
IOT_DEV_049297,7.493358587317256e-05,0,Low Threat
IOT_DEV_043207,7.093137661880753e-05,0,Low Threat
IOT_DEV_058491,0.00019679142920675272,0,Low Threat
IOT_DEV_052424,0.0003369864884756799,0,Low Threat
IOT_DEV_035735,0.0004223074997438473,0,Low Threat
IOT_DEV_010573,0.0002876454711245243,0,Low Threat
IOT_DEV_015714,0.00010311597689789994,0,Low Threat
IOT_DEV_075672,0.0005308246681152464,0,Low Threat
IOT_DEV_008616,0.00013071316170925836,0,Low Threat
IOT_DEV_078872,0.00011156395648194905,0,Low Threat
IOT_DEV_057665,0.0003532461957419432,0,Low Threat
IOT_DEV_078702,0.0003414374293420877,0,Low Threat
IOT_DEV_073195,0.0003409267726508429,0,Low Threat
IOT_DEV_076033,4.487390822805975e-05,0,Low Threat
IOT_DEV_076701,0.0003262808732002309,0,Low Threat
IOT_DEV_014166,0.0001273593991234746,0,Low Threat
IOT_DEV_011788,0.0001840176206186405,0,Low Threat
IOT_DEV_071254,0.0005401854406977303,0,Low Threat
IOT_DEV_079868,6.712450301914496e-05,0,Low Threat
IOT_DEV_041755,0.00015507317858078813,0,Low Threat
IOT_DEV_035274,0.00016867458846143033,0,Low Threat
IOT_DEV_040376,7.647674273520888e-05,0,Low Threat
IOT_DEV_022187,0.00014282937322629066,0,Low Threat
IOT_DEV_043646,0.0002425266449533066,0,Low Threat
IOT_DEV_001995,0.00017343869186097998,0,Low Threat
IOT_DEV_060767,0.00027877650216462044,0,Low Threat
IOT_DEV_064388,0.00025678206565015935,0,Low Threat
IOT_DEV_031907,7.423017454073413e-05,0,Low Threat
IOT_DEV_050415,0.00015337134059440968,0,Low Threat
IOT_DEV_047074,0.00018895841947665448,0,Low Threat
IOT_DEV_007341,7.392512420780288e-05,0,Low Threat
IOT_DEV_040882,0.00011023800057162628,0,Low Threat
IOT_DEV_078754,0.000451704538601581,0,Low Threat
IOT_DEV_011436,0.00022949989670312338,0,Low Threat
IOT_DEV_046741,6.736050468889733e-05,0,Low Threat
IOT_DEV_059142,8.600699033326795e-05,0,Low Threat
IOT_DEV_011754,0.00039278842985349566,0,Low Threat
IOT_DEV_013813,0.00017287595612183705,0,Low Threat
IOT_DEV_050799,0.9999599172891156,1,High Threat
IOT_DEV_069797,0.00013860275062086067,0,Low Threat
IOT_DEV_011891,2.0768630894208744e-05,0,Low Threat
IOT_DEV_064060,0.0005755712488431128,0,Low Threat
IOT_DEV_026588,1.3953118838194407e-05,0,Low Threat
IOT_DEV_031152,0.00022060772109032116,0,Low Threat
IOT_DEV_013206,0.0002539257484906079,0,Low Threat
IOT_DEV_050144,0.000302947556504202,0,Low Threat
IOT_DEV_030873,0.00017240262631635972,0,Low Threat
IOT_DEV_033682,0.0003878063400689065,0,Low Threat
IOT_DEV_061654,0.00020767363230184181,0,Low Threat
IOT_DEV_066310,3.573877965604321e-05,0,Low Threat
IOT_DEV_053577,0.00013025454689190527,0,Low Threat
IOT_DEV_046961,0.9776592573816975,1,High Threat
IOT_DEV_032088,0.00024308768409326282,0,Low Threat
IOT_DEV_044031,0.0002860362266890986,0,Low Threat
IOT_DEV_076034,0.0007228794009097179,0,Low Threat
IOT_DEV_008405,0.00018803695164592508,0,Low Threat
IOT_DEV_020681,0.00013141877260888408,0,Low Threat
IOT_DEV_044685,0.9999971844094121,1,High Threat
IOT_DEV_037636,0.0006434490100921496,0,Low Threat
IOT_DEV_061406,0.0005681326443421257,0,Low Threat
IOT_DEV_040812,0.00014961831659767146,0,Low Threat
IOT_DEV_075702,0.00017120965388901663,0,Low Threat
IOT_DEV_023533,6.994548800016057e-05,0,Low Threat
IOT_DEV_024493,0.00019380062258535764,0,Low Threat
IOT_DEV_048497,8.218819546142045e-05,0,Low Threat
IOT_DEV_009277,0.9999945140034274,1,High Threat
IOT_DEV_061783,0.00018211747312760952,0,Low Threat
IOT_DEV_021847,7.598654490257528e-05,0,Low Threat
IOT_DEV_014306,0.00010308015173280728,0,Low Threat
IOT_DEV_007802,0.00010099820710083117,0,Low Threat
IOT_DEV_009764,0.0003241442655194012,0,Low Threat
IOT_DEV_030486,4.826505533214841e-05,0,Low Threat
IOT_DEV_006562,0.0001969929701376114,0,Low Threat
IOT_DEV_051855,0.0001685135652478321,0,Low Threat
IOT_DEV_003378,7.366823698640747e-05,0,Low Threat
IOT_DEV_030645,0.00042671365223828704,0,Low Threat
IOT_DEV_066072,7.705343710565606e-05,0,Low Threat
IOT_DEV_000653,9.786049415713354e-05,0,Low Threat
IOT_DEV_048569,0.0002894325416695215,0,Low Threat
IOT_DEV_030970,8.233422254989079e-05,0,Low Threat
IOT_DEV_048402,0.00016058031252955113,0,Low Threat
IOT_DEV_020356,8.580917381548364e-05,0,Low Threat
IOT_DEV_013392,3.312995162315493e-05,0,Low Threat
IOT_DEV_014480,0.0003048426066092493,0,Low Threat
IOT_DEV_031928,0.0003932240022744022,0,Low Threat
IOT_DEV_059163,0.000620107620042843,0,Low Threat
IOT_DEV_056962,0.000154997876871132,0,Low Threat
IOT_DEV_067329,0.0002291324356886244,0,Low Threat
IOT_DEV_043193,0.0004048026217056543,0,Low Threat
IOT_DEV_026339,4.3873717084733516e-05,0,Low Threat
IOT_DEV_068634,5.474220028666161e-05,0,Low Threat
IOT_DEV_044198,0.0001671579146235682,0,Low Threat
IOT_DEV_059691,9.224140554644128e-05,0,Low Threat
IOT_DEV_010407,0.0004924415821859891,0,Low Threat
IOT_DEV_040962,0.00023358728858742354,0,Low Threat
IOT_DEV_009031,0.0001572882950115818,0,Low Threat
IOT_DEV_075086,0.0001819918875530575,0,Low Threat
IOT_DEV_006553,0.00013323567809913914,0,Low Threat
IOT_DEV_042640,0.0001726990283042444,0,Low Threat
IOT_DEV_012515,0.00037604368366747377,0,Low Threat
IOT_DEV_052421,5.796281682242463e-05,0,Low Threat
IOT_DEV_027616,0.0004858224207118527,0,Low Threat
IOT_DEV_049725,0.000208747441464494,0,Low Threat
IOT_DEV_027699,0.9999263434174451,1,High Threat
IOT_DEV_067453,7.943834080652586e-05,0,Low Threat
IOT_DEV_007573,4.392287559214612e-05,0,Low Threat
IOT_DEV_024664,0.0003012874668966559,0,Low Threat
IOT_DEV_028166,0.0011534015923057854,0,Low Threat
IOT_DEV_040926,0.0001613041110702856,0,Low Threat
IOT_DEV_078368,0.00046847055279934554,0,Low Threat
IOT_DEV_059533,1.4852871498304911e-05,0,Low Threat
IOT_DEV_039970,0.0001231050279216601,0,Low Threat
IOT_DEV_063005,0.00015820703123139589,0,Low Threat
IOT_DEV_060749,0.00014448624425779833,0,Low Threat
IOT_DEV_022537,0.00034697552788496514,0,Low Threat
IOT_DEV_079893,0.0003944612422800682,0,Low Threat
IOT_DEV_042766,0.0002674344410895156,0,Low Threat
IOT_DEV_059594,0.0002622464641459305,0,Low Threat
IOT_DEV_061264,0.0008690859960570288,0,Low Threat
IOT_DEV_051680,0.00012799482916280507,0,Low Threat
IOT_DEV_036032,0.00015305585777427793,0,Low Threat
IOT_DEV_002997,0.00036859533002266294,0,Low Threat
IOT_DEV_077531,0.000447495213104614,0,Low Threat
IOT_DEV_069760,0.00015810419346088336,0,Low Threat
IOT_DEV_066139,0.00010420379362914842,0,Low Threat
IOT_DEV_027262,0.0002584391772688467,0,Low Threat
IOT_DEV_022890,0.00023187921479135665,0,Low Threat
IOT_DEV_003057,0.00027481406751404575,0,Low Threat
IOT_DEV_019891,0.00045137137646622923,0,Low Threat
IOT_DEV_078415,0.00012590277006657594,0,Low Threat
IOT_DEV_005315,0.0001398752516668991,0,Low Threat
IOT_DEV_070498,7.923606740460651e-05,0,Low Threat
IOT_DEV_030488,6.680707462062859e-05,0,Low Threat
IOT_DEV_006374,0.9863734646468224,1,High Threat
IOT_DEV_061100,0.0001783111305097895,0,Low Threat
IOT_DEV_017237,7.623395274134453e-05,0,Low Threat
IOT_DEV_047434,0.00025768022439152753,0,Low Threat
IOT_DEV_057673,0.00014899477497671573,0,Low Threat
IOT_DEV_032289,0.00021988798649743196,0,Low Threat
IOT_DEV_051083,0.00018379542805846072,0,Low Threat
IOT_DEV_060220,0.9959921590456833,1,High Threat
IOT_DEV_069199,0.0001292354698141992,0,Low Threat
IOT_DEV_054171,0.0003868867399625986,0,Low Threat
IOT_DEV_009667,0.00021211552786934312,0,Low Threat
IOT_DEV_057475,0.00015215240833286838,0,Low Threat
IOT_DEV_023531,8.438774944979984e-05,0,Low Threat
IOT_DEV_010464,0.0003578313599584764,0,Low Threat
IOT_DEV_068210,0.0001511984070311681,0,Low Threat
IOT_DEV_013950,0.00030632505002710695,0,Low Threat
IOT_DEV_050257,0.0002001124137959424,0,Low Threat
IOT_DEV_072708,0.9706440732695443,1,High Threat
IOT_DEV_026821,0.000243936924778871,0,Low Threat
IOT_DEV_042034,0.00013244409745656675,0,Low Threat
IOT_DEV_070657,6.370749015744762e-05,0,Low Threat
IOT_DEV_077452,0.00011104675383240536,0,Low Threat
IOT_DEV_011276,0.9996330371675438,1,High Threat
IOT_DEV_032258,0.00016064018573726913,0,Low Threat
IOT_DEV_040207,0.00021152176081978228,0,Low Threat
IOT_DEV_004636,0.0002901742247827761,0,Low Threat
IOT_DEV_078236,0.00029897007602990017,0,Low Threat
IOT_DEV_063030,0.00011318378621397811,0,Low Threat
IOT_DEV_064606,0.0001314538214749338,0,Low Threat
IOT_DEV_056167,0.0002646638485111639,0,Low Threat
IOT_DEV_078705,0.00015691578071793573,0,Low Threat
IOT_DEV_027804,7.60763197556853e-05,0,Low Threat
IOT_DEV_052395,0.0003120477423940318,0,Low Threat
IOT_DEV_044211,0.0001394500281519999,0,Low Threat
IOT_DEV_037059,0.00036388780973689724,0,Low Threat
IOT_DEV_077109,0.9997404165525955,1,High Threat
IOT_DEV_072499,4.3364218766131e-05,0,Low Threat
IOT_DEV_055927,0.0001980230936145993,0,Low Threat
IOT_DEV_059647,0.00011516805689113666,0,Low Threat
IOT_DEV_067871,0.0002081818165247027,0,Low Threat
IOT_DEV_074647,0.0006275466881561369,0,Low Threat
IOT_DEV_060578,0.0008441448376688936,0,Low Threat
IOT_DEV_064554,0.00016160749006887147,0,Low Threat
IOT_DEV_054179,0.9999863310953151,1,High Threat
IOT_DEV_025253,9.276322571237328e-05,0,Low Threat
IOT_DEV_034662,0.00034315974856544037,0,Low Threat
IOT_DEV_028729,0.00021014043586202704,0,Low Threat
IOT_DEV_034789,9.082831537105352e-05,0,Low Threat
IOT_DEV_030591,0.0005044032858248421,0,Low Threat
IOT_DEV_000115,0.00026503943015347996,0,Low Threat
IOT_DEV_003522,0.0002255136655983172,0,Low Threat
IOT_DEV_054421,0.0002496521038169884,0,Low Threat
IOT_DEV_066188,7.357788739469758e-05,0,Low Threat
IOT_DEV_038532,8.42430567402249e-05,0,Low Threat
IOT_DEV_075368,0.9999798242178239,1,High Threat
IOT_DEV_041455,4.9194954465657616e-05,0,Low Threat
IOT_DEV_039626,0.00016808683728023992,0,Low Threat
IOT_DEV_041999,3.737544325225765e-05,0,Low Threat
IOT_DEV_051229,0.0005280696977074525,0,Low Threat
IOT_DEV_001222,8.069363243871068e-05,0,Low Threat
IOT_DEV_049228,0.00011703307195447949,0,Low Threat
IOT_DEV_078936,0.0007962471232197358,0,Low Threat
IOT_DEV_077960,4.172431715391515e-05,0,Low Threat
IOT_DEV_058958,0.0003779657049861188,0,Low Threat
IOT_DEV_063985,0.00015989679410121778,0,Low Threat
IOT_DEV_030046,0.0005027362193010969,0,Low Threat
IOT_DEV_068982,0.0002202545039555986,0,Low Threat
IOT_DEV_016899,0.0005333488061286735,0,Low Threat
IOT_DEV_045188,0.0004655655751779056,0,Low Threat
IOT_DEV_038758,0.0003154184845405201,0,Low Threat
IOT_DEV_045119,7.553937979037883e-05,0,Low Threat
IOT_DEV_066478,0.0001917676232030209,0,Low Threat
IOT_DEV_063112,0.0004160194456611906,0,Low Threat
IOT_DEV_047138,0.00015421980133597813,0,Low Threat
IOT_DEV_007724,6.287538151057946e-05,0,Low Threat
IOT_DEV_040307,7.525488443863253e-05,0,Low Threat
IOT_DEV_019371,0.0004343695468562911,0,Low Threat
IOT_DEV_053304,0.0006466757888087641,0,Low Threat
IOT_DEV_031685,0.00039202110296436825,0,Low Threat
IOT_DEV_004388,0.0001380189677461777,0,Low Threat
IOT_DEV_012294,0.0001117850530094143,0,Low Threat
IOT_DEV_031452,8.703216410515734e-05,0,Low Threat
IOT_DEV_055754,0.00025378566189180967,0,Low Threat
IOT_DEV_043032,0.0003298091952222019,0,Low Threat
IOT_DEV_010701,0.00023581369027202942,0,Low Threat
IOT_DEV_041187,6.8959346868141e-05,0,Low Threat
IOT_DEV_023980,0.0004353568064823648,0,Low Threat
IOT_DEV_047315,0.0005314180877007225,0,Low Threat
IOT_DEV_062999,0.00016493702154930746,0,Low Threat
IOT_DEV_041452,3.6542404684436965e-05,0,Low Threat
IOT_DEV_027211,0.00016311633071928148,0,Low Threat
IOT_DEV_075249,0.00019255617391225358,0,Low Threat
IOT_DEV_052349,9.769846432380739e-05,0,Low Threat
IOT_DEV_078805,3.707491893272558e-05,0,Low Threat
IOT_DEV_066475,8.781930735097961e-05,0,Low Threat
IOT_DEV_045224,0.0001777366205480943,0,Low Threat
IOT_DEV_060461,0.00033751817752210783,0,Low Threat
IOT_DEV_035015,0.0003506991744828605,0,Low Threat
IOT_DEV_065488,0.00011432836811653237,0,Low Threat
IOT_DEV_053166,0.00037403526459308463,0,Low Threat
IOT_DEV_059279,0.00013645457461224927,0,Low Threat
IOT_DEV_073387,0.00017932520854458469,0,Low Threat
IOT_DEV_058966,0.00010920563596174729,0,Low Threat
IOT_DEV_063344,0.000295439805994273,0,Low Threat
IOT_DEV_005399,0.00014022994745602421,0,Low Threat
IOT_DEV_018088,0.00029652634004840477,0,Low Threat
IOT_DEV_030971,7.860115988838572e-05,0,Low Threat
IOT_DEV_033839,0.00013534988905206376,0,Low Threat
IOT_DEV_073445,3.602739725061231e-05,0,Low Threat
IOT_DEV_034376,0.00021893630991088857,0,Low Threat
IOT_DEV_014075,0.0005793509951885822,0,Low Threat
IOT_DEV_025088,0.0004287473735402376,0,Low Threat
IOT_DEV_008677,0.0001353042428959692,0,Low Threat
IOT_DEV_050221,9.03867757321895e-05,0,Low Threat
IOT_DEV_015624,0.00041522737909186136,0,Low Threat
IOT_DEV_037374,2.1440682196427585e-05,0,Low Threat
IOT_DEV_044191,0.000353576481211087,0,Low Threat
IOT_DEV_003790,8.326913837662695e-05,0,Low Threat
IOT_DEV_018216,8.07770661741037e-05,0,Low Threat
IOT_DEV_052307,0.00019734281824972813,0,Low Threat
IOT_DEV_003004,0.0004732005211059658,0,Low Threat
IOT_DEV_040293,0.00014743893969880982,0,Low Threat
IOT_DEV_033024,0.000119461839286382,0,Low Threat
IOT_DEV_054693,0.00014326896920810228,0,Low Threat
IOT_DEV_014793,0.00016109990771696775,0,Low Threat
IOT_DEV_074334,0.00026497022007868683,0,Low Threat
IOT_DEV_042610,0.00016764018528041795,0,Low Threat
IOT_DEV_006189,0.00017689935778978389,0,Low Threat
IOT_DEV_078889,0.00012885646163824266,0,Low Threat
IOT_DEV_037065,0.0001130964632562007,0,Low Threat
IOT_DEV_021357,0.00038489492154683563,0,Low Threat
IOT_DEV_016003,6.721086665963018e-05,0,Low Threat
IOT_DEV_074968,0.00013651304587929792,0,Low Threat
IOT_DEV_045012,0.0001801905707241394,0,Low Threat
IOT_DEV_007268,0.00020566733997783666,0,Low Threat
IOT_DEV_022933,0.0006799629727142251,0,Low Threat
IOT_DEV_034469,0.00024983377476404933,0,Low Threat
IOT_DEV_060065,0.00011744478895338157,0,Low Threat
IOT_DEV_026495,4.8264355592324795e-05,0,Low Threat
IOT_DEV_038243,0.0002041312683139871,0,Low Threat
IOT_DEV_077797,0.0001271802774663811,0,Low Threat
IOT_DEV_056037,0.0004084750413048493,0,Low Threat
IOT_DEV_042427,9.601708061322638e-05,0,Low Threat
IOT_DEV_034266,9.032742583725305e-05,0,Low Threat
IOT_DEV_038924,2.997600447468103e-05,0,Low Threat
IOT_DEV_012142,0.0002721218933871976,0,Low Threat
IOT_DEV_040508,0.0003197999769761208,0,Low Threat
IOT_DEV_072311,0.00012688370093192895,0,Low Threat
IOT_DEV_005995,0.0001504448688119263,0,Low Threat
IOT_DEV_004614,0.00010830942346835077,0,Low Threat
IOT_DEV_047076,0.9999955154369938,1,High Threat
IOT_DEV_025895,0.00032502327241348144,0,Low Threat
IOT_DEV_071582,0.00023465680660690282,0,Low Threat
IOT_DEV_014807,6.219418290145906e-05,0,Low Threat
IOT_DEV_005602,0.00025679332645845305,0,Low Threat
IOT_DEV_039997,0.00037877362967231315,0,Low Threat
IOT_DEV_074812,9.211447508300357e-05,0,Low Threat
IOT_DEV_023987,2.8130780893059203e-05,0,Low Threat
IOT_DEV_063582,0.00010568627896629393,0,Low Threat
IOT_DEV_033165,0.0001563820757493957,0,Low Threat
IOT_DEV_066157,0.9759826646697831,1,High Threat
IOT_DEV_071904,6.871635787454835e-05,0,Low Threat
IOT_DEV_073663,0.0002800385280283853,0,Low Threat
IOT_DEV_028490,0.00021733716257265912,0,Low Threat
IOT_DEV_021652,0.0001998184280563973,0,Low Threat
IOT_DEV_020729,0.0006330143476094904,0,Low Threat
IOT_DEV_060367,0.00022322412643221052,0,Low Threat
IOT_DEV_013615,0.00026529897307215017,0,Low Threat
IOT_DEV_048351,0.0003524737049726749,0,Low Threat
IOT_DEV_026467,0.0006381702321151687,0,Low Threat
IOT_DEV_049525,0.00015051447519698493,0,Low Threat
IOT_DEV_070514,0.0003133011706314061,0,Low Threat
IOT_DEV_048212,0.9997137213297187,1,High Threat
IOT_DEV_046968,0.00021997614131369402,0,Low Threat
IOT_DEV_020416,0.0001901528983535587,0,Low Threat
IOT_DEV_032285,0.0002870197971749593,0,Low Threat
IOT_DEV_033254,0.0008007530861462892,0,Low Threat
IOT_DEV_019646,7.733644982140969e-05,0,Low Threat
IOT_DEV_026032,8.516145836108988e-05,0,Low Threat
IOT_DEV_053685,0.00010108108667098962,0,Low Threat
IOT_DEV_030243,0.00048745211279094746,0,Low Threat
IOT_DEV_023301,0.00047882077859937104,0,Low Threat
IOT_DEV_023086,8.064036487894359e-05,0,Low Threat
IOT_DEV_014604,4.768204181180027e-05,0,Low Threat
IOT_DEV_020396,6.193607934804015e-05,0,Low Threat
IOT_DEV_009452,0.00013630270385487262,0,Low Threat
IOT_DEV_029255,0.0001294997441150322,0,Low Threat
IOT_DEV_032651,7.579491581792104e-05,0,Low Threat
IOT_DEV_024136,0.000187167685005204,0,Low Threat
IOT_DEV_037599,5.060439634659837e-05,0,Low Threat
IOT_DEV_034646,0.0001886711750689881,0,Low Threat
IOT_DEV_024485,0.00029857433600732604,0,Low Threat
IOT_DEV_055229,6.431818879535988e-05,0,Low Threat
IOT_DEV_004811,0.00042646747733757337,0,Low Threat
IOT_DEV_003657,0.9767397270304449,1,High Threat
IOT_DEV_015046,8.560323785331726e-05,0,Low Threat
IOT_DEV_008915,0.0002036519080219027,0,Low Threat
IOT_DEV_054575,0.00014630830840121287,0,Low Threat
IOT_DEV_026461,0.00039012608849084434,0,Low Threat
IOT_DEV_005443,0.00013254245000891084,0,Low Threat
IOT_DEV_037853,0.00016766518893880663,0,Low Threat
IOT_DEV_078774,0.0006871406268678889,0,Low Threat
IOT_DEV_059511,5.291022362845023e-05,0,Low Threat
IOT_DEV_000633,8.842595480650206e-05,0,Low Threat
IOT_DEV_021620,0.00011196125330587026,0,Low Threat
IOT_DEV_049400,0.00011946222793134624,0,Low Threat
IOT_DEV_079455,0.00017166950021629162,0,Low Threat
IOT_DEV_061544,0.000457036969548447,0,Low Threat
IOT_DEV_058353,0.00016439183520388834,0,Low Threat
IOT_DEV_056853,6.224288978216597e-05,0,Low Threat
IOT_DEV_044881,3.918323625385823e-05,0,Low Threat
IOT_DEV_072525,0.00023091618294749554,0,Low Threat
IOT_DEV_079872,0.0001826256419981637,0,Low Threat
IOT_DEV_021162,3.113900390988968e-05,0,Low Threat
IOT_DEV_033020,0.0003278345430885119,0,Low Threat
IOT_DEV_059944,0.0003110035889991798,0,Low Threat
IOT_DEV_044202,9.254740624380557e-05,0,Low Threat
IOT_DEV_036014,0.00010347804372201444,0,Low Threat
IOT_DEV_020067,0.00021501084494569698,0,Low Threat
IOT_DEV_014366,0.0002927560945465934,0,Low Threat
IOT_DEV_075014,0.00014821402769581984,0,Low Threat
IOT_DEV_060087,0.00014818604318834306,0,Low Threat
IOT_DEV_006925,0.0009155944085733877,0,Low Threat
IOT_DEV_010291,0.0005482448340222369,0,Low Threat
IOT_DEV_037699,0.0002389035830172919,0,Low Threat
IOT_DEV_063347,0.000113551331356207,0,Low Threat
IOT_DEV_012045,0.0008018783882051283,0,Low Threat
IOT_DEV_024494,0.00018213512431498462,0,Low Threat
IOT_DEV_058279,4.039287044908796e-05,0,Low Threat
IOT_DEV_055299,9.32559694351199e-05,0,Low Threat
IOT_DEV_040553,6.361421246813296e-05,0,Low Threat
IOT_DEV_064960,0.00011816433339111646,0,Low Threat
IOT_DEV_078570,0.00033783112602987813,0,Low Threat
IOT_DEV_030828,0.0006714921731358078,0,Low Threat
IOT_DEV_063972,0.00017679375313125277,0,Low Threat
IOT_DEV_023091,0.00011661850147891818,0,Low Threat
IOT_DEV_044145,0.00022223577928193522,0,Low Threat
IOT_DEV_047731,8.584921441408575e-05,0,Low Threat
IOT_DEV_047241,0.00015635802268670315,0,Low Threat
IOT_DEV_009061,0.00021323806642547418,0,Low Threat
IOT_DEV_048538,6.0154657697691726e-05,0,Low Threat
IOT_DEV_025753,0.00020595206275356748,0,Low Threat
IOT_DEV_043406,0.00013097607674883465,0,Low Threat
IOT_DEV_013905,0.00017894001510545076,0,Low Threat
IOT_DEV_032031,5.190555426522152e-05,0,Low Threat
IOT_DEV_016065,0.00017428134120523917,0,Low Threat
IOT_DEV_040811,3.1637532967800985e-05,0,Low Threat
IOT_DEV_028940,0.00041972242264619027,0,Low Threat
IOT_DEV_040420,0.00012368613130415426,0,Low Threat
IOT_DEV_067291,0.00040999129227326664,0,Low Threat
IOT_DEV_036472,0.00027409233917891936,0,Low Threat
IOT_DEV_034390,0.00013846996234671765,0,Low Threat
IOT_DEV_043568,0.0007484212794241978,0,Low Threat
IOT_DEV_041365,0.00010547527036542631,0,Low Threat
IOT_DEV_030283,0.0004642102482060011,0,Low Threat
IOT_DEV_029648,0.00011789806036079425,0,Low Threat
IOT_DEV_065883,0.0002036636749776022,0,Low Threat
IOT_DEV_069729,0.0003374755375061107,0,Low Threat
IOT_DEV_009456,6.04796519626868e-05,0,Low Threat
IOT_DEV_054364,0.00021201955608642122,0,Low Threat
IOT_DEV_077013,0.0001207707350703365,0,Low Threat
IOT_DEV_061163,8.670254234947295e-05,0,Low Threat
IOT_DEV_077590,0.00033681253580886974,0,Low Threat
IOT_DEV_056648,0.00016660660294583047,0,Low Threat
IOT_DEV_076129,0.00023448157627883962,0,Low Threat
IOT_DEV_067774,0.0003286982543469851,0,Low Threat
IOT_DEV_074485,0.0003497936395806497,0,Low Threat
IOT_DEV_053639,0.0002043704927612413,0,Low Threat
IOT_DEV_061171,0.00029782506484904897,0,Low Threat
IOT_DEV_074703,0.00043076307787922555,0,Low Threat
IOT_DEV_032731,0.0003965608867459141,0,Low Threat
IOT_DEV_047173,0.00014901751424146407,0,Low Threat
IOT_DEV_076568,0.0002362591628676316,0,Low Threat
IOT_DEV_059959,0.00042926653203373985,0,Low Threat
IOT_DEV_009259,0.00018847380040988717,0,Low Threat
IOT_DEV_064789,0.0004288638285335279,0,Low Threat
IOT_DEV_079669,0.0003218746687137617,0,Low Threat
IOT_DEV_021159,0.00021434697236761706,0,Low Threat
IOT_DEV_072512,0.00031501999602985434,0,Low Threat
IOT_DEV_019270,7.967469892159025e-05,0,Low Threat
IOT_DEV_043281,6.063495210997559e-05,0,Low Threat
IOT_DEV_036053,9.259563872796965e-05,0,Low Threat
IOT_DEV_045251,3.104033434461388e-05,0,Low Threat
IOT_DEV_015680,0.0002024409605436156,0,Low Threat
IOT_DEV_067845,0.00012405174683155872,0,Low Threat
IOT_DEV_054993,0.0003087778735132674,0,Low Threat
IOT_DEV_045236,0.00026873821862248126,0,Low Threat
IOT_DEV_050085,0.0003355883670426407,0,Low Threat
IOT_DEV_076104,6.0429946261272024e-05,0,Low Threat
IOT_DEV_000268,0.00026781539425599826,0,Low Threat
IOT_DEV_042238,0.0003426335481427292,0,Low Threat
IOT_DEV_049227,9.896057592978924e-05,0,Low Threat
IOT_DEV_073523,9.45950244260256e-05,0,Low Threat
IOT_DEV_030801,0.00021644613588771335,0,Low Threat
IOT_DEV_019712,0.0001000000238226961,0,Low Threat
IOT_DEV_002624,0.00027880227929506936,0,Low Threat
IOT_DEV_078347,8.449687897715824e-05,0,Low Threat
IOT_DEV_038928,5.379840625058542e-05,0,Low Threat
IOT_DEV_003086,0.0003188380379975603,0,Low Threat
IOT_DEV_035583,0.00042932160489026595,0,Low Threat
IOT_DEV_065080,0.00030681658009145275,0,Low Threat
IOT_DEV_057038,0.0001594521467704752,0,Low Threat
IOT_DEV_071670,3.1618792415094995e-05,0,Low Threat
IOT_DEV_014883,6.16345681369981e-05,0,Low Threat
IOT_DEV_078096,0.00018678869016785937,0,Low Threat
IOT_DEV_053963,0.00016011342372506012,0,Low Threat
IOT_DEV_058040,0.00015677847393337597,0,Low Threat
IOT_DEV_043693,7.30847797812997e-05,0,Low Threat
IOT_DEV_021395,0.00020377547489480749,0,Low Threat
IOT_DEV_061106,0.0006634041544621618,0,Low Threat
IOT_DEV_027260,0.00016172333597457898,0,Low Threat
IOT_DEV_021397,5.187595998676033e-05,0,Low Threat
IOT_DEV_058931,5.0173192930769304e-05,0,Low Threat
IOT_DEV_055533,0.0014070704083234307,0,Low Threat
IOT_DEV_055405,0.00038329631382239264,0,Low Threat
IOT_DEV_055915,0.00011819195082973371,0,Low Threat
IOT_DEV_062845,0.0001248907254028378,0,Low Threat
IOT_DEV_041386,0.00012604967232506282,0,Low Threat
IOT_DEV_058776,0.0001844389153851294,0,Low Threat
IOT_DEV_068353,0.0002864924409485172,0,Low Threat
IOT_DEV_069855,0.0002929029634930122,0,Low Threat
IOT_DEV_027132,9.727920205364468e-05,0,Low Threat
IOT_DEV_007221,0.000793530524892867,0,Low Threat
IOT_DEV_036697,0.9999999952492102,1,High Threat
IOT_DEV_007719,0.0002700480056739844,0,Low Threat
IOT_DEV_010868,7.96142512384693e-05,0,Low Threat
IOT_DEV_072533,0.000431903412453315,0,Low Threat
IOT_DEV_028313,0.00023228308941749762,0,Low Threat
IOT_DEV_032107,0.00019876316838765893,0,Low Threat
IOT_DEV_044306,0.0003454386905522678,0,Low Threat
IOT_DEV_044573,0.00015848861853264587,0,Low Threat
IOT_DEV_037248,7.836609010551145e-05,0,Low Threat
IOT_DEV_035716,0.00011917500696223778,0,Low Threat
IOT_DEV_073786,0.0004713870193973474,0,Low Threat
IOT_DEV_070359,0.00030649605136791715,0,Low Threat
IOT_DEV_065126,0.00035923692918547127,0,Low Threat
IOT_DEV_020410,0.00018140798603722444,0,Low Threat
IOT_DEV_022309,8.49884557787878e-05,0,Low Threat
IOT_DEV_044356,7.636196068740513e-05,0,Low Threat
IOT_DEV_017709,4.777478540160518e-05,0,Low Threat
IOT_DEV_041662,6.155554019992708e-05,0,Low Threat
IOT_DEV_000420,0.00014108112815751703,0,Low Threat
IOT_DEV_052466,0.000175025509949841,0,Low Threat
IOT_DEV_033983,0.00014333903665547234,0,Low Threat
IOT_DEV_040548,3.885272649384598e-05,0,Low Threat
IOT_DEV_024179,0.0001913381700581999,0,Low Threat
IOT_DEV_011148,0.00042109122212961343,0,Low Threat
IOT_DEV_013517,0.0001996562128665493,0,Low Threat
IOT_DEV_013814,0.00038313969682627117,0,Low Threat
IOT_DEV_045716,5.177019128005131e-05,0,Low Threat
IOT_DEV_043422,0.00016135876836545553,0,Low Threat
IOT_DEV_071113,0.0003758964594702612,0,Low Threat
IOT_DEV_010099,0.00045982914074372286,0,Low Threat
IOT_DEV_020474,0.00011236660610623656,0,Low Threat
IOT_DEV_068693,0.0003545259187236652,0,Low Threat
IOT_DEV_042226,0.00015140628309254163,0,Low Threat
IOT_DEV_066567,0.00014603750481949465,0,Low Threat
IOT_DEV_047978,9.88382727857453e-05,0,Low Threat
IOT_DEV_048063,0.00025085582577899566,0,Low Threat
IOT_DEV_001291,0.00028379624898602505,0,Low Threat
IOT_DEV_044430,0.0001966820087997657,0,Low Threat
IOT_DEV_026318,0.00042772737043032447,0,Low Threat
IOT_DEV_074482,0.0002520292010924041,0,Low Threat
IOT_DEV_000564,0.00034270018810104937,0,Low Threat
IOT_DEV_054999,0.00011947529383681591,0,Low Threat
IOT_DEV_027289,0.0004142231741210855,0,Low Threat
IOT_DEV_042903,8.711696256628671e-05,0,Low Threat
IOT_DEV_036797,9.974249118825056e-05,0,Low Threat
IOT_DEV_006280,3.700439445430324e-05,0,Low Threat
IOT_DEV_003364,0.00019719696098654578,0,Low Threat
IOT_DEV_012784,0.00021775670371345615,0,Low Threat
IOT_DEV_038164,0.9799188277631373,1,High Threat
IOT_DEV_016829,0.000113449949300029,0,Low Threat
IOT_DEV_014169,0.0001919015917149826,0,Low Threat
IOT_DEV_019259,0.0003431369631174457,0,Low Threat
IOT_DEV_000370,0.0002769127061901431,0,Low Threat
IOT_DEV_001484,3.996429262560072e-05,0,Low Threat
IOT_DEV_072329,0.9998253794108731,1,High Threat
IOT_DEV_009688,0.0002868835422602948,0,Low Threat
IOT_DEV_073816,9.581914963516201e-05,0,Low Threat
IOT_DEV_032157,0.00014035465049084408,0,Low Threat
IOT_DEV_006482,0.00016242482515842354,0,Low Threat
IOT_DEV_079658,0.9999094360544378,1,High Threat
IOT_DEV_034932,0.0004579317193306303,0,Low Threat
IOT_DEV_034265,4.9520046635141604e-05,0,Low Threat
IOT_DEV_043831,0.0007978021782702738,0,Low Threat
IOT_DEV_029597,0.0002178538039753618,0,Low Threat
IOT_DEV_073273,8.662533770456796e-05,0,Low Threat
IOT_DEV_032221,0.00016362024428101773,0,Low Threat
IOT_DEV_070418,0.00048534402546552614,0,Low Threat
IOT_DEV_036775,0.00027462983542531625,0,Low Threat
IOT_DEV_070337,0.0001371907576009517,0,Low Threat
IOT_DEV_018353,0.00019660228122515315,0,Low Threat
IOT_DEV_063920,0.0005155015971800744,0,Low Threat
IOT_DEV_039545,0.000468835643079901,0,Low Threat
IOT_DEV_073431,5.26719711428349e-05,0,Low Threat
IOT_DEV_066442,0.00032881407974914194,0,Low Threat
IOT_DEV_034303,7.473009580807638e-05,0,Low Threat
IOT_DEV_029612,0.00010970647761986226,0,Low Threat
IOT_DEV_004746,0.0002686769227211964,0,Low Threat
IOT_DEV_056694,2.9916232994043387e-05,0,Low Threat
IOT_DEV_004644,3.555107443922706e-05,0,Low Threat
IOT_DEV_079448,9.387045257014542e-05,0,Low Threat
IOT_DEV_009127,0.00022071607229884622,0,Low Threat
IOT_DEV_048494,0.00030541897063751417,0,Low Threat
IOT_DEV_043784,6.617307156968455e-05,0,Low Threat
IOT_DEV_019031,0.00017428763573409906,0,Low Threat
IOT_DEV_056505,0.00046240192045266584,0,Low Threat
IOT_DEV_069058,5.53919356550853e-05,0,Low Threat
IOT_DEV_025056,4.7998301590559225e-05,0,Low Threat
IOT_DEV_060938,0.00017072172872543528,0,Low Threat
IOT_DEV_008342,7.037303845766636e-05,0,Low Threat
IOT_DEV_016461,0.0002686042026480864,0,Low Threat
IOT_DEV_028263,0.0002548569158343682,0,Low Threat
IOT_DEV_071939,0.0007162155938006439,0,Low Threat
IOT_DEV_063979,0.00013920401391785464,0,Low Threat
IOT_DEV_057025,0.00021079323465045242,0,Low Threat
IOT_DEV_051827,0.0002671941760020504,0,Low Threat
IOT_DEV_076118,5.832769404767962e-05,0,Low Threat
IOT_DEV_018140,0.00022196087977124137,0,Low Threat
IOT_DEV_076657,0.00022388941339217066,0,Low Threat
IOT_DEV_060155,0.0001518416188756463,0,Low Threat
IOT_DEV_009084,9.511158037245857e-05,0,Low Threat
IOT_DEV_028325,0.00010970869106199958,0,Low Threat
IOT_DEV_075708,0.00015447330138297454,0,Low Threat
IOT_DEV_067747,7.562346057705375e-05,0,Low Threat
IOT_DEV_007111,0.00011560190483108017,0,Low Threat
IOT_DEV_007950,7.312832911813275e-05,0,Low Threat
IOT_DEV_058665,9.695147966873671e-05,0,Low Threat
IOT_DEV_014109,0.00018195692208970412,0,Low Threat
IOT_DEV_002874,0.00039069848525139455,0,Low Threat
IOT_DEV_005041,0.00016325061791722177,0,Low Threat
IOT_DEV_023367,0.00019939784775831708,0,Low Threat
IOT_DEV_050413,0.00017991620676200047,0,Low Threat
IOT_DEV_078664,0.0001652072565405129,0,Low Threat
IOT_DEV_019380,0.00037096671244622953,0,Low Threat
IOT_DEV_034060,0.00013134813779247244,0,Low Threat
IOT_DEV_077543,0.00037996875170464135,0,Low Threat
IOT_DEV_007282,0.00017421008054896458,0,Low Threat
IOT_DEV_052738,0.0003654968966823768,0,Low Threat
IOT_DEV_000789,0.00048151870118246854,0,Low Threat
IOT_DEV_005159,0.00021410591631439106,0,Low Threat
IOT_DEV_016300,0.00022921734493860403,0,Low Threat
IOT_DEV_077828,8.524458224717755e-05,0,Low Threat
IOT_DEV_062313,4.876287583634824e-05,0,Low Threat
IOT_DEV_066462,0.00035466313852369215,0,Low Threat
IOT_DEV_027036,0.00019825165782188294,0,Low Threat
IOT_DEV_066050,4.6063739374324524e-05,0,Low Threat
IOT_DEV_064607,9.750592866658755e-05,0,Low Threat
IOT_DEV_061255,0.0001466056849336685,0,Low Threat
IOT_DEV_000343,0.0001685435607619594,0,Low Threat
IOT_DEV_065821,0.0004739349131157898,0,Low Threat
IOT_DEV_024638,0.0001227754919966681,0,Low Threat
IOT_DEV_016355,0.00010736596906673018,0,Low Threat
IOT_DEV_073631,0.0005614517448339256,0,Low Threat
IOT_DEV_032710,0.000354313929586234,0,Low Threat
IOT_DEV_065449,0.00013214348406068063,0,Low Threat
IOT_DEV_054391,0.0004669079412005355,0,Low Threat
IOT_DEV_066319,0.00021956998531028483,0,Low Threat
IOT_DEV_005993,0.00010672694593745291,0,Low Threat
IOT_DEV_022375,5.8160227401889195e-05,0,Low Threat
IOT_DEV_031805,0.00016394113367538881,0,Low Threat
IOT_DEV_057414,3.639778935724151e-05,0,Low Threat
IOT_DEV_012128,0.0001815437050902621,0,Low Threat
IOT_DEV_014593,0.00013173941222906685,0,Low Threat
IOT_DEV_059960,0.00019197217905020795,0,Low Threat
IOT_DEV_059247,0.00020766149717198925,0,Low Threat
IOT_DEV_055770,6.23783749267555e-05,0,Low Threat
IOT_DEV_037844,0.00034691531027571056,0,Low Threat
IOT_DEV_006878,6.332985965247701e-05,0,Low Threat
IOT_DEV_075433,0.00043333993364343034,0,Low Threat
IOT_DEV_077003,0.00030582052464231787,0,Low Threat
IOT_DEV_068436,0.0003661336342566752,0,Low Threat
IOT_DEV_058606,5.394669572625874e-05,0,Low Threat
IOT_DEV_059389,0.00011414628080421349,0,Low Threat
IOT_DEV_017050,8.488376755805704e-05,0,Low Threat
IOT_DEV_075074,9.631079151764489e-05,0,Low Threat
IOT_DEV_078206,0.00011339390802517979,0,Low Threat
IOT_DEV_070936,0.0002497837126133539,0,Low Threat
IOT_DEV_025423,0.0001949214128519861,0,Low Threat
IOT_DEV_062050,9.152239449169655e-05,0,Low Threat
IOT_DEV_046946,0.0003392728418393894,0,Low Threat
IOT_DEV_044746,0.0011873232789278093,0,Low Threat
IOT_DEV_033895,0.00010686079498204198,0,Low Threat
IOT_DEV_061968,5.312918552151148e-05,0,Low Threat
IOT_DEV_051733,0.00029548925861161483,0,Low Threat
IOT_DEV_019367,8.0374472006654e-05,0,Low Threat
IOT_DEV_033071,0.00023169985496408567,0,Low Threat
IOT_DEV_011308,0.00016581759066692608,0,Low Threat
IOT_DEV_049361,0.0009535018373823143,0,Low Threat
IOT_DEV_022600,7.130216076920359e-05,0,Low Threat
IOT_DEV_005375,5.8927328089725784e-05,0,Low Threat
IOT_DEV_013133,9.731445375646664e-05,0,Low Threat
IOT_DEV_061679,8.752322648044197e-05,0,Low Threat
IOT_DEV_020671,0.00010661509244921973,0,Low Threat
IOT_DEV_024419,0.00035020540458851826,0,Low Threat
IOT_DEV_078628,0.0003117436511902231,0,Low Threat
IOT_DEV_054518,7.479916945874939e-05,0,Low Threat
IOT_DEV_075551,0.00028571419123219464,0,Low Threat
IOT_DEV_026981,4.625935197138471e-05,0,Low Threat
IOT_DEV_034177,0.00013624207535216395,0,Low Threat
IOT_DEV_043534,0.000387772282313274,0,Low Threat
IOT_DEV_078669,0.00023069074453513166,0,Low Threat
IOT_DEV_013023,0.0001300392980090403,0,Low Threat
IOT_DEV_051235,5.69428096029018e-05,0,Low Threat
IOT_DEV_020878,5.863560520145683e-05,0,Low Threat
IOT_DEV_072677,0.00023837162525296016,0,Low Threat
IOT_DEV_002389,0.00014581787339651434,0,Low Threat
IOT_DEV_032570,0.00023013969447109714,0,Low Threat
IOT_DEV_066626,8.833297878221856e-05,0,Low Threat
IOT_DEV_005489,0.00024670547771928276,0,Low Threat
IOT_DEV_049211,5.683624730906102e-05,0,Low Threat
IOT_DEV_060881,0.0001742361339644684,0,Low Threat
IOT_DEV_006852,0.00011636907718428251,0,Low Threat
IOT_DEV_005978,0.0010400371390084987,0,Low Threat
IOT_DEV_005821,0.00010888422118205025,0,Low Threat
IOT_DEV_017114,0.0004196179932576413,0,Low Threat
IOT_DEV_067129,0.0006947259353029287,0,Low Threat
IOT_DEV_043364,0.00016695376025243586,0,Low Threat
IOT_DEV_033164,0.00016240573189538012,0,Low Threat
IOT_DEV_007438,9.822505173499262e-05,0,Low Threat
IOT_DEV_022578,0.0003364714812393306,0,Low Threat
IOT_DEV_053361,0.00021437024812964183,0,Low Threat
IOT_DEV_052230,5.7170762733102165e-05,0,Low Threat
IOT_DEV_020921,0.00014005021994264373,0,Low Threat
IOT_DEV_041397,0.9980170498683836,1,High Threat
IOT_DEV_028073,0.00011754402352010703,0,Low Threat
IOT_DEV_064145,0.00020982510341608957,0,Low Threat
IOT_DEV_022198,0.0003664893782945161,0,Low Threat
IOT_DEV_063496,0.00016777320272404558,0,Low Threat
IOT_DEV_031663,3.808546788245912e-05,0,Low Threat
IOT_DEV_003621,0.9904422280892341,1,High Threat
IOT_DEV_048857,0.9999149621094132,1,High Threat
IOT_DEV_005736,7.776159137060718e-05,0,Low Threat
IOT_DEV_019243,0.00014333494956394503,0,Low Threat
IOT_DEV_005014,7.088157886680088e-05,0,Low Threat
IOT_DEV_022520,0.00022061339161294304,0,Low Threat
IOT_DEV_019839,0.0001026934999442479,0,Low Threat
IOT_DEV_012140,0.0005604012252363269,0,Low Threat
IOT_DEV_057687,0.00021333690457987184,0,Low Threat
IOT_DEV_023339,0.00023189488198317493,0,Low Threat
IOT_DEV_025173,5.379218229857829e-05,0,Low Threat
IOT_DEV_031058,8.546796490220446e-05,0,Low Threat
IOT_DEV_076898,0.00015035392043585144,0,Low Threat
IOT_DEV_018073,0.000100008462696597,0,Low Threat
IOT_DEV_001414,0.0001235775647137757,0,Low Threat
IOT_DEV_045804,0.9987048728678691,1,High Threat
IOT_DEV_059303,0.00015798548520944735,0,Low Threat
IOT_DEV_041273,0.00019248668923572143,0,Low Threat
IOT_DEV_066791,0.0005620829979071817,0,Low Threat
IOT_DEV_021667,9.724333678772999e-05,0,Low Threat
IOT_DEV_009182,0.00024792490266146934,0,Low Threat
IOT_DEV_040013,0.00022880101192724318,0,Low Threat
IOT_DEV_076932,0.00023693483415984586,0,Low Threat
IOT_DEV_002816,0.00016855848365142725,0,Low Threat
IOT_DEV_077988,0.00025837751193704734,0,Low Threat
IOT_DEV_069927,0.0001459507014752775,0,Low Threat
IOT_DEV_020981,0.0004105173346106695,0,Low Threat
IOT_DEV_049021,5.635670625426072e-05,0,Low Threat
IOT_DEV_055018,0.00028424697653843,0,Low Threat
IOT_DEV_069028,0.0010734176376120037,0,Low Threat
IOT_DEV_048728,6.538690740997088e-05,0,Low Threat
IOT_DEV_009151,0.0007070864519925875,0,Low Threat
IOT_DEV_056602,7.16070500520754e-05,0,Low Threat
IOT_DEV_055896,0.00017023399078730687,0,Low Threat
IOT_DEV_064346,0.00021951980237261862,0,Low Threat
IOT_DEV_044232,0.0008160079377181491,0,Low Threat
IOT_DEV_023823,0.00036376168445190036,0,Low Threat
IOT_DEV_051778,0.00022674672727020112,0,Low Threat
IOT_DEV_002404,0.00013312559812998198,0,Low Threat
IOT_DEV_028090,0.0006097333885827489,0,Low Threat
IOT_DEV_075735,7.849016779928566e-05,0,Low Threat
IOT_DEV_039297,0.00010338312852787252,0,Low Threat
IOT_DEV_033141,0.0010965948530537721,0,Low Threat
IOT_DEV_073719,6.427643793608698e-05,0,Low Threat
IOT_DEV_008019,9.704095266228313e-05,0,Low Threat
IOT_DEV_061860,0.00011194285305583251,0,Low Threat
IOT_DEV_037527,0.00042677917687877623,0,Low Threat
IOT_DEV_033223,0.0002552618835919845,0,Low Threat
IOT_DEV_042309,5.4628424243159035e-05,0,Low Threat
IOT_DEV_050641,0.9806298750179252,1,High Threat
IOT_DEV_078198,0.00017609455357554745,0,Low Threat
IOT_DEV_012580,0.000319961595928182,0,Low Threat
IOT_DEV_069286,0.0006640387353144568,0,Low Threat
IOT_DEV_019498,9.465690644891645e-05,0,Low Threat
IOT_DEV_067928,7.615584338233334e-05,0,Low Threat
IOT_DEV_055028,0.00018043582946047134,0,Low Threat
IOT_DEV_063145,6.319371408416192e-05,0,Low Threat
IOT_DEV_042202,0.0006506116253445972,0,Low Threat
IOT_DEV_056730,0.00013860961434554884,0,Low Threat
IOT_DEV_039882,0.0004548112369013643,0,Low Threat
IOT_DEV_072917,0.0003000333686255328,0,Low Threat
IOT_DEV_043301,0.00021444543889570337,0,Low Threat
IOT_DEV_022113,0.0001407520598455377,0,Low Threat
IOT_DEV_004403,7.157867759870525e-05,0,Low Threat
IOT_DEV_058126,0.0001033567692370309,0,Low Threat
IOT_DEV_063126,0.0002434609579929224,0,Low Threat
IOT_DEV_010330,0.0006113969638071667,0,Low Threat
IOT_DEV_040797,0.000235144935966119,0,Low Threat
IOT_DEV_026121,3.6542928550539935e-05,0,Low Threat
IOT_DEV_020375,0.0008267298717532505,0,Low Threat
IOT_DEV_076741,0.0005669603942912195,0,Low Threat
IOT_DEV_037924,5.639207828830933e-05,0,Low Threat
IOT_DEV_037324,0.00025281432634039673,0,Low Threat
IOT_DEV_035326,0.00017528228781304149,0,Low Threat
IOT_DEV_065811,4.646632681124368e-05,0,Low Threat
IOT_DEV_077449,8.487155902579317e-05,0,Low Threat
IOT_DEV_074090,9.68925567573591e-05,0,Low Threat
IOT_DEV_058137,0.0002975781308066654,0,Low Threat
IOT_DEV_020778,0.00012415987834389343,0,Low Threat
IOT_DEV_067897,0.00020843096265794374,0,Low Threat
IOT_DEV_060347,7.77381027247745e-05,0,Low Threat
IOT_DEV_023314,0.00014413492947474337,0,Low Threat
IOT_DEV_030419,0.00015685427297526492,0,Low Threat
IOT_DEV_015321,0.0003788238900694242,0,Low Threat
IOT_DEV_006739,0.0001061831348545006,0,Low Threat
IOT_DEV_030127,0.00025862953376736946,0,Low Threat
IOT_DEV_031250,0.00011656044277076585,0,Low Threat
IOT_DEV_024606,0.00021040646408173705,0,Low Threat
IOT_DEV_048090,0.00025334999314479876,0,Low Threat
IOT_DEV_061652,0.00023580770617160436,0,Low Threat
IOT_DEV_029350,6.642913282200135e-05,0,Low Threat
IOT_DEV_072456,5.571366119478577e-05,0,Low Threat
IOT_DEV_053667,0.00017398462204522226,0,Low Threat
IOT_DEV_072911,0.00018641114720801177,0,Low Threat
IOT_DEV_018621,3.810376066935042e-05,0,Low Threat
IOT_DEV_078113,1.702092433871702e-05,0,Low Threat
IOT_DEV_031126,0.0006432972078378378,0,Low Threat
IOT_DEV_016420,0.00014312728329725333,0,Low Threat
IOT_DEV_061774,0.00033531911392589226,0,Low Threat
IOT_DEV_079588,5.938630504492453e-05,0,Low Threat
IOT_DEV_007859,6.745055171504591e-05,0,Low Threat
IOT_DEV_016073,0.9999811401976306,1,High Threat
IOT_DEV_047958,0.00032626586312709796,0,Low Threat
IOT_DEV_003190,0.0001549018329070271,0,Low Threat
IOT_DEV_034116,0.00013692573901011412,0,Low Threat
IOT_DEV_010269,0.0009490348394657287,0,Low Threat
IOT_DEV_043188,0.0003078401692080182,0,Low Threat
IOT_DEV_020903,0.00014648560859153084,0,Low Threat
IOT_DEV_035183,0.00024965758073195333,0,Low Threat
IOT_DEV_013677,6.377369682901085e-05,0,Low Threat
IOT_DEV_038040,0.0006065150048468845,0,Low Threat
IOT_DEV_052085,0.00039105334845993163,0,Low Threat
IOT_DEV_058487,0.00017103345606555786,0,Low Threat
IOT_DEV_042396,0.00047754956904594087,0,Low Threat
IOT_DEV_008800,0.0004786793609585372,0,Low Threat
IOT_DEV_033466,0.0002930628285575705,0,Low Threat
IOT_DEV_048573,8.122889031939543e-05,0,Low Threat
IOT_DEV_018673,0.00027134098079466186,0,Low Threat
IOT_DEV_034186,9.983600957178539e-05,0,Low Threat
IOT_DEV_020292,0.9999841072385461,1,High Threat
IOT_DEV_064296,0.00014480787774825128,0,Low Threat
IOT_DEV_057868,0.00011630801904674259,0,Low Threat
IOT_DEV_015191,0.00030550769197982235,0,Low Threat
IOT_DEV_046467,0.00010678479154620063,0,Low Threat
IOT_DEV_028533,0.0006852644517572563,0,Low Threat
IOT_DEV_008226,7.285890180516979e-05,0,Low Threat
IOT_DEV_017181,0.00023903999553373843,0,Low Threat
IOT_DEV_011387,0.00014967279211728493,0,Low Threat
IOT_DEV_009412,0.9999998818030571,1,High Threat
IOT_DEV_062106,9.999041554613836e-05,0,Low Threat
IOT_DEV_066849,0.9999154102069643,1,High Threat
IOT_DEV_059382,2.9319623757080832e-05,0,Low Threat
IOT_DEV_037029,0.00010053715025298393,0,Low Threat
IOT_DEV_043860,0.00038662361333825627,0,Low Threat
IOT_DEV_060837,0.0002972551344991409,0,Low Threat
IOT_DEV_062385,0.0004968928499291376,0,Low Threat
IOT_DEV_046047,6.718058106481596e-05,0,Low Threat
IOT_DEV_028048,0.0001926549617099402,0,Low Threat
IOT_DEV_020565,0.0001404824465315569,0,Low Threat
IOT_DEV_078919,8.299034051694243e-05,0,Low Threat
IOT_DEV_035182,0.00011290075994256072,0,Low Threat
IOT_DEV_047506,0.0001417722954736923,0,Low Threat
IOT_DEV_032145,0.00015361224243167027,0,Low Threat
IOT_DEV_073822,0.00017318407451194804,0,Low Threat
IOT_DEV_013478,5.481001875322972e-05,0,Low Threat
IOT_DEV_002733,0.00020468076741753523,0,Low Threat
IOT_DEV_033121,0.00013457833017058857,0,Low Threat
IOT_DEV_036339,4.795599732371885e-05,0,Low Threat
IOT_DEV_024252,0.00017380225246894267,0,Low Threat
IOT_DEV_064150,0.00015600918241031442,0,Low Threat
IOT_DEV_020323,0.0004941847688418851,0,Low Threat
IOT_DEV_038462,0.0005188506417210308,0,Low Threat
IOT_DEV_010173,0.00013133563217881074,0,Low Threat
IOT_DEV_046132,0.0001359527027379465,0,Low Threat
IOT_DEV_075343,7.432661387245084e-05,0,Low Threat
IOT_DEV_050150,0.00016896497583721907,0,Low Threat
IOT_DEV_040446,0.000548727803974037,0,Low Threat
IOT_DEV_027623,0.0002656645264962951,0,Low Threat
IOT_DEV_059967,9.583179830521415e-05,0,Low Threat
IOT_DEV_015042,0.00038022201286342196,0,Low Threat
IOT_DEV_038443,0.0004709379741435037,0,Low Threat
IOT_DEV_064229,7.116581634008234e-05,0,Low Threat
IOT_DEV_038812,0.00053584500725438,0,Low Threat
IOT_DEV_039578,0.00028617986515788046,0,Low Threat
IOT_DEV_047738,0.00012920658285903026,0,Low Threat
IOT_DEV_043744,0.00018667538288085714,0,Low Threat
IOT_DEV_065223,5.36047920932298e-05,0,Low Threat
IOT_DEV_039639,0.000301096519724667,0,Low Threat
IOT_DEV_068044,0.00014469303675240032,0,Low Threat
IOT_DEV_009102,0.0003732737926766873,0,Low Threat
IOT_DEV_028207,0.00016864595442263807,0,Low Threat
IOT_DEV_050743,7.065775909095364e-05,0,Low Threat
IOT_DEV_002788,9.901219318717797e-05,0,Low Threat
IOT_DEV_017903,0.00010043356899798932,0,Low Threat
IOT_DEV_033471,9.703995942959239e-05,0,Low Threat
IOT_DEV_061075,0.0002358127855461523,0,Low Threat
IOT_DEV_006433,0.9694003961296249,1,High Threat
IOT_DEV_013291,0.00024448790730355145,0,Low Threat
IOT_DEV_025943,0.0002913174106319662,0,Low Threat
IOT_DEV_036306,3.031979131896557e-05,0,Low Threat
IOT_DEV_002339,0.00012445668161661686,0,Low Threat
IOT_DEV_060144,0.00025976704670321166,0,Low Threat
IOT_DEV_071271,0.00020860720168496428,0,Low Threat
IOT_DEV_021232,0.9995565117104263,1,High Threat
IOT_DEV_060953,7.568643420833334e-05,0,Low Threat
IOT_DEV_060526,0.00025003347228858247,0,Low Threat
IOT_DEV_054948,7.537233665121711e-05,0,Low Threat
IOT_DEV_020575,0.0003642094884032806,0,Low Threat
IOT_DEV_038280,0.00020374879057409495,0,Low Threat
IOT_DEV_033951,0.0002695065550456106,0,Low Threat
IOT_DEV_006265,0.00041686713636785165,0,Low Threat
IOT_DEV_016947,0.0018544579895445742,0,Low Threat
IOT_DEV_014697,2.251362951527574e-05,0,Low Threat
IOT_DEV_043789,0.0006786256755953251,0,Low Threat
IOT_DEV_031484,0.0006132901003191767,0,Low Threat
IOT_DEV_071158,0.00033243588385017416,0,Low Threat
IOT_DEV_076674,0.00014134525320599902,0,Low Threat
IOT_DEV_041100,0.00020151193266777746,0,Low Threat
IOT_DEV_056617,6.39122001117461e-05,0,Low Threat
IOT_DEV_010611,9.082180043713692e-05,0,Low Threat
IOT_DEV_042252,0.00013027970766156248,0,Low Threat
IOT_DEV_026557,0.0001362351256652021,0,Low Threat
IOT_DEV_074059,0.0008957904132541549,0,Low Threat
IOT_DEV_061540,9.127036633087006e-05,0,Low Threat
IOT_DEV_018234,0.0004520215876366221,0,Low Threat
IOT_DEV_052122,0.00011526434418207039,0,Low Threat
IOT_DEV_045507,9.646313040357245e-05,0,Low Threat
IOT_DEV_017248,7.846450835012365e-05,0,Low Threat
IOT_DEV_047859,0.0001081308599036698,0,Low Threat
IOT_DEV_047960,0.00030940024068532197,0,Low Threat
IOT_DEV_019689,0.000219121428087204,0,Low Threat
IOT_DEV_027584,0.00017113530562789072,0,Low Threat
IOT_DEV_031124,0.0002468695392013991,0,Low Threat
IOT_DEV_032821,0.00029892306408957966,0,Low Threat
IOT_DEV_012926,0.000238770456223593,0,Low Threat
IOT_DEV_064108,0.00013287435486878277,0,Low Threat
IOT_DEV_041967,0.00013622900775630756,0,Low Threat
IOT_DEV_043142,0.0004534847694131109,0,Low Threat
IOT_DEV_078038,0.00021719702340936733,0,Low Threat
IOT_DEV_033900,9.509759444411905e-05,0,Low Threat
IOT_DEV_033629,0.00010794800931501618,0,Low Threat
IOT_DEV_036710,0.0005932868929763911,0,Low Threat
IOT_DEV_031744,0.00012632481670061467,0,Low Threat
IOT_DEV_059552,0.00015272409740815858,0,Low Threat
IOT_DEV_009556,0.00027683789844551167,0,Low Threat
IOT_DEV_067096,0.00031137882424441606,0,Low Threat
IOT_DEV_067473,0.00016371409841044784,0,Low Threat
IOT_DEV_078815,0.00013814239748885488,0,Low Threat
IOT_DEV_068491,0.00021797707222758557,0,Low Threat
IOT_DEV_060534,0.00044000089053378746,0,Low Threat
IOT_DEV_041024,8.853766876873278e-05,0,Low Threat
IOT_DEV_007442,6.762339630616764e-05,0,Low Threat
IOT_DEV_040623,0.0005452691713225871,0,Low Threat
IOT_DEV_015248,0.0001266914485446276,0,Low Threat
IOT_DEV_069655,0.000295837593226469,0,Low Threat
IOT_DEV_026021,0.00016441396377219134,0,Low Threat
IOT_DEV_025579,0.00040140671148578065,0,Low Threat
IOT_DEV_058773,9.279322534431252e-05,0,Low Threat
IOT_DEV_046680,8.254118895019835e-05,0,Low Threat
IOT_DEV_007487,0.00021601798583823813,0,Low Threat
IOT_DEV_046719,3.7203369404211473e-05,0,Low Threat
IOT_DEV_032430,5.6154516761425485e-05,0,Low Threat
IOT_DEV_041059,0.0005436924020262654,0,Low Threat
IOT_DEV_028618,4.160196579834904e-05,0,Low Threat
IOT_DEV_050951,0.00010110052436734588,0,Low Threat
IOT_DEV_053585,0.00014802434970948906,0,Low Threat
IOT_DEV_069867,8.435042985052158e-05,0,Low Threat
IOT_DEV_075250,5.20284818059258e-05,0,Low Threat
IOT_DEV_018480,0.0003091118985683704,0,Low Threat
IOT_DEV_054225,0.00013380153503787754,0,Low Threat
IOT_DEV_011505,0.00022835955962880136,0,Low Threat
IOT_DEV_052890,0.00047517760707007197,0,Low Threat
IOT_DEV_076580,0.00012886811554908143,0,Low Threat
IOT_DEV_020228,7.616968756054975e-05,0,Low Threat
IOT_DEV_065112,0.00018999983414317884,0,Low Threat
IOT_DEV_073777,0.0002100159962513175,0,Low Threat
IOT_DEV_011888,9.793070191120222e-05,0,Low Threat
IOT_DEV_071665,0.000468867971772695,0,Low Threat
IOT_DEV_031926,6.508385773445195e-05,0,Low Threat
IOT_DEV_037436,0.000205806264258309,0,Low Threat
IOT_DEV_033995,0.0001480326749792822,0,Low Threat
IOT_DEV_053087,0.0005865995867497969,0,Low Threat
IOT_DEV_040550,0.0003310185862168838,0,Low Threat
IOT_DEV_006001,0.00018049283135062103,0,Low Threat
IOT_DEV_004104,0.0003137071027386132,0,Low Threat
IOT_DEV_061753,0.000624188742064685,0,Low Threat
IOT_DEV_055606,0.00018390650972596961,0,Low Threat
IOT_DEV_072138,0.00011886568155097331,0,Low Threat
IOT_DEV_027284,0.00018394871616303683,0,Low Threat
IOT_DEV_015945,9.998601632364503e-05,0,Low Threat
IOT_DEV_032653,0.0007933068254554488,0,Low Threat
IOT_DEV_004879,0.0004629835907531015,0,Low Threat
IOT_DEV_041220,0.00014213471122131747,0,Low Threat
IOT_DEV_064734,0.0003446821550099226,0,Low Threat
IOT_DEV_044216,0.00018971098331221377,0,Low Threat
IOT_DEV_068722,7.783878816416198e-05,0,Low Threat
IOT_DEV_024174,0.00031514513863332944,0,Low Threat
IOT_DEV_047231,0.00047408908218305465,0,Low Threat
IOT_DEV_050414,0.00032744037909703254,0,Low Threat
IOT_DEV_008580,5.0505109348425224e-05,0,Low Threat
IOT_DEV_035972,0.0006446080350804696,0,Low Threat
IOT_DEV_008784,0.00015429962137876766,0,Low Threat
IOT_DEV_021337,9.274697474275298e-05,0,Low Threat
IOT_DEV_070785,0.0005983797800225456,0,Low Threat
IOT_DEV_067996,9.695255189392692e-05,0,Low Threat
IOT_DEV_057750,0.0003264723468046138,0,Low Threat
IOT_DEV_049882,0.00036497514514831564,0,Low Threat
IOT_DEV_063940,0.00012551373457055903,0,Low Threat
IOT_DEV_046410,5.952114673749005e-05,0,Low Threat
IOT_DEV_055146,0.00013938405115512443,0,Low Threat
IOT_DEV_002727,0.0006399608770416592,0,Low Threat
IOT_DEV_008936,9.618722572782386e-05,0,Low Threat
IOT_DEV_025581,0.00023162652351417764,0,Low Threat
IOT_DEV_044454,0.0008607170814994461,0,Low Threat
IOT_DEV_024422,0.000299306841814231,0,Low Threat
IOT_DEV_072404,0.0004006975790463558,0,Low Threat
IOT_DEV_068931,0.0004517486495494289,0,Low Threat
IOT_DEV_015692,0.00016939915236750732,0,Low Threat
IOT_DEV_048570,0.00019091661929823754,0,Low Threat
IOT_DEV_044588,0.00015817159208164616,0,Low Threat
IOT_DEV_051412,2.332789207528764e-05,0,Low Threat
IOT_DEV_019044,0.00011073528814739637,0,Low Threat
IOT_DEV_023867,0.0003503862474435856,0,Low Threat
IOT_DEV_070561,0.00023418997729197496,0,Low Threat
IOT_DEV_038147,0.0003258466914022152,0,Low Threat
IOT_DEV_037950,0.0001874066331438864,0,Low Threat
IOT_DEV_016118,0.0021643114513965342,0,Low Threat
IOT_DEV_052613,0.0002528798472654902,0,Low Threat
IOT_DEV_005224,0.00011204022066430782,0,Low Threat
IOT_DEV_043918,0.00012600729223086093,0,Low Threat
IOT_DEV_045050,0.00014758511295407843,0,Low Threat
IOT_DEV_030156,0.0002807144562478705,0,Low Threat
IOT_DEV_030038,0.0004420989783277981,0,Low Threat
IOT_DEV_064144,9.191526249299115e-05,0,Low Threat
IOT_DEV_063376,0.00034801055237159394,0,Low Threat
IOT_DEV_001793,0.0006764335001969037,0,Low Threat
IOT_DEV_052154,7.029380100818023e-05,0,Low Threat
IOT_DEV_057035,7.625861583713887e-05,0,Low Threat
IOT_DEV_011513,4.0260269068016305e-05,0,Low Threat
IOT_DEV_076239,8.631178388428246e-05,0,Low Threat
IOT_DEV_042778,2.1972474220246367e-05,0,Low Threat
IOT_DEV_061697,0.00029659552014421175,0,Low Threat
IOT_DEV_044451,9.15712147630571e-05,0,Low Threat
IOT_DEV_060213,0.00023179730170946094,0,Low Threat
IOT_DEV_005267,0.00029567302169513276,0,Low Threat
IOT_DEV_037792,0.00013760693053451503,0,Low Threat
IOT_DEV_075870,0.9521914363959261,1,High Threat
IOT_DEV_043079,0.00027852446289097907,0,Low Threat
IOT_DEV_015521,0.0001327446365100597,0,Low Threat
IOT_DEV_043385,0.00014866187776498918,0,Low Threat
IOT_DEV_003180,3.130354806174155e-05,0,Low Threat
IOT_DEV_079762,3.413688536056087e-05,0,Low Threat
IOT_DEV_061548,0.00027319196312601746,0,Low Threat
IOT_DEV_079604,0.0002650641465272923,0,Low Threat
IOT_DEV_044755,6.62905776787714e-05,0,Low Threat
IOT_DEV_038220,5.913945645588071e-05,0,Low Threat
IOT_DEV_073865,0.0005889873200830047,0,Low Threat
IOT_DEV_077219,0.00011631019025870883,0,Low Threat
IOT_DEV_079595,0.00021919754605122618,0,Low Threat
IOT_DEV_061118,0.0001337148578774906,0,Low Threat
IOT_DEV_047106,0.0009316780930941385,0,Low Threat
IOT_DEV_004156,5.8728187463795495e-05,0,Low Threat
IOT_DEV_078507,0.00018102028124831966,0,Low Threat
IOT_DEV_026502,0.00030149903679319587,0,Low Threat
IOT_DEV_039015,0.00047772617604798054,0,Low Threat
IOT_DEV_049470,5.1505643083688794e-05,0,Low Threat
IOT_DEV_049986,0.0001450593491870894,0,Low Threat
IOT_DEV_051301,0.00016945181012152448,0,Low Threat
IOT_DEV_021067,0.0010583936972226992,0,Low Threat
IOT_DEV_077770,0.0001917941352568528,0,Low Threat
IOT_DEV_008526,0.00014229802052666998,0,Low Threat
IOT_DEV_033575,0.00013876993768113764,0,Low Threat
IOT_DEV_032877,0.0001299893298142955,0,Low Threat
IOT_DEV_043220,6.333539926409939e-05,0,Low Threat
IOT_DEV_036644,0.00024305689896549028,0,Low Threat
IOT_DEV_070961,9.128711415665911e-05,0,Low Threat
IOT_DEV_040033,0.0003338916130056743,0,Low Threat
IOT_DEV_037170,0.9926206660544982,1,High Threat
IOT_DEV_018807,0.00019648057793441174,0,Low Threat
IOT_DEV_010333,0.0001461601572321341,0,Low Threat
IOT_DEV_065512,0.00018564742110237012,0,Low Threat
IOT_DEV_038024,0.000289892500191527,0,Low Threat
IOT_DEV_030998,0.0004180642767880349,0,Low Threat
IOT_DEV_070734,7.161754307585431e-05,0,Low Threat
IOT_DEV_069847,0.9999365133466633,1,High Threat
IOT_DEV_070009,0.00010595452630050061,0,Low Threat
IOT_DEV_027626,0.0002654045772862195,0,Low Threat
IOT_DEV_049659,0.0003008713241709914,0,Low Threat
IOT_DEV_015823,9.041053081324749e-05,0,Low Threat
IOT_DEV_044605,0.00011852469088714718,0,Low Threat
IOT_DEV_013536,0.000421745869510609,0,Low Threat
IOT_DEV_040312,6.421325535004504e-05,0,Low Threat
IOT_DEV_020332,2.8657061506304106e-05,0,Low Threat
IOT_DEV_047779,0.00014826097547571626,0,Low Threat
IOT_DEV_067860,0.00019295061429499747,0,Low Threat
IOT_DEV_006393,7.361875819820357e-05,0,Low Threat
IOT_DEV_005620,0.00035128212583129587,0,Low Threat
IOT_DEV_059651,7.680273644975788e-05,0,Low Threat
IOT_DEV_015463,0.00024999681795463924,0,Low Threat
IOT_DEV_069193,0.0002083538678365115,0,Low Threat
IOT_DEV_076555,0.00013141087016277958,0,Low Threat
IOT_DEV_075914,0.0013965086865556499,0,Low Threat
IOT_DEV_001535,0.0002483498165772999,0,Low Threat
IOT_DEV_029733,0.0003113896536806919,0,Low Threat
IOT_DEV_044507,0.00014299974012138764,0,Low Threat
IOT_DEV_043114,0.00010855018364709526,0,Low Threat
IOT_DEV_020849,7.783928337954415e-05,0,Low Threat
IOT_DEV_047740,0.0005444682810866641,0,Low Threat
IOT_DEV_046645,0.00053132616441229,0,Low Threat
IOT_DEV_025327,0.00046323990434124853,0,Low Threat
IOT_DEV_060459,8.453646710412932e-05,0,Low Threat
IOT_DEV_025968,0.0006345275106375523,0,Low Threat
IOT_DEV_027790,6.674639972898342e-05,0,Low Threat
IOT_DEV_010154,0.0002703638727979264,0,Low Threat
IOT_DEV_031492,4.3741261525400606e-05,0,Low Threat
IOT_DEV_068032,8.885302972768782e-05,0,Low Threat
IOT_DEV_040330,8.016017536864965e-05,0,Low Threat
IOT_DEV_031752,8.68215817465939e-05,0,Low Threat
IOT_DEV_057877,0.0001663572387056515,0,Low Threat
IOT_DEV_030382,0.0002423805357956516,0,Low Threat
IOT_DEV_058049,6.0653393547046944e-05,0,Low Threat
IOT_DEV_028436,4.949150856672814e-06,0,Low Threat
IOT_DEV_006469,0.0004887621640605172,0,Low Threat
IOT_DEV_049611,0.000278330008126218,0,Low Threat
IOT_DEV_032127,9.35525997319304e-05,0,Low Threat
IOT_DEV_038407,0.0002768959709198387,0,Low Threat
IOT_DEV_033076,0.00022966436941000018,0,Low Threat
IOT_DEV_005071,0.000226508691178577,0,Low Threat
IOT_DEV_010767,0.9999930532009037,1,High Threat
IOT_DEV_072706,0.00013744351414187527,0,Low Threat
IOT_DEV_076456,3.853619356316387e-05,0,Low Threat
IOT_DEV_038864,0.9999985441226843,1,High Threat
IOT_DEV_004913,0.00021136492193205518,0,Low Threat
IOT_DEV_048691,8.296816815787284e-05,0,Low Threat
IOT_DEV_048801,0.9999208698454116,1,High Threat
IOT_DEV_032945,0.00017132417008789867,0,Low Threat
IOT_DEV_012587,5.1475467494965656e-05,0,Low Threat
IOT_DEV_071678,0.00017455795006641922,0,Low Threat
IOT_DEV_075051,4.8560538315836774e-05,0,Low Threat
IOT_DEV_068392,0.0003183385383076726,0,Low Threat
IOT_DEV_036261,0.9838106152821691,1,High Threat
IOT_DEV_011792,0.00013937615560635067,0,Low Threat
IOT_DEV_047234,0.00025355754618017857,0,Low Threat
IOT_DEV_002557,0.0003659207978659776,0,Low Threat
IOT_DEV_055890,6.732312176240234e-05,0,Low Threat
IOT_DEV_051239,4.4380399407495296e-05,0,Low Threat
IOT_DEV_053405,0.00026296413746067714,0,Low Threat
IOT_DEV_078546,7.580601538173267e-05,0,Low Threat
IOT_DEV_027768,0.0002643393749322058,0,Low Threat
IOT_DEV_038797,0.0001968316863803144,0,Low Threat
IOT_DEV_058082,4.0894589875490154e-05,0,Low Threat
IOT_DEV_001968,0.8665498286040144,1,High Threat
IOT_DEV_079722,9.164181908901727e-05,0,Low Threat
IOT_DEV_043451,0.0009079115210672745,0,Low Threat
IOT_DEV_069261,0.0002954700855226889,0,Low Threat
IOT_DEV_012703,0.00010331051471238533,0,Low Threat
IOT_DEV_010065,0.0003141976836278474,0,Low Threat
IOT_DEV_055667,0.00044771657174206013,0,Low Threat
IOT_DEV_063273,0.00035644677626310437,0,Low Threat
IOT_DEV_027374,0.0001714273674852384,0,Low Threat
IOT_DEV_062318,0.00025013476561951115,0,Low Threat
IOT_DEV_038658,0.00022820589215321083,0,Low Threat
IOT_DEV_071853,4.1114209074460225e-05,0,Low Threat
IOT_DEV_015633,0.00026718346833711886,0,Low Threat
IOT_DEV_002039,0.00047268427571083927,0,Low Threat
IOT_DEV_002442,0.00015235295449652614,0,Low Threat
IOT_DEV_027073,0.00023247058472114802,0,Low Threat
IOT_DEV_010882,0.0001689551072881814,0,Low Threat
IOT_DEV_014488,0.00019204329536670386,0,Low Threat
IOT_DEV_015716,8.779111041097751e-05,0,Low Threat
IOT_DEV_059688,8.362159098039909e-05,0,Low Threat
IOT_DEV_063260,0.00015874142146659172,0,Low Threat
IOT_DEV_076322,0.0003677939226979473,0,Low Threat
IOT_DEV_031373,0.00023886634454830814,0,Low Threat
IOT_DEV_036554,0.9999148148289201,1,High Threat
IOT_DEV_008248,0.00013276341056142507,0,Low Threat
IOT_DEV_016350,7.04086875147665e-05,0,Low Threat
IOT_DEV_038904,6.977111472859841e-05,0,Low Threat
IOT_DEV_074839,0.00017021892415745805,0,Low Threat
IOT_DEV_075304,0.00017241871819589005,0,Low Threat
IOT_DEV_013020,0.00014555994217248792,0,Low Threat
IOT_DEV_048562,0.00033411017249811354,0,Low Threat
IOT_DEV_011127,0.0003342726129731639,0,Low Threat
IOT_DEV_062921,5.705922866771425e-05,0,Low Threat
IOT_DEV_035385,9.475522948968722e-05,0,Low Threat
IOT_DEV_073200,0.00028152205405994346,0,Low Threat
IOT_DEV_019922,7.72511070592821e-05,0,Low Threat
IOT_DEV_048855,0.00016255617073805966,0,Low Threat
IOT_DEV_051372,0.000166570320614166,0,Low Threat
IOT_DEV_011873,8.487039118025155e-05,0,Low Threat
IOT_DEV_035259,0.00013169042486547644,0,Low Threat
IOT_DEV_039601,0.00020667086411748321,0,Low Threat
IOT_DEV_056753,0.00031497904349641806,0,Low Threat
IOT_DEV_007169,0.00022551681237416356,0,Low Threat
IOT_DEV_064423,8.591811242020666e-05,0,Low Threat
IOT_DEV_067070,0.00010757319287229537,0,Low Threat
IOT_DEV_030364,0.00039930240659856193,0,Low Threat
IOT_DEV_002061,8.652089492273485e-05,0,Low Threat
IOT_DEV_003023,0.00025024311729107354,0,Low Threat
IOT_DEV_014882,0.0004864153771704982,0,Low Threat
IOT_DEV_052675,0.0003562630076870254,0,Low Threat
IOT_DEV_068548,0.00020220595665398355,0,Low Threat
IOT_DEV_069689,8.755191161378075e-05,0,Low Threat
IOT_DEV_037094,0.00019158163980959985,0,Low Threat
IOT_DEV_015303,0.00027738630879333445,0,Low Threat
IOT_DEV_041097,8.722419276252846e-05,0,Low Threat
IOT_DEV_005511,0.00014265841294478258,0,Low Threat
IOT_DEV_078890,0.00028225746468096743,0,Low Threat
IOT_DEV_003832,0.0003106815681196555,0,Low Threat
IOT_DEV_072857,0.00020204382117511936,0,Low Threat
IOT_DEV_046065,0.00011720174864722243,0,Low Threat
IOT_DEV_000227,0.0002863627303823922,0,Low Threat
IOT_DEV_000713,0.0002076737528670008,0,Low Threat
IOT_DEV_020197,7.17878417736447e-05,0,Low Threat
IOT_DEV_011762,0.0006127993082193623,0,Low Threat
IOT_DEV_077562,0.00030747687613964504,0,Low Threat
IOT_DEV_026779,0.00026342820575826965,0,Low Threat
IOT_DEV_047631,0.00026921204993775316,0,Low Threat
IOT_DEV_056098,0.00030029564031901863,0,Low Threat
IOT_DEV_014043,0.00014358949716948623,0,Low Threat
IOT_DEV_025405,7.466048604670105e-05,0,Low Threat
IOT_DEV_023107,0.00023712080987698544,0,Low Threat
IOT_DEV_076905,0.0002878154843318898,0,Low Threat
IOT_DEV_033377,8.385742408905687e-05,0,Low Threat
IOT_DEV_046473,0.00021005283817541302,0,Low Threat
IOT_DEV_044810,7.818277432981606e-05,0,Low Threat
IOT_DEV_070491,0.00024048370810714892,0,Low Threat
IOT_DEV_054835,0.00014791471770161444,0,Low Threat
IOT_DEV_054861,0.0007082881463718964,0,Low Threat
IOT_DEV_079100,0.00034069680417094303,0,Low Threat
IOT_DEV_050789,6.269538661577727e-05,0,Low Threat
IOT_DEV_049567,0.00011745111698264484,0,Low Threat
IOT_DEV_041063,0.0002761544375660398,0,Low Threat
IOT_DEV_077496,7.007998351165767e-05,0,Low Threat
IOT_DEV_021765,9.626744887719173e-05,0,Low Threat
IOT_DEV_025750,0.00023766088460010595,0,Low Threat
IOT_DEV_047147,0.00027844133478233357,0,Low Threat
IOT_DEV_071033,9.610080164557696e-05,0,Low Threat
IOT_DEV_032139,0.00015088851889711712,0,Low Threat
IOT_DEV_002627,0.00029457039573924787,0,Low Threat
IOT_DEV_032217,5.640929073448515e-05,0,Low Threat
IOT_DEV_002892,0.00012090880830115561,0,Low Threat
IOT_DEV_024388,0.0001543630035702167,0,Low Threat
IOT_DEV_060369,0.00014388432139387852,0,Low Threat
IOT_DEV_018304,8.56710073941284e-05,0,Low Threat
IOT_DEV_055751,0.00015033217424709357,0,Low Threat
IOT_DEV_059937,0.00012148992995082066,0,Low Threat
IOT_DEV_026140,0.00011317231209156435,0,Low Threat
IOT_DEV_051310,7.250205965970611e-05,0,Low Threat
IOT_DEV_062172,9.494370646637034e-05,0,Low Threat
IOT_DEV_001769,0.0003325821252020834,0,Low Threat
IOT_DEV_043429,0.0005023668477214906,0,Low Threat
IOT_DEV_002587,0.00013491482635032148,0,Low Threat
IOT_DEV_034782,0.0007435064751712577,0,Low Threat
IOT_DEV_055764,0.00013043855797383578,0,Low Threat
IOT_DEV_073362,0.00030657067777405724,0,Low Threat
IOT_DEV_057469,9.998062180508324e-05,0,Low Threat
IOT_DEV_029552,9.133323238706761e-05,0,Low Threat
IOT_DEV_054159,0.00018291751265166921,0,Low Threat
IOT_DEV_068521,0.00016184506652909197,0,Low Threat
IOT_DEV_048702,0.00024241661661857976,0,Low Threat
IOT_DEV_026515,0.0009070490801530941,0,Low Threat
IOT_DEV_029614,0.00031787186505227613,0,Low Threat
IOT_DEV_013970,0.00014446863583951334,0,Low Threat
IOT_DEV_076363,0.00013822520166069196,0,Low Threat
IOT_DEV_039445,0.00020615212097863407,0,Low Threat
IOT_DEV_010785,0.00027728833183927816,0,Low Threat
IOT_DEV_049748,0.00012007853679146638,0,Low Threat
IOT_DEV_008816,0.00022082113408305968,0,Low Threat
IOT_DEV_008064,0.0001889080176372014,0,Low Threat
IOT_DEV_066012,0.9830678868004981,1,High Threat
IOT_DEV_034725,0.00015519829343130093,0,Low Threat
IOT_DEV_017004,9.72547403278307e-05,0,Low Threat
IOT_DEV_006692,0.0002981227613548127,0,Low Threat
IOT_DEV_012601,0.00021637263066361575,0,Low Threat
IOT_DEV_038416,0.00027766262752889107,0,Low Threat
IOT_DEV_073426,7.952105055740412e-05,0,Low Threat
IOT_DEV_014494,0.0001309229704204752,0,Low Threat
IOT_DEV_060153,0.00019082122081360572,0,Low Threat
IOT_DEV_056679,0.0003540259908258941,0,Low Threat
IOT_DEV_015036,4.025618121331848e-05,0,Low Threat
IOT_DEV_005027,0.0002295986183408146,0,Low Threat
IOT_DEV_029184,0.0001842488396858804,0,Low Threat
IOT_DEV_070461,0.00011156323780750055,0,Low Threat
IOT_DEV_031122,6.0979007452624354e-05,0,Low Threat
IOT_DEV_018274,0.0002830480258652394,0,Low Threat
IOT_DEV_072647,0.00015256378040511475,0,Low Threat
IOT_DEV_025859,5.733299473472366e-05,0,Low Threat
IOT_DEV_039593,0.0005071961786526807,0,Low Threat
IOT_DEV_019210,0.000348878245459779,0,Low Threat
IOT_DEV_071264,0.0008442349104370492,0,Low Threat
IOT_DEV_042980,0.0003243798447317452,0,Low Threat
IOT_DEV_020199,0.0001288660441866849,0,Low Threat
IOT_DEV_036566,0.0001392450463408073,0,Low Threat
IOT_DEV_070676,0.0006957876171383581,0,Low Threat
IOT_DEV_078941,0.0001059463840383249,0,Low Threat
IOT_DEV_032666,0.00023575435898271906,0,Low Threat
IOT_DEV_071312,0.00024941513735343517,0,Low Threat
IOT_DEV_011314,7.903402283214555e-05,0,Low Threat
IOT_DEV_045660,0.00010654659424694427,0,Low Threat
IOT_DEV_036025,0.00016207831015099025,0,Low Threat
IOT_DEV_063445,9.276881143871787e-05,0,Low Threat
IOT_DEV_062595,0.00017706766750842672,0,Low Threat
IOT_DEV_059786,0.000340962145730363,0,Low Threat
IOT_DEV_061024,0.99995687067766,1,High Threat
IOT_DEV_047823,0.00011117135430934052,0,Low Threat
IOT_DEV_077137,0.00012890650823905008,0,Low Threat
IOT_DEV_055194,0.00024380555979781044,0,Low Threat
IOT_DEV_061797,5.902463507210614e-05,0,Low Threat
IOT_DEV_012546,0.00020878097213011075,0,Low Threat
IOT_DEV_030863,0.0002102602003428642,0,Low Threat
IOT_DEV_010563,0.0002974074241997992,0,Low Threat
IOT_DEV_037591,4.863611980950801e-05,0,Low Threat
IOT_DEV_034429,6.27181791310927e-05,0,Low Threat
IOT_DEV_012826,0.0002819584030437644,0,Low Threat
IOT_DEV_077619,9.13529539632796e-05,0,Low Threat
IOT_DEV_063738,0.00013990686588370813,0,Low Threat
IOT_DEV_041701,0.00012036173856138402,0,Low Threat
IOT_DEV_019784,0.0002448057501160643,0,Low Threat
IOT_DEV_002684,7.614133808122965e-05,0,Low Threat
IOT_DEV_002981,0.0001169583777641932,0,Low Threat
IOT_DEV_048118,5.290454210663499e-05,0,Low Threat
IOT_DEV_068942,5.539734702299187e-05,0,Low Threat
IOT_DEV_018986,0.0002866144127786524,0,Low Threat
IOT_DEV_078676,0.00011451981879465451,0,Low Threat
IOT_DEV_019415,0.00011449430888776062,0,Low Threat
IOT_DEV_051109,1.897752192077549e-05,0,Low Threat
IOT_DEV_044147,0.0003271753993725405,0,Low Threat
IOT_DEV_055217,0.0006518966152337397,0,Low Threat
IOT_DEV_065474,0.0002806976621523749,0,Low Threat
IOT_DEV_011996,3.562469425105004e-05,0,Low Threat
IOT_DEV_032912,0.00012234790854033243,0,Low Threat
IOT_DEV_025425,4.498835097088646e-05,0,Low Threat
IOT_DEV_000630,0.0006256246708779223,0,Low Threat
IOT_DEV_052914,3.0872437772752116e-05,0,Low Threat
IOT_DEV_001279,5.999565020685174e-05,0,Low Threat
IOT_DEV_015356,0.0004994919649973779,0,Low Threat
IOT_DEV_042158,0.00018871209128736005,0,Low Threat
IOT_DEV_048383,8.449172709312616e-05,0,Low Threat
IOT_DEV_064253,0.00017388443306917461,0,Low Threat
IOT_DEV_012308,6.517288061771424e-05,0,Low Threat
IOT_DEV_046249,5.468806148547482e-05,0,Low Threat
IOT_DEV_064677,0.000258836967900661,0,Low Threat
IOT_DEV_019485,0.00013092047163839595,0,Low Threat
IOT_DEV_043822,4.4504619283082334e-05,0,Low Threat
IOT_DEV_078894,0.0007309697217141105,0,Low Threat
IOT_DEV_022833,0.0005202200990756737,0,Low Threat
IOT_DEV_053497,0.0012132874704672105,0,Low Threat
IOT_DEV_073101,5.771592188308794e-05,0,Low Threat
IOT_DEV_005070,0.0002599699981312675,0,Low Threat
IOT_DEV_033620,0.00020632866300400793,0,Low Threat
IOT_DEV_046585,0.0002409029759477281,0,Low Threat
IOT_DEV_078485,7.009660968059395e-05,0,Low Threat
IOT_DEV_037091,7.65271808423025e-05,0,Low Threat
IOT_DEV_046934,0.00025220250305239416,0,Low Threat
IOT_DEV_031893,0.00010819336337469176,0,Low Threat
IOT_DEV_008823,5.9305877980948614e-05,0,Low Threat
IOT_DEV_034166,4.5785232267619745e-05,0,Low Threat
IOT_DEV_045547,0.00010064260942103457,0,Low Threat
IOT_DEV_040774,0.00015737463052213074,0,Low Threat
IOT_DEV_078192,0.0001876057833385443,0,Low Threat
IOT_DEV_017540,0.0002688912134215123,0,Low Threat
IOT_DEV_006137,0.00030956004370019544,0,Low Threat
IOT_DEV_001004,5.051256539749325e-05,0,Low Threat
IOT_DEV_049814,4.768649661658671e-05,0,Low Threat
IOT_DEV_022146,0.0008448721483630576,0,Low Threat
IOT_DEV_036781,0.0004143272589979774,0,Low Threat
IOT_DEV_028585,0.0006331891180584288,0,Low Threat
IOT_DEV_019583,1.7364922038854967e-05,0,Low Threat
IOT_DEV_079966,0.9999875187679165,1,High Threat
IOT_DEV_014842,4.9999523634787054e-05,0,Low Threat
IOT_DEV_047968,7.523472439441056e-05,0,Low Threat
IOT_DEV_000774,0.0004884943724873463,0,Low Threat
IOT_DEV_038971,5.217398395687315e-05,0,Low Threat
IOT_DEV_049512,0.00012794336715583833,0,Low Threat
IOT_DEV_028250,0.00021106739249250077,0,Low Threat
IOT_DEV_009986,0.0001546401170215396,0,Low Threat
IOT_DEV_019235,0.00014751324543713456,0,Low Threat
IOT_DEV_054000,0.00017618819062252636,0,Low Threat
IOT_DEV_055511,0.00037055520261254074,0,Low Threat
IOT_DEV_054332,0.00014075594682224816,0,Low Threat
IOT_DEV_045788,0.0002925489144036301,0,Low Threat
IOT_DEV_052548,0.0004393176894621374,0,Low Threat
IOT_DEV_045675,0.00032567804436516723,0,Low Threat
IOT_DEV_062018,0.00023981942963898447,0,Low Threat
IOT_DEV_079463,0.00036151263043139733,0,Low Threat
IOT_DEV_006294,0.0004628186622348571,0,Low Threat
IOT_DEV_053156,0.00013257977990111498,0,Low Threat
IOT_DEV_000151,0.0013529071693889345,0,Low Threat
IOT_DEV_019967,0.0005061878174954743,0,Low Threat
IOT_DEV_052780,5.40889941582758e-05,0,Low Threat
IOT_DEV_033122,0.0007797560245444768,0,Low Threat
IOT_DEV_014443,0.0005755824845599829,0,Low Threat
IOT_DEV_050233,0.0003098020654647491,0,Low Threat
IOT_DEV_011142,0.0003319535051353933,0,Low Threat
IOT_DEV_006763,0.0002859240240450213,0,Low Threat
IOT_DEV_065595,3.310689014835645e-05,0,Low Threat
IOT_DEV_011015,0.00012197654531648928,0,Low Threat
IOT_DEV_056176,6.715350270467716e-05,0,Low Threat
IOT_DEV_042337,0.0001302808223560305,0,Low Threat
IOT_DEV_006943,0.00015319028771573946,0,Low Threat
IOT_DEV_029948,9.972144109881537e-05,0,Low Threat
IOT_DEV_054667,8.307256704492076e-05,0,Low Threat
IOT_DEV_075114,0.000186199264367991,0,Low Threat
IOT_DEV_035767,7.590152959649332e-05,0,Low Threat
IOT_DEV_077092,5.9556311765436096e-05,0,Low Threat
IOT_DEV_048637,0.00036546822170042427,0,Low Threat
IOT_DEV_009285,0.0001726261098338716,0,Low Threat
IOT_DEV_010998,0.00015872699551019935,0,Low Threat
IOT_DEV_048285,0.00022207884614952768,0,Low Threat
IOT_DEV_011984,5.723161058632334e-05,0,Low Threat
IOT_DEV_057076,0.0002742317571660847,0,Low Threat
IOT_DEV_012618,0.00026317056044756354,0,Low Threat
IOT_DEV_000697,0.9999932646083683,1,High Threat
IOT_DEV_048019,0.0001896769531333163,0,Low Threat
IOT_DEV_007546,0.00018147092866000773,0,Low Threat
IOT_DEV_041908,7.782934164230076e-05,0,Low Threat
IOT_DEV_049248,0.0012067079932270976,0,Low Threat
IOT_DEV_006659,0.0002081590545835949,0,Low Threat
IOT_DEV_022686,0.0002248950367943752,0,Low Threat
IOT_DEV_038421,0.001007585590924563,0,Low Threat
IOT_DEV_070447,0.0007189053049844018,0,Low Threat
IOT_DEV_074313,0.00017509884426519147,0,Low Threat
IOT_DEV_007983,0.00020863522120051403,0,Low Threat
IOT_DEV_009312,0.0005483700584622629,0,Low Threat
IOT_DEV_004098,0.0002118746064313549,0,Low Threat
IOT_DEV_034793,7.537709695667174e-05,0,Low Threat
IOT_DEV_038567,9.77716759488109e-05,0,Low Threat
IOT_DEV_025312,0.0003104682907554642,0,Low Threat
IOT_DEV_044522,0.00010697255484840476,0,Low Threat
IOT_DEV_026494,0.00025549674431383005,0,Low Threat
IOT_DEV_010714,0.00021161262874529988,0,Low Threat
IOT_DEV_004130,0.00020221757955095283,0,Low Threat
IOT_DEV_003914,0.00012195080729620392,0,Low Threat
IOT_DEV_070138,0.8281974659266964,1,High Threat
IOT_DEV_059713,0.00021242565195893335,0,Low Threat
IOT_DEV_075818,0.0001485710243992323,0,Low Threat
IOT_DEV_046996,0.9600477342839661,1,High Threat
IOT_DEV_002886,7.831635613061928e-05,0,Low Threat
IOT_DEV_070948,0.0001331536719053749,0,Low Threat
IOT_DEV_073564,8.177093924809436e-05,0,Low Threat
IOT_DEV_075809,0.0002758346113652833,0,Low Threat
IOT_DEV_018844,0.00014969200733247741,0,Low Threat
IOT_DEV_071194,9.520992657687847e-05,0,Low Threat
IOT_DEV_035048,0.00011049986983548385,0,Low Threat
IOT_DEV_028120,0.0003923996854047393,0,Low Threat
IOT_DEV_051353,0.00033659016324179085,0,Low Threat
IOT_DEV_014330,0.00022123976409461085,0,Low Threat
IOT_DEV_019165,0.00027702705314252364,0,Low Threat
IOT_DEV_038775,5.83351445223422e-05,0,Low Threat
IOT_DEV_055040,0.0002945833066014609,0,Low Threat
IOT_DEV_075072,0.0001280494486824273,0,Low Threat
IOT_DEV_078913,0.00023076842980895534,0,Low Threat
IOT_DEV_006813,4.927942391335847e-05,0,Low Threat
IOT_DEV_026909,0.0008059779216234,0,Low Threat
IOT_DEV_034224,2.0430570325213914e-05,0,Low Threat
IOT_DEV_058413,0.0001800040981364029,0,Low Threat
IOT_DEV_016086,0.0003758316600874646,0,Low Threat
IOT_DEV_050633,6.636566801983791e-05,0,Low Threat
IOT_DEV_059172,0.0005751234970745257,0,Low Threat
IOT_DEV_022318,2.8724915699652976e-05,0,Low Threat
IOT_DEV_032778,0.00025581719336845296,0,Low Threat
IOT_DEV_044978,0.0008727698277941629,0,Low Threat
IOT_DEV_078547,0.0001546653559592462,0,Low Threat
IOT_DEV_050129,0.00036805521733932227,0,Low Threat
IOT_DEV_042091,3.4069906528979564e-05,0,Low Threat
IOT_DEV_068495,0.00016975258873973048,0,Low Threat
IOT_DEV_003803,0.0005029882895592395,0,Low Threat
IOT_DEV_076356,0.0001501181391181441,0,Low Threat
IOT_DEV_017837,0.9999820297580033,1,High Threat
IOT_DEV_018925,0.0009410992628674825,0,Low Threat
IOT_DEV_076169,0.00018341618270266893,0,Low Threat
IOT_DEV_057007,0.00020743070057509111,0,Low Threat
IOT_DEV_050069,0.0011709991627411175,0,Low Threat
IOT_DEV_030403,0.0001948129969974171,0,Low Threat
IOT_DEV_006167,8.673363647374694e-05,0,Low Threat
IOT_DEV_077777,0.0007018158024492973,0,Low Threat
IOT_DEV_008238,0.0001031396261638982,0,Low Threat
IOT_DEV_049489,0.00026381338750174527,0,Low Threat
IOT_DEV_079361,9.088208990297421e-05,0,Low Threat
IOT_DEV_015886,5.8912944014233836e-05,0,Low Threat
IOT_DEV_039090,7.586720287177472e-05,0,Low Threat
IOT_DEV_055329,0.00040050601380514183,0,Low Threat
IOT_DEV_042303,0.9999999096585159,1,High Threat
IOT_DEV_063265,0.0001711958913050603,0,Low Threat
IOT_DEV_018546,0.00033234181025338375,0,Low Threat
IOT_DEV_062299,8.795276458123502e-05,0,Low Threat
IOT_DEV_053595,0.00023107619716633402,0,Low Threat
IOT_DEV_058700,0.0005275986862248765,0,Low Threat
IOT_DEV_010951,0.9999423119059909,1,High Threat
IOT_DEV_015131,0.00023082452614535024,0,Low Threat
IOT_DEV_011349,0.0002183652824486202,0,Low Threat
IOT_DEV_020347,0.9998654692926665,1,High Threat
IOT_DEV_063616,0.00030951483037274994,0,Low Threat
IOT_DEV_060323,0.00011658883249900157,0,Low Threat
IOT_DEV_017063,0.0006507971342087385,0,Low Threat
IOT_DEV_068740,0.0006431992899764685,0,Low Threat
IOT_DEV_002763,8.351714240775531e-05,0,Low Threat
IOT_DEV_024238,0.000211324161114694,0,Low Threat
IOT_DEV_058240,0.00010901113012012129,0,Low Threat
IOT_DEV_028911,0.0005740066819457052,0,Low Threat
IOT_DEV_036868,0.0005515353101821728,0,Low Threat
IOT_DEV_006007,0.0002957382115610522,0,Low Threat
IOT_DEV_069702,0.0005912170810116681,0,Low Threat
IOT_DEV_057472,0.0003540787224346126,0,Low Threat
IOT_DEV_060981,0.00014448543660889332,0,Low Threat
IOT_DEV_062803,5.750024028148501e-05,0,Low Threat
IOT_DEV_016023,0.0005725872585638283,0,Low Threat
IOT_DEV_049719,9.33977189982486e-05,0,Low Threat
IOT_DEV_004659,0.0004518913952208833,0,Low Threat
IOT_DEV_077541,4.8294339064196894e-05,0,Low Threat
IOT_DEV_057177,0.0001358904475663701,0,Low Threat
IOT_DEV_050721,0.0006440794622203373,0,Low Threat
IOT_DEV_005135,0.0002115477069233477,0,Low Threat
IOT_DEV_065993,9.55685857360112e-05,0,Low Threat
IOT_DEV_045868,6.766680609198988e-05,0,Low Threat
IOT_DEV_001571,0.00028829736651157686,0,Low Threat
IOT_DEV_058548,0.00024046779213689597,0,Low Threat
IOT_DEV_009485,0.00010605864152217077,0,Low Threat
IOT_DEV_062635,8.60542983445565e-05,0,Low Threat
IOT_DEV_002360,0.0001330096314252799,0,Low Threat
IOT_DEV_008761,0.0004146458279928195,0,Low Threat
IOT_DEV_048143,0.00047928795673610815,0,Low Threat
IOT_DEV_079968,6.813192104317457e-05,0,Low Threat
IOT_DEV_028587,6.822574079894953e-05,0,Low Threat
IOT_DEV_066377,0.00019058853637154651,0,Low Threat
IOT_DEV_024425,0.0005770869005854698,0,Low Threat
IOT_DEV_016153,0.00017795765291364523,0,Low Threat
IOT_DEV_079019,0.00022844270075395807,0,Low Threat
IOT_DEV_076563,0.00030511184014829935,0,Low Threat
IOT_DEV_052129,0.00010288656967721021,0,Low Threat
IOT_DEV_053501,9.001460081708393e-05,0,Low Threat
IOT_DEV_048401,0.00023183917770372404,0,Low Threat
IOT_DEV_033424,0.0001257225442029558,0,Low Threat
IOT_DEV_027435,0.00010141649494547171,0,Low Threat
IOT_DEV_012072,0.0001955697720969733,0,Low Threat
IOT_DEV_064673,7.106975922241933e-05,0,Low Threat
IOT_DEV_029322,0.0001549776338783949,0,Low Threat
IOT_DEV_079774,5.07750549122036e-05,0,Low Threat
IOT_DEV_045805,0.00013629929615982495,0,Low Threat
IOT_DEV_076784,0.0004383624022099817,0,Low Threat
IOT_DEV_037562,0.0002641457032851522,0,Low Threat
IOT_DEV_045979,0.00027161148081124157,0,Low Threat
IOT_DEV_027039,0.0001264321419282802,0,Low Threat
IOT_DEV_012848,0.00024302192698874965,0,Low Threat
IOT_DEV_068781,0.00022650271769274625,0,Low Threat
IOT_DEV_050598,0.00014511614697466834,0,Low Threat
IOT_DEV_031010,0.00024423024410615696,0,Low Threat
IOT_DEV_008225,0.00019594578382412152,0,Low Threat
IOT_DEV_071864,9.002629965707789e-05,0,Low Threat
IOT_DEV_072994,0.9999991780396055,1,High Threat
IOT_DEV_030158,0.00023346211227658772,0,Low Threat
IOT_DEV_002297,0.0005143162556486296,0,Low Threat
IOT_DEV_023768,0.0002524992102249016,0,Low Threat
IOT_DEV_075010,5.100168773141035e-05,0,Low Threat
IOT_DEV_044333,0.0001786398215545743,0,Low Threat
IOT_DEV_078421,0.00019865427417585388,0,Low Threat
IOT_DEV_002616,5.312856945157861e-05,0,Low Threat
IOT_DEV_002300,7.951100943468034e-05,0,Low Threat
IOT_DEV_009052,0.00017703058431414297,0,Low Threat
IOT_DEV_003170,3.072061196737384e-05,0,Low Threat
IOT_DEV_034105,0.0009310208720767634,0,Low Threat
IOT_DEV_000840,0.9998940505211711,1,High Threat
IOT_DEV_049353,0.00013055649769196827,0,Low Threat
IOT_DEV_055571,0.999999241875234,1,High Threat
IOT_DEV_078176,0.00015289566048376719,0,Low Threat
IOT_DEV_024829,0.0001807983278811235,0,Low Threat
IOT_DEV_000760,0.00018487505033854822,0,Low Threat
IOT_DEV_017251,7.31892533054521e-05,0,Low Threat
IOT_DEV_050029,9.360366707026137e-05,0,Low Threat
IOT_DEV_015577,0.00041774497216498263,0,Low Threat
IOT_DEV_050370,0.00010696718190628065,0,Low Threat
IOT_DEV_032648,0.0002045386454625126,0,Low Threat
IOT_DEV_049686,6.023674541814217e-05,0,Low Threat
IOT_DEV_071990,8.602477501660757e-05,0,Low Threat
IOT_DEV_069019,8.573183483258861e-05,0,Low Threat
IOT_DEV_068742,0.9993854731509954,1,High Threat
IOT_DEV_031295,0.00010418615453548277,0,Low Threat
IOT_DEV_046123,0.9999995782620721,1,High Threat
IOT_DEV_065045,7.548289961552481e-05,0,Low Threat
IOT_DEV_008622,8.501954496470792e-05,0,Low Threat
IOT_DEV_028938,0.0002758362700041964,0,Low Threat
IOT_DEV_061130,9.853936764069877e-05,0,Low Threat
IOT_DEV_050586,0.986567555530187,1,High Threat
IOT_DEV_005672,0.00013139959131986393,0,Low Threat
IOT_DEV_053674,5.2905646253159794e-05,0,Low Threat
IOT_DEV_031841,3.0451163867522928e-05,0,Low Threat
IOT_DEV_022172,0.00012715968739311393,0,Low Threat
IOT_DEV_056513,0.0012406119561312737,0,Low Threat
IOT_DEV_047413,4.192732793705677e-05,0,Low Threat
IOT_DEV_002173,0.0003629383577721195,0,Low Threat
IOT_DEV_052758,0.0004422268322336492,0,Low Threat
IOT_DEV_003587,0.00013153439892538824,0,Low Threat
IOT_DEV_004273,5.479887469879716e-05,0,Low Threat
IOT_DEV_051425,8.511517294129598e-05,0,Low Threat
IOT_DEV_078795,9.144821445455892e-05,0,Low Threat
IOT_DEV_030835,0.0002999291963499012,0,Low Threat
IOT_DEV_070924,0.0007854923307857717,0,Low Threat
IOT_DEV_049363,9.20757487023187e-05,0,Low Threat
IOT_DEV_016630,7.539830635682616e-05,0,Low Threat
IOT_DEV_064929,0.00022180505993784347,0,Low Threat
IOT_DEV_062662,0.0009328305131654494,0,Low Threat
IOT_DEV_075311,3.540117990323941e-05,0,Low Threat
IOT_DEV_027706,0.0001336072405129038,0,Low Threat
IOT_DEV_017453,9.213259679696087e-05,0,Low Threat
IOT_DEV_066335,0.00017227968760931108,0,Low Threat
IOT_DEV_009036,0.0001546587213310512,0,Low Threat
IOT_DEV_069969,0.0002516520970047102,0,Low Threat
IOT_DEV_023220,0.0001417435439706139,0,Low Threat
IOT_DEV_013437,5.544986762049583e-05,0,Low Threat
IOT_DEV_010784,0.00034750552347326995,0,Low Threat
IOT_DEV_076184,0.00012666745251686926,0,Low Threat
IOT_DEV_021593,5.863475994699333e-05,0,Low Threat
IOT_DEV_007340,0.00025333242103588985,0,Low Threat
IOT_DEV_059560,0.0001397815488045784,0,Low Threat
IOT_DEV_047529,0.000343263724267379,0,Low Threat
IOT_DEV_027725,0.9997804900824703,1,High Threat
IOT_DEV_046693,0.00023739580189163686,0,Low Threat
IOT_DEV_057350,0.0001600855499470145,0,Low Threat
IOT_DEV_056842,0.00011101375675695996,0,Low Threat
IOT_DEV_053938,6.598467148673318e-05,0,Low Threat
IOT_DEV_052164,0.00021961379958398177,0,Low Threat
IOT_DEV_070235,0.0001840916026072308,0,Low Threat
IOT_DEV_020613,0.00021321500635682145,0,Low Threat
IOT_DEV_036489,6.99866818498831e-05,0,Low Threat
IOT_DEV_034356,0.0003967820770972335,0,Low Threat
IOT_DEV_057604,0.00027319159433996244,0,Low Threat
IOT_DEV_063242,9.769455109970274e-05,0,Low Threat
IOT_DEV_070837,3.550051313541134e-05,0,Low Threat
IOT_DEV_058232,0.00014103281181347707,0,Low Threat
IOT_DEV_012726,0.00011424103399964942,0,Low Threat
IOT_DEV_055516,0.00015622050190377399,0,Low Threat
IOT_DEV_011485,0.0001901278111457813,0,Low Threat
IOT_DEV_027404,0.0006885564562078914,0,Low Threat
IOT_DEV_026145,0.0002352111479839811,0,Low Threat
IOT_DEV_006791,0.0003597210446841426,0,Low Threat
IOT_DEV_030984,0.00048610690674801086,0,Low Threat
IOT_DEV_010596,0.00013879843143024513,0,Low Threat
IOT_DEV_070381,5.1566354096775793e-05,0,Low Threat
IOT_DEV_054493,0.0002235209495007383,0,Low Threat
IOT_DEV_059747,4.711102161804971e-05,0,Low Threat
IOT_DEV_050237,0.0001660961814571961,0,Low Threat
IOT_DEV_073418,0.0001665703136908622,0,Low Threat
IOT_DEV_011904,0.000301702544138279,0,Low Threat
IOT_DEV_019965,0.00022795165479360847,0,Low Threat
IOT_DEV_037398,9.544665371850597e-05,0,Low Threat
IOT_DEV_023945,0.0005639405551787366,0,Low Threat
IOT_DEV_071918,9.221954057046146e-05,0,Low Threat
IOT_DEV_020409,0.0003120884668040638,0,Low Threat
IOT_DEV_055631,0.00031981975016513834,0,Low Threat
IOT_DEV_019793,0.00014185123936509103,0,Low Threat
IOT_DEV_035227,0.0002788872637333184,0,Low Threat
IOT_DEV_058452,0.00014332291714931755,0,Low Threat
IOT_DEV_017173,8.784236144786029e-05,0,Low Threat
IOT_DEV_020229,0.0003794673666377172,0,Low Threat
IOT_DEV_001737,4.71763349101526e-05,0,Low Threat
IOT_DEV_061464,0.00010823140514639602,0,Low Threat
IOT_DEV_022927,0.00015572938096160968,0,Low Threat
IOT_DEV_039521,0.0010358444888742195,0,Low Threat
IOT_DEV_016424,0.00014978588056626342,0,Low Threat
IOT_DEV_063133,0.00025949103442696533,0,Low Threat
IOT_DEV_025297,0.00010885766930910207,0,Low Threat
IOT_DEV_066057,0.00022739191482542257,0,Low Threat
IOT_DEV_062564,0.0012530014470741925,0,Low Threat
IOT_DEV_073164,0.0005750334333417168,0,Low Threat
IOT_DEV_004158,8.91308977677568e-05,0,Low Threat
IOT_DEV_022614,0.0001761600911007794,0,Low Threat
IOT_DEV_025744,0.00033891339422081705,0,Low Threat
IOT_DEV_037918,8.273033844643052e-05,0,Low Threat
IOT_DEV_041886,0.0005778605576115619,0,Low Threat
IOT_DEV_004658,2.404257994325699e-05,0,Low Threat
IOT_DEV_078404,0.0003509198540476676,0,Low Threat
IOT_DEV_012609,0.0005173805535942373,0,Low Threat
IOT_DEV_018095,8.90455723468063e-05,0,Low Threat
IOT_DEV_077905,0.00019705301576708074,0,Low Threat
IOT_DEV_043360,0.00013634261298918303,0,Low Threat
IOT_DEV_073677,0.00010646471629624677,0,Low Threat
IOT_DEV_026325,8.739680983961154e-05,0,Low Threat
IOT_DEV_020339,0.0003597967136694682,0,Low Threat
IOT_DEV_075878,6.710571559192773e-05,0,Low Threat
IOT_DEV_031080,0.000506428490162775,0,Low Threat
IOT_DEV_047263,0.00012077840469729566,0,Low Threat
IOT_DEV_051264,0.00021327726852652371,0,Low Threat
IOT_DEV_046513,3.6102943715805914e-05,0,Low Threat
IOT_DEV_063023,8.12709854473398e-05,0,Low Threat
IOT_DEV_010090,9.959991268289194e-05,0,Low Threat
IOT_DEV_042290,9.955918524180884e-05,0,Low Threat
IOT_DEV_027912,0.00011656805022165072,0,Low Threat
IOT_DEV_021212,0.00011527740379233404,0,Low Threat
IOT_DEV_038790,0.0001061314492548583,0,Low Threat
IOT_DEV_070176,0.00012520668218720906,0,Low Threat
IOT_DEV_023752,0.00017155261053441607,0,Low Threat
IOT_DEV_078319,0.00021156553780763042,0,Low Threat
IOT_DEV_042445,0.00022986057506831848,0,Low Threat
IOT_DEV_014182,0.00016337317533499893,0,Low Threat
IOT_DEV_052258,6.135681050794166e-05,0,Low Threat
IOT_DEV_060570,0.00012107004017079374,0,Low Threat
IOT_DEV_026183,0.001257318402877134,0,Low Threat
IOT_DEV_003508,0.00016353387823819887,0,Low Threat
IOT_DEV_029862,0.00019346258996191196,0,Low Threat
IOT_DEV_022036,0.00010799363278223561,0,Low Threat
IOT_DEV_017589,0.00016314386341685365,0,Low Threat
IOT_DEV_023499,0.0004552927404133426,0,Low Threat
IOT_DEV_065677,8.524238639233604e-05,0,Low Threat
IOT_DEV_062804,0.9808512173637545,1,High Threat
IOT_DEV_008967,0.00014966068622166735,0,Low Threat
IOT_DEV_040099,0.0002510859729195485,0,Low Threat
IOT_DEV_016333,5.0315969806441406e-05,0,Low Threat
IOT_DEV_059591,8.010756084040698e-05,0,Low Threat
IOT_DEV_035770,9.008571323393676e-05,0,Low Threat
IOT_DEV_021157,7.895249960084674e-05,0,Low Threat
IOT_DEV_074665,9.597030316582989e-05,0,Low Threat
IOT_DEV_077478,0.0005897304048332819,0,Low Threat
IOT_DEV_029244,0.0002359054322476174,0,Low Threat
IOT_DEV_042835,8.705220583376548e-05,0,Low Threat
IOT_DEV_019439,8.106271016345952e-05,0,Low Threat
IOT_DEV_008194,0.00011015486155276476,0,Low Threat
IOT_DEV_064919,7.742406303572587e-05,0,Low Threat
IOT_DEV_036205,0.00016922618061455838,0,Low Threat
IOT_DEV_022161,0.0007378436973765753,0,Low Threat
IOT_DEV_074577,0.00011249305233334443,0,Low Threat
IOT_DEV_013766,4.998238057493697e-05,0,Low Threat
IOT_DEV_019152,8.55682107831056e-05,0,Low Threat
IOT_DEV_049434,4.008564139221518e-05,0,Low Threat
IOT_DEV_027805,0.0002026691123983841,0,Low Threat
IOT_DEV_001642,0.00033826758329677514,0,Low Threat
IOT_DEV_040784,0.0005100838414625836,0,Low Threat
IOT_DEV_018111,3.975050813987133e-05,0,Low Threat
IOT_DEV_002781,4.121085377409026e-05,0,Low Threat
IOT_DEV_019837,0.9592018330113454,1,High Threat
IOT_DEV_032733,0.00011603045432352418,0,Low Threat
IOT_DEV_066453,0.0001146302426770504,0,Low Threat
IOT_DEV_056348,0.0001703798537903407,0,Low Threat
IOT_DEV_025183,0.00031605249243166813,0,Low Threat
IOT_DEV_062479,4.212841520038964e-05,0,Low Threat
IOT_DEV_026968,3.9767605474698286e-05,0,Low Threat
IOT_DEV_045466,0.00016891654642293164,0,Low Threat
IOT_DEV_026964,6.470205945612834e-05,0,Low Threat
IOT_DEV_045998,0.0005473197727676574,0,Low Threat
IOT_DEV_000192,0.0004397251129781112,0,Low Threat
IOT_DEV_020256,0.0002493771526940081,0,Low Threat
IOT_DEV_011289,0.0001469305777663804,0,Low Threat
IOT_DEV_020398,2.7989251900327985e-05,0,Low Threat
IOT_DEV_043709,0.0002884955325834221,0,Low Threat
IOT_DEV_014702,0.0005706736117227269,0,Low Threat
IOT_DEV_043196,0.00026171358817876866,0,Low Threat
IOT_DEV_015344,0.001316103500005825,0,Low Threat
IOT_DEV_023946,0.00038636866290194167,0,Low Threat
IOT_DEV_060094,0.00010284863977835013,0,Low Threat
IOT_DEV_069924,0.0005314584504400089,0,Low Threat
IOT_DEV_075437,0.00010626755902360634,0,Low Threat
IOT_DEV_058939,0.0002283132551056373,0,Low Threat
IOT_DEV_060175,6.760192273583295e-05,0,Low Threat
IOT_DEV_015726,0.0002013662903149593,0,Low Threat
IOT_DEV_074971,7.139836422224515e-05,0,Low Threat
IOT_DEV_051928,7.633059965856389e-05,0,Low Threat
IOT_DEV_018818,0.0005244621280770267,0,Low Threat
IOT_DEV_067702,0.00032475676840734843,0,Low Threat
IOT_DEV_063687,8.169464275113588e-05,0,Low Threat
IOT_DEV_022653,0.00016997163932514357,0,Low Threat
IOT_DEV_067100,0.00013451345299713444,0,Low Threat
IOT_DEV_009009,0.00022416552337695583,0,Low Threat
IOT_DEV_046263,8.045107769806861e-05,0,Low Threat
IOT_DEV_020139,0.00010556232769182092,0,Low Threat
IOT_DEV_003726,8.360268453411006e-05,0,Low Threat
IOT_DEV_052247,0.000673706331787448,0,Low Threat
IOT_DEV_022140,7.374027055769443e-05,0,Low Threat
IOT_DEV_015184,0.00019840062020647626,0,Low Threat
IOT_DEV_032087,4.924294950196175e-05,0,Low Threat
IOT_DEV_027456,5.392182027763945e-05,0,Low Threat
IOT_DEV_010644,8.188439976595502e-05,0,Low Threat
IOT_DEV_067484,0.0001758451911866308,0,Low Threat
IOT_DEV_061640,0.0003746342995510847,0,Low Threat
IOT_DEV_018791,0.0003267189840561331,0,Low Threat
IOT_DEV_008505,0.00019759582799895397,0,Low Threat
IOT_DEV_042869,0.00010193250419458056,0,Low Threat
IOT_DEV_064692,0.0005843282378563982,0,Low Threat
IOT_DEV_049077,6.288086695923472e-05,0,Low Threat
IOT_DEV_031634,0.0001496418829755691,0,Low Threat
IOT_DEV_053644,0.000124592333104011,0,Low Threat
IOT_DEV_073553,0.00014791069654073962,0,Low Threat
IOT_DEV_007723,9.181691385021087e-05,0,Low Threat
IOT_DEV_028147,0.0004963374606014218,0,Low Threat
IOT_DEV_073918,8.06566699447208e-05,0,Low Threat
IOT_DEV_004860,0.000260469952645629,0,Low Threat
IOT_DEV_044693,8.533075386979985e-05,0,Low Threat
IOT_DEV_048996,9.864335755763165e-05,0,Low Threat
IOT_DEV_045461,0.000167291203125138,0,Low Threat
IOT_DEV_028321,0.0001142959384672963,0,Low Threat
IOT_DEV_078865,0.000177724181403691,0,Low Threat
IOT_DEV_016354,0.00035787027453930084,0,Low Threat
IOT_DEV_033211,9.783484716177926e-05,0,Low Threat
IOT_DEV_044577,0.00035347025302510146,0,Low Threat
IOT_DEV_062255,0.00017972661698272482,0,Low Threat
IOT_DEV_044456,0.0003272169105552479,0,Low Threat
IOT_DEV_059952,6.562055871006114e-05,0,Low Threat
IOT_DEV_058826,0.00028647105730720467,0,Low Threat
IOT_DEV_037377,0.00010496175670949682,0,Low Threat
IOT_DEV_068618,0.00012862128651273445,0,Low Threat
IOT_DEV_046880,0.00020508206038718634,0,Low Threat
IOT_DEV_064349,0.00023716838935397306,0,Low Threat
IOT_DEV_062384,2.1343783430679117e-05,0,Low Threat
IOT_DEV_064641,0.0001046029649004667,0,Low Threat
IOT_DEV_012374,4.63611247196836e-05,0,Low Threat
IOT_DEV_004991,0.00016516141274244017,0,Low Threat
IOT_DEV_063502,0.0006240829053091371,0,Low Threat
IOT_DEV_003594,7.381108702939468e-05,0,Low Threat
IOT_DEV_045661,0.0011128508430110163,0,Low Threat
IOT_DEV_053548,0.00017744957864704444,0,Low Threat
IOT_DEV_075599,0.00022394944748153545,0,Low Threat
IOT_DEV_037069,5.2229535445558806e-05,0,Low Threat
IOT_DEV_071936,0.0006018125602806207,0,Low Threat
IOT_DEV_042247,0.00010629672305249296,0,Low Threat
IOT_DEV_002374,9.533796635422681e-05,0,Low Threat
IOT_DEV_057349,0.00020531532758299545,0,Low Threat
IOT_DEV_054805,0.00024833459139004936,0,Low Threat
IOT_DEV_059035,0.0001505073333164021,0,Low Threat
IOT_DEV_013864,0.00011331000394559974,0,Low Threat
IOT_DEV_059066,0.00012711254490509828,0,Low Threat
IOT_DEV_054789,0.00012630466815610864,0,Low Threat
IOT_DEV_076641,0.00043556090736717075,0,Low Threat
IOT_DEV_009054,0.00014431852848561602,0,Low Threat
IOT_DEV_016892,7.245872916529606e-05,0,Low Threat
IOT_DEV_021655,4.9950416715842424e-05,0,Low Threat
IOT_DEV_007377,0.00015115878736232115,0,Low Threat
IOT_DEV_057188,0.0002995660007209182,0,Low Threat
IOT_DEV_044053,0.00031878885159469154,0,Low Threat
IOT_DEV_017847,5.088058628579179e-05,0,Low Threat
IOT_DEV_020008,0.00018949353709711987,0,Low Threat
IOT_DEV_025198,0.0004013453367973105,0,Low Threat
IOT_DEV_058029,0.00035114131195096085,0,Low Threat
IOT_DEV_022253,0.00010501309821565416,0,Low Threat
IOT_DEV_078295,6.934510783225398e-05,0,Low Threat
IOT_DEV_004252,0.00012094282301849455,0,Low Threat
IOT_DEV_053185,0.0002801702540551497,0,Low Threat
IOT_DEV_071547,0.0005085111060033066,0,Low Threat
IOT_DEV_036664,0.00011528400216416448,0,Low Threat
IOT_DEV_027172,0.0001680194065276891,0,Low Threat
IOT_DEV_062196,0.00015169469314239677,0,Low Threat
IOT_DEV_052966,0.00014539798777754118,0,Low Threat
IOT_DEV_074590,0.00016298242958157815,0,Low Threat
IOT_DEV_046966,0.00019150679539251596,0,Low Threat
IOT_DEV_002166,0.00025415594301395777,0,Low Threat
IOT_DEV_025209,0.0005232938139904586,0,Low Threat
IOT_DEV_008845,0.0001380811487774848,0,Low Threat
IOT_DEV_004347,0.00039965986951970387,0,Low Threat
IOT_DEV_066835,0.00019715042447846921,0,Low Threat
IOT_DEV_010673,0.00012675951808902467,0,Low Threat
IOT_DEV_060609,0.00024303221647623487,0,Low Threat
IOT_DEV_047454,0.00010631267959046856,0,Low Threat
IOT_DEV_011421,0.00013974765610147847,0,Low Threat
IOT_DEV_031252,0.00030357142248726434,0,Low Threat
IOT_DEV_050588,0.0001946887327833912,0,Low Threat
IOT_DEV_000565,8.078405602218855e-05,0,Low Threat
IOT_DEV_016116,0.00030331340667932334,0,Low Threat
IOT_DEV_048418,0.00019231384969633578,0,Low Threat
IOT_DEV_067638,0.0002940328622187628,0,Low Threat
IOT_DEV_034806,5.6394926869738494e-05,0,Low Threat
IOT_DEV_053966,0.000227498453438468,0,Low Threat
IOT_DEV_052805,3.6575511286116975e-05,0,Low Threat
IOT_DEV_019214,0.00010126978633663716,0,Low Threat
IOT_DEV_008992,0.00012206534280870774,0,Low Threat
IOT_DEV_017731,0.0005927876648923806,0,Low Threat
IOT_DEV_078597,0.00011082955992741812,0,Low Threat
IOT_DEV_054353,9.940869530340777e-05,0,Low Threat
IOT_DEV_026110,0.00039659121545667123,0,Low Threat
IOT_DEV_056094,0.0010679200534023223,0,Low Threat
IOT_DEV_056317,0.00032258293772852094,0,Low Threat
IOT_DEV_021248,0.00011164648423635911,0,Low Threat
IOT_DEV_006010,0.00027036604059608164,0,Low Threat
IOT_DEV_021784,0.00013127906815592265,0,Low Threat
IOT_DEV_074267,0.0001977517910316489,0,Low Threat
IOT_DEV_012493,0.00016225691865237726,0,Low Threat
IOT_DEV_069742,0.9487000934819544,1,High Threat
IOT_DEV_008640,0.00027218231534976365,0,Low Threat
IOT_DEV_016671,0.0011128821599422716,0,Low Threat
IOT_DEV_060897,0.00031840600720416893,0,Low Threat
IOT_DEV_020845,0.0005025636933695414,0,Low Threat
IOT_DEV_078357,0.00011804861963215665,0,Low Threat
IOT_DEV_047354,0.0001776210833634781,0,Low Threat
IOT_DEV_006392,0.00027489693411851063,0,Low Threat
IOT_DEV_030054,0.00023275957657759375,0,Low Threat
IOT_DEV_066885,0.00019545580250591153,0,Low Threat
IOT_DEV_046566,0.00028947229848449844,0,Low Threat
IOT_DEV_068731,0.00035546821987772655,0,Low Threat
IOT_DEV_065516,0.00015198920756869755,0,Low Threat
IOT_DEV_002500,6.732763942205388e-05,0,Low Threat
IOT_DEV_072832,9.364457093223308e-05,0,Low Threat
IOT_DEV_019156,0.00018972572837160393,0,Low Threat
IOT_DEV_038146,0.00023633715605094626,0,Low Threat
IOT_DEV_046785,0.000891898952583384,0,Low Threat
IOT_DEV_004985,8.352527279556717e-05,0,Low Threat
IOT_DEV_058822,5.83980602937112e-05,0,Low Threat
IOT_DEV_042467,0.00011509216007222554,0,Low Threat
IOT_DEV_022516,7.896164105381873e-05,0,Low Threat
IOT_DEV_066702,0.00011013802326024956,0,Low Threat
IOT_DEV_010694,0.0003260644396342581,0,Low Threat
IOT_DEV_038535,0.00020969180431600596,0,Low Threat
IOT_DEV_043963,0.00024825970718750416,0,Low Threat
IOT_DEV_063317,0.00032873393311594833,0,Low Threat
IOT_DEV_079755,0.00034743085513410407,0,Low Threat
IOT_DEV_004585,0.0002804033686745741,0,Low Threat
IOT_DEV_011130,8.934174415097849e-05,0,Low Threat
IOT_DEV_074629,0.00013376197393143388,0,Low Threat
IOT_DEV_060503,0.0010220130481731515,0,Low Threat
IOT_DEV_077976,0.00016005765522882908,0,Low Threat
IOT_DEV_016779,0.0001195973321925694,0,Low Threat
IOT_DEV_060511,0.00032015763522203725,0,Low Threat
IOT_DEV_073605,0.00014580898365387988,0,Low Threat
IOT_DEV_032523,0.0007529411298115032,0,Low Threat
IOT_DEV_056356,8.578460755057535e-05,0,Low Threat
IOT_DEV_068999,0.00035407328547377596,0,Low Threat
IOT_DEV_024951,0.9999911863727882,1,High Threat
IOT_DEV_030225,0.0003252621403989289,0,Low Threat
IOT_DEV_042860,0.0003763124916893047,0,Low Threat
IOT_DEV_067111,8.711460422562007e-05,0,Low Threat
IOT_DEV_006820,0.0006354326396920125,0,Low Threat
IOT_DEV_039353,0.00010711039621050487,0,Low Threat
IOT_DEV_030564,0.998494716461329,1,High Threat
IOT_DEV_002331,1.5115266459354905e-05,0,Low Threat
IOT_DEV_028520,5.657819109388403e-05,0,Low Threat
IOT_DEV_001584,0.0005961515771767113,0,Low Threat
IOT_DEV_047855,0.00020966142757668533,0,Low Threat
IOT_DEV_063955,3.9791384252275966e-05,0,Low Threat
IOT_DEV_012039,0.00015220816339784216,0,Low Threat
IOT_DEV_054249,0.0007053361879085977,0,Low Threat
IOT_DEV_032419,0.0002123982702187211,0,Low Threat
IOT_DEV_069662,0.00022058915326909215,0,Low Threat
IOT_DEV_032394,9.085147689264625e-05,0,Low Threat
IOT_DEV_005036,0.0002486521217344924,0,Low Threat
IOT_DEV_044326,0.000587906865916495,0,Low Threat
IOT_DEV_026125,0.00013174249222577586,0,Low Threat
IOT_DEV_058797,0.0003034342303284481,0,Low Threat
IOT_DEV_060260,0.0005429069635172738,0,Low Threat
IOT_DEV_072346,5.868344734564202e-05,0,Low Threat
IOT_DEV_071446,0.0001514436786130279,0,Low Threat
IOT_DEV_059550,0.0001557915474538994,0,Low Threat
IOT_DEV_012080,1.242533090513172e-05,0,Low Threat
IOT_DEV_011202,0.000234743532242508,0,Low Threat
IOT_DEV_074556,1.766414897313509e-05,0,Low Threat
IOT_DEV_009249,0.00035211966685855565,0,Low Threat
IOT_DEV_002073,0.00014887923222167836,0,Low Threat
IOT_DEV_070048,0.000579080789265231,0,Low Threat
IOT_DEV_036533,0.00018799590921687734,0,Low Threat
IOT_DEV_018397,0.0002171699018066369,0,Low Threat
IOT_DEV_040297,0.00036148502139534625,0,Low Threat
IOT_DEV_023872,0.0002694152160221396,0,Low Threat
IOT_DEV_073468,8.446579415203025e-05,0,Low Threat
IOT_DEV_039544,0.0007524060604781053,0,Low Threat
IOT_DEV_046764,7.446546391832342e-05,0,Low Threat
IOT_DEV_008980,0.00034685167325627995,0,Low Threat
IOT_DEV_011483,0.0002860158667639657,0,Low Threat
IOT_DEV_067498,5.909607651613169e-05,0,Low Threat
IOT_DEV_015268,0.00021343582485041398,0,Low Threat
IOT_DEV_028345,0.0002620451704341021,0,Low Threat
IOT_DEV_075109,0.00021213913471375607,0,Low Threat
IOT_DEV_046292,0.00029410935164708924,0,Low Threat
IOT_DEV_033081,0.00023157552710229124,0,Low Threat
IOT_DEV_004664,0.00048686929116634615,0,Low Threat
IOT_DEV_022597,0.0001712042388495377,0,Low Threat
IOT_DEV_052418,0.0005330142706983243,0,Low Threat
IOT_DEV_025697,9.719778686973603e-05,0,Low Threat
IOT_DEV_009468,3.926544421958886e-05,0,Low Threat
IOT_DEV_023845,8.440470678360861e-05,0,Low Threat
IOT_DEV_037582,0.0006906703800737939,0,Low Threat
IOT_DEV_003030,0.00019885146500840648,0,Low Threat
IOT_DEV_013913,0.0003030471424958915,0,Low Threat
IOT_DEV_021268,0.0001409450602027483,0,Low Threat
IOT_DEV_075121,7.410157899558332e-05,0,Low Threat
IOT_DEV_040313,7.553707605593991e-05,0,Low Threat
IOT_DEV_071588,8.4618939700796e-05,0,Low Threat
IOT_DEV_010213,0.00021849105540263673,0,Low Threat
IOT_DEV_008450,0.00019784738545118938,0,Low Threat
IOT_DEV_056487,0.00013332892545482732,0,Low Threat
IOT_DEV_057312,0.00024629355028619386,0,Low Threat
IOT_DEV_005183,0.00011412161823612247,0,Low Threat
IOT_DEV_021166,0.0015380552746855321,0,Low Threat
IOT_DEV_077570,0.0002726754451302819,0,Low Threat
IOT_DEV_029607,0.00010017733898578722,0,Low Threat
IOT_DEV_025249,0.00021665188325472137,0,Low Threat
IOT_DEV_055000,6.11493462291975e-05,0,Low Threat
IOT_DEV_000968,2.83390624180325e-05,0,Low Threat
IOT_DEV_042572,0.00017644974913589589,0,Low Threat
IOT_DEV_005905,5.018372070218387e-05,0,Low Threat
IOT_DEV_001328,8.845041302725036e-05,0,Low Threat
IOT_DEV_068533,0.0005848082496560267,0,Low Threat
IOT_DEV_037976,0.0002682021293408667,0,Low Threat
IOT_DEV_054615,0.00014518278982297557,0,Low Threat
IOT_DEV_076532,2.3501502709321816e-05,0,Low Threat
IOT_DEV_003620,3.07385403052558e-05,0,Low Threat
IOT_DEV_078480,7.853195725068646e-05,0,Low Threat
IOT_DEV_043708,0.00016169681520290097,0,Low Threat
IOT_DEV_040272,0.00019065206911013193,0,Low Threat
IOT_DEV_006272,0.0002680725609621724,0,Low Threat
IOT_DEV_078164,0.0002542941409439035,0,Low Threat
IOT_DEV_033354,0.00014809817318214144,0,Low Threat
IOT_DEV_043016,0.0006987132664882208,0,Low Threat
IOT_DEV_071746,9.490342180972679e-05,0,Low Threat
IOT_DEV_047917,0.0006358967653596828,0,Low Threat
IOT_DEV_056689,0.00015483771833165475,0,Low Threat
IOT_DEV_074542,0.00014425794178375256,0,Low Threat
IOT_DEV_061985,0.0012697592175826631,0,Low Threat
IOT_DEV_055820,8.760900465367804e-05,0,Low Threat
IOT_DEV_009574,0.9984132701978117,1,High Threat
IOT_DEV_033539,8.437767765932265e-05,0,Low Threat
IOT_DEV_060448,0.00015469865245866047,0,Low Threat
IOT_DEV_012326,0.00020149525741902175,0,Low Threat
IOT_DEV_029652,8.912325058711288e-05,0,Low Threat
IOT_DEV_057600,0.00025881088389012596,0,Low Threat
IOT_DEV_016791,8.302920930882261e-05,0,Low Threat
IOT_DEV_008855,0.00011715610420702329,0,Low Threat
IOT_DEV_070647,7.088669213951452e-05,0,Low Threat
IOT_DEV_050042,0.9997479964089417,1,High Threat
IOT_DEV_006753,0.00016415321312198753,0,Low Threat
IOT_DEV_076410,0.000303923439201649,0,Low Threat
IOT_DEV_013672,0.0005846152486439883,0,Low Threat
IOT_DEV_008379,7.77560720909401e-05,0,Low Threat
IOT_DEV_011942,0.0002571909262432096,0,Low Threat
IOT_DEV_008927,0.00026398711552736196,0,Low Threat
IOT_DEV_040058,0.0003798912904038838,0,Low Threat
IOT_DEV_075851,0.00010655844278695626,0,Low Threat
IOT_DEV_026857,3.203455206698997e-05,0,Low Threat
IOT_DEV_047247,0.00037937115851910315,0,Low Threat
IOT_DEV_032059,0.00035661736760989244,0,Low Threat
IOT_DEV_034189,0.00027297619474279434,0,Low Threat
IOT_DEV_022916,0.00010040917996900986,0,Low Threat
IOT_DEV_043796,2.368114134332125e-05,0,Low Threat
IOT_DEV_043783,0.00041884275160594144,0,Low Threat
IOT_DEV_011402,0.0004638437272918313,0,Low Threat
IOT_DEV_075856,0.00023466980907213848,0,Low Threat
IOT_DEV_006936,0.00011061625209471308,0,Low Threat
IOT_DEV_000785,0.00031882027951501713,0,Low Threat
IOT_DEV_052678,5.172540604243755e-05,0,Low Threat
IOT_DEV_004163,0.0001362988045591546,0,Low Threat
IOT_DEV_033017,0.00044265841907524067,0,Low Threat
IOT_DEV_001054,0.0005634316907648602,0,Low Threat
IOT_DEV_038094,0.0002699653051080156,0,Low Threat
IOT_DEV_007120,0.00013380741787350788,0,Low Threat
IOT_DEV_027102,8.558608833905462e-05,0,Low Threat
IOT_DEV_053168,0.0009096607548853097,0,Low Threat
IOT_DEV_023788,0.00035188803697264615,0,Low Threat
IOT_DEV_005498,0.0001866217460383472,0,Low Threat
IOT_DEV_048752,0.00013130579744196505,0,Low Threat
IOT_DEV_026392,0.0005725397168269338,0,Low Threat
IOT_DEV_027971,9.91457237872151e-05,0,Low Threat
IOT_DEV_022390,0.00017926250906383334,0,Low Threat
IOT_DEV_010046,0.0001604775417024647,0,Low Threat
IOT_DEV_022638,0.0006662868524833408,0,Low Threat
IOT_DEV_023677,0.00013975585686246098,0,Low Threat
IOT_DEV_040826,0.0003231164765076403,0,Low Threat
IOT_DEV_076573,0.0001547695653330076,0,Low Threat
IOT_DEV_075647,0.00022743686993355322,0,Low Threat
IOT_DEV_055695,0.0002243547289674663,0,Low Threat
IOT_DEV_022582,0.002011671993167426,0,Low Threat
IOT_DEV_049447,4.166651499893141e-05,0,Low Threat
IOT_DEV_069772,9.892748529089969e-05,0,Low Threat
IOT_DEV_044878,0.0005160606963855889,0,Low Threat
IOT_DEV_035701,0.00029252833284535557,0,Low Threat
IOT_DEV_053428,0.000616839441598938,0,Low Threat
IOT_DEV_054037,0.0001137941062700048,0,Low Threat
IOT_DEV_017091,0.00017932755817447375,0,Low Threat
IOT_DEV_074227,0.00014244386118520737,0,Low Threat
IOT_DEV_065608,0.000130590010553962,0,Low Threat
IOT_DEV_042179,0.00012750162951259277,0,Low Threat
IOT_DEV_024866,0.0001514540562747164,0,Low Threat
IOT_DEV_014279,5.2211850612194984e-05,0,Low Threat
IOT_DEV_079930,6.129470626396077e-05,0,Low Threat
IOT_DEV_074793,0.00015414480900571305,0,Low Threat
IOT_DEV_011509,0.9871909161939553,1,High Threat
IOT_DEV_005450,0.0003345627493979854,0,Low Threat
IOT_DEV_050677,0.00020921747270327926,0,Low Threat
IOT_DEV_053377,3.8814642772453e-05,0,Low Threat
IOT_DEV_071877,6.140535439479098e-05,0,Low Threat
IOT_DEV_071549,5.2301430122787504e-05,0,Low Threat
IOT_DEV_028013,0.0002776561332761999,0,Low Threat
IOT_DEV_054394,0.9988851842236404,1,High Threat
IOT_DEV_047695,0.00019456349618567068,0,Low Threat
IOT_DEV_009121,0.00011683518272457843,0,Low Threat
IOT_DEV_029381,0.00033339230605571566,0,Low Threat
IOT_DEV_061483,0.00012642043197872517,0,Low Threat
IOT_DEV_079796,0.00047385730168315415,0,Low Threat
IOT_DEV_004691,0.00014373969060275043,0,Low Threat
IOT_DEV_019864,0.00033407818244084826,0,Low Threat
IOT_DEV_076384,0.0002180768289576768,0,Low Threat
IOT_DEV_074805,5.7674709533316714e-05,0,Low Threat
IOT_DEV_012490,0.00011939132141581579,0,Low Threat
IOT_DEV_055425,0.00017473832561026837,0,Low Threat
IOT_DEV_016265,0.00019032909647388247,0,Low Threat
IOT_DEV_037955,0.00015368598506145512,0,Low Threat
IOT_DEV_071788,0.00027308207316370373,0,Low Threat
IOT_DEV_058828,0.0004019139382133237,0,Low Threat
IOT_DEV_060509,0.0002715932028109644,0,Low Threat
IOT_DEV_006812,0.00010494601632072355,0,Low Threat
IOT_DEV_018642,0.00015839297482747936,0,Low Threat
IOT_DEV_011338,0.00013777535426747178,0,Low Threat
IOT_DEV_017383,0.00029128279635310967,0,Low Threat
IOT_DEV_075111,0.0004185163199949723,0,Low Threat
IOT_DEV_063256,4.4346582906646154e-05,0,Low Threat
IOT_DEV_049167,0.000123024792098456,0,Low Threat
IOT_DEV_019670,0.00011633074549597887,0,Low Threat
IOT_DEV_052467,0.0003463084952750675,0,Low Threat
IOT_DEV_062701,0.0005397614521416346,0,Low Threat
IOT_DEV_000644,0.0001342795854653071,0,Low Threat
IOT_DEV_003510,0.00013327270098176865,0,Low Threat
IOT_DEV_032985,0.00022346167005919345,0,Low Threat
IOT_DEV_033503,0.00033388563873214006,0,Low Threat
IOT_DEV_059627,0.0003861030525544197,0,Low Threat
IOT_DEV_049334,7.920466176218172e-05,0,Low Threat
IOT_DEV_079922,0.0001182975149507177,0,Low Threat
IOT_DEV_073830,0.00015105123298216096,0,Low Threat
IOT_DEV_014953,0.00012101474609397885,0,Low Threat
IOT_DEV_073603,0.00021965128261045784,0,Low Threat
IOT_DEV_013695,7.171631508160934e-05,0,Low Threat
IOT_DEV_016253,0.00012420940834406293,0,Low Threat
IOT_DEV_055073,6.85282364724574e-05,0,Low Threat
IOT_DEV_040946,0.00036273750747044194,0,Low Threat
IOT_DEV_064267,0.9991428103607466,1,High Threat
IOT_DEV_078533,0.00027430555289943486,0,Low Threat
IOT_DEV_020796,0.00017751869695906966,0,Low Threat
IOT_DEV_062789,0.00011234300379749771,0,Low Threat
IOT_DEV_025780,5.69740941358691e-05,0,Low Threat
IOT_DEV_030752,0.0002011309591796004,0,Low Threat
IOT_DEV_016462,0.000108423305532373,0,Low Threat
IOT_DEV_061877,0.0004522560576138526,0,Low Threat
IOT_DEV_036001,0.00045407459209965344,0,Low Threat
IOT_DEV_059977,0.00013091467362363383,0,Low Threat
IOT_DEV_012473,6.067836203158947e-05,0,Low Threat
IOT_DEV_024761,9.327056315502075e-05,0,Low Threat
IOT_DEV_033560,9.726576188566926e-05,0,Low Threat
IOT_DEV_001939,0.0001501480621974022,0,Low Threat
IOT_DEV_033191,0.0007478649834920289,0,Low Threat
IOT_DEV_036971,0.00020706850767940297,0,Low Threat
IOT_DEV_054208,0.00021737253627396145,0,Low Threat
IOT_DEV_061138,0.00015460597639172508,0,Low Threat
IOT_DEV_047933,0.00014960306154179314,0,Low Threat
IOT_DEV_010309,9.77807162958876e-05,0,Low Threat
IOT_DEV_038676,7.772266768956164e-05,0,Low Threat
IOT_DEV_053860,0.0001931166388889166,0,Low Threat
IOT_DEV_042112,0.0004580838520505936,0,Low Threat
IOT_DEV_013444,0.00039210616011474474,0,Low Threat
IOT_DEV_040655,0.0002051235579864481,0,Low Threat
IOT_DEV_072357,0.0001426738827761438,0,Low Threat
IOT_DEV_074979,0.00013433625498669445,0,Low Threat
IOT_DEV_013689,0.0003472795079609544,0,Low Threat
IOT_DEV_078687,0.00028689934239296486,0,Low Threat
IOT_DEV_057339,0.0001825616385218425,0,Low Threat
IOT_DEV_021993,6.557409244223512e-05,0,Low Threat
IOT_DEV_038483,0.0001264470882184932,0,Low Threat
IOT_DEV_036144,0.00021218252283854798,0,Low Threat
IOT_DEV_076415,5.668952568712383e-05,0,Low Threat
IOT_DEV_059500,0.00010326619187305222,0,Low Threat
IOT_DEV_076042,4.6913461621036335e-05,0,Low Threat
IOT_DEV_057881,0.00022795940872313486,0,Low Threat
IOT_DEV_027816,0.0002474064362518889,0,Low Threat
IOT_DEV_070678,0.0001406242829326356,0,Low Threat
IOT_DEV_031665,4.403882247986822e-05,0,Low Threat
IOT_DEV_026677,0.9971594214934397,1,High Threat
IOT_DEV_011616,0.0003907460679878267,0,Low Threat
IOT_DEV_013576,0.00014960216160511282,0,Low Threat
IOT_DEV_076493,0.0002779053986058676,0,Low Threat
IOT_DEV_010029,0.00023519746344735035,0,Low Threat
IOT_DEV_077332,0.00034243012657985783,0,Low Threat
IOT_DEV_025764,0.00020815307620912553,0,Low Threat
IOT_DEV_045443,0.00021946244164624528,0,Low Threat
IOT_DEV_044404,0.00010491370237983808,0,Low Threat
IOT_DEV_060131,0.0001446138415532577,0,Low Threat
IOT_DEV_057648,0.00011467383773109333,0,Low Threat
IOT_DEV_058143,9.44202965347856e-05,0,Low Threat
IOT_DEV_059419,0.00018405687597882497,0,Low Threat
IOT_DEV_021642,0.00011322536027369461,0,Low Threat
IOT_DEV_002692,0.000449044968022377,0,Low Threat
IOT_DEV_079848,0.0006073926402547238,0,Low Threat
IOT_DEV_016157,0.00020246519428267586,0,Low Threat
IOT_DEV_064416,0.9850805932417369,1,High Threat
IOT_DEV_018980,0.0001638461202108265,0,Low Threat
IOT_DEV_025717,0.0003345668138538453,0,Low Threat
IOT_DEV_022365,4.169397664951723e-05,0,Low Threat
IOT_DEV_032561,0.00019498265757033275,0,Low Threat
IOT_DEV_002190,0.00025993037053446993,0,Low Threat
IOT_DEV_053492,0.9998917712743989,1,High Threat
IOT_DEV_028686,0.00010615426578439609,0,Low Threat
IOT_DEV_034369,0.0005050256902325307,0,Low Threat
IOT_DEV_038849,0.0002950919930993629,0,Low Threat
IOT_DEV_016090,0.00013452339722532994,0,Low Threat
IOT_DEV_038002,0.0002355923954842717,0,Low Threat
IOT_DEV_043937,0.00011005918836890452,0,Low Threat
IOT_DEV_027837,4.382709771033632e-05,0,Low Threat
IOT_DEV_077381,0.0002765356710115352,0,Low Threat
IOT_DEV_040636,0.0001924581732785311,0,Low Threat
IOT_DEV_037105,0.000134188804572379,0,Low Threat
IOT_DEV_040898,0.00025927444907710437,0,Low Threat
IOT_DEV_029361,0.00017135729802258292,0,Low Threat
IOT_DEV_042897,0.9999984541300085,1,High Threat
IOT_DEV_031885,0.00030133694461773633,0,Low Threat
IOT_DEV_006432,8.559036810231948e-05,0,Low Threat
IOT_DEV_012066,0.0001343931900188944,0,Low Threat
IOT_DEV_070941,0.0005728054202557202,0,Low Threat
IOT_DEV_051768,0.00012133923409711916,0,Low Threat
IOT_DEV_065091,5.704376440525368e-05,0,Low Threat
IOT_DEV_036948,0.00014354183086468205,0,Low Threat
IOT_DEV_077218,0.00023124957441374595,0,Low Threat
IOT_DEV_058928,0.00017931722716449088,0,Low Threat
IOT_DEV_027482,0.0004591187315812421,0,Low Threat
IOT_DEV_045634,3.443929719720845e-05,0,Low Threat
IOT_DEV_005549,0.00013770443014519447,0,Low Threat
IOT_DEV_010300,0.00013453941818350798,0,Low Threat
IOT_DEV_079299,0.00011615639256971464,0,Low Threat
IOT_DEV_056781,0.966073958643109,1,High Threat
IOT_DEV_048324,0.00020208989710539436,0,Low Threat
IOT_DEV_003841,3.1651174157453554e-05,0,Low Threat
IOT_DEV_076815,0.00035401423203190626,0,Low Threat
IOT_DEV_071567,8.804118690383341e-05,0,Low Threat
IOT_DEV_040360,0.0002252085991564435,0,Low Threat
IOT_DEV_040332,0.9785028445859142,1,High Threat
IOT_DEV_053325,0.00014464825010721065,0,Low Threat
IOT_DEV_062501,0.00015631607158789445,0,Low Threat
IOT_DEV_035600,0.00025414304406987516,0,Low Threat
IOT_DEV_046243,0.0001237272952178283,0,Low Threat
IOT_DEV_056502,5.9483682866417525e-05,0,Low Threat
IOT_DEV_002972,8.506396730971001e-05,0,Low Threat
IOT_DEV_024766,0.00039257769700484004,0,Low Threat
IOT_DEV_024351,0.00023044622053595314,0,Low Threat
IOT_DEV_033199,4.3963520342059255e-05,0,Low Threat
IOT_DEV_073601,0.00018665623388957727,0,Low Threat
IOT_DEV_079221,0.00034874119001747453,0,Low Threat
IOT_DEV_012884,0.0001106983708683332,0,Low Threat
IOT_DEV_023745,0.00015682802008428745,0,Low Threat
IOT_DEV_040308,0.0004987392271786477,0,Low Threat
IOT_DEV_007041,0.0012758821160136458,0,Low Threat
IOT_DEV_000459,3.1120220501333135e-05,0,Low Threat
IOT_DEV_076316,0.00016034211651566458,0,Low Threat
IOT_DEV_046878,5.925915682822454e-05,0,Low Threat
IOT_DEV_078971,0.00017292036323581726,0,Low Threat
IOT_DEV_032261,0.9993876413202448,1,High Threat
IOT_DEV_066714,8.731273097277597e-05,0,Low Threat
IOT_DEV_076270,0.0002680408102052117,0,Low Threat
IOT_DEV_014442,0.00015705501760787495,0,Low Threat
IOT_DEV_052009,9.817646523329352e-05,0,Low Threat
IOT_DEV_031541,0.00020889567053041167,0,Low Threat
IOT_DEV_062040,0.9999745632713416,1,High Threat
IOT_DEV_025130,0.0002346965099041014,0,Low Threat
IOT_DEV_026159,0.00029341523880983594,0,Low Threat
IOT_DEV_034242,0.00037212778929738655,0,Low Threat
IOT_DEV_059386,0.00014587084386998055,0,Low Threat
IOT_DEV_015518,0.0005292131443882837,0,Low Threat
IOT_DEV_020965,0.00031252654693363893,0,Low Threat
IOT_DEV_074448,0.000209374448969018,0,Low Threat
IOT_DEV_005999,0.0002560145538958026,0,Low Threat
IOT_DEV_070210,0.00019374520193335418,0,Low Threat
IOT_DEV_029209,5.8707272398384724e-05,0,Low Threat
IOT_DEV_040494,0.00031310488122024643,0,Low Threat
IOT_DEV_024632,2.7679224776435834e-05,0,Low Threat
IOT_DEV_050690,0.00012754094103497622,0,Low Threat
IOT_DEV_038017,8.929782100780521e-05,0,Low Threat
IOT_DEV_022072,0.00020025082729548785,0,Low Threat
IOT_DEV_011007,9.212816502089691e-05,0,Low Threat
IOT_DEV_040514,5.043796886603881e-05,0,Low Threat
IOT_DEV_043696,0.00045724916839736795,0,Low Threat
IOT_DEV_054330,0.0008043313945731931,0,Low Threat
IOT_DEV_023617,0.0005313077519755224,0,Low Threat
IOT_DEV_008704,0.0004049210518899865,0,Low Threat
IOT_DEV_030316,0.00015968893461448013,0,Low Threat
IOT_DEV_000986,5.030087664338256e-05,0,Low Threat
IOT_DEV_071450,4.684604857949303e-05,0,Low Threat
IOT_DEV_032631,0.00021368805737070323,0,Low Threat
IOT_DEV_005206,0.00022906074976691796,0,Low Threat
IOT_DEV_020865,5.479173930862877e-05,0,Low Threat
IOT_DEV_019661,0.0001724725804021346,0,Low Threat
IOT_DEV_068340,1.452794937936881e-05,0,Low Threat
IOT_DEV_079083,0.00011454257246976863,0,Low Threat
IOT_DEV_060053,0.0001857121516584885,0,Low Threat
IOT_DEV_072087,6.98584737242969e-05,0,Low Threat
IOT_DEV_063846,0.00015596561457552251,0,Low Threat
IOT_DEV_058062,7.494452304600385e-05,0,Low Threat
IOT_DEV_009421,0.00011882212809960111,0,Low Threat
IOT_DEV_063466,0.0004763687222523502,0,Low Threat
IOT_DEV_011608,0.000111789092775281,0,Low Threat
IOT_DEV_017874,0.00020210012209423441,0,Low Threat
IOT_DEV_075522,6.937196420209655e-05,0,Low Threat
IOT_DEV_031376,0.00026374865504052064,0,Low Threat
IOT_DEV_034775,0.00012700024119238458,0,Low Threat
IOT_DEV_042086,7.825416900671711e-05,0,Low Threat
IOT_DEV_055903,0.00011527729043967763,0,Low Threat
IOT_DEV_023673,0.00044330700826830975,0,Low Threat
IOT_DEV_071979,0.0003996781265208497,0,Low Threat
IOT_DEV_067825,3.996656702612584e-05,0,Low Threat
IOT_DEV_074748,0.0001554534204468887,0,Low Threat
IOT_DEV_012995,0.0005714937732582759,0,Low Threat
IOT_DEV_062643,7.869495688605141e-05,0,Low Threat
IOT_DEV_003886,0.0010715841995715422,0,Low Threat
IOT_DEV_074878,9.988015305096468e-05,0,Low Threat
IOT_DEV_065826,0.00023662423897972382,0,Low Threat
IOT_DEV_034328,0.00018447441448082353,0,Low Threat
IOT_DEV_024057,8.416504580444339e-05,0,Low Threat
IOT_DEV_073096,9.349922243213652e-05,0,Low Threat
IOT_DEV_014825,0.0008473596303647069,0,Low Threat
IOT_DEV_030903,8.02371299635288e-05,0,Low Threat
IOT_DEV_030171,0.0003375204710376141,0,Low Threat
IOT_DEV_003271,6.725283002023618e-05,0,Low Threat
IOT_DEV_036866,9.382540488728677e-05,0,Low Threat
IOT_DEV_077403,0.00023711031489463517,0,Low Threat
IOT_DEV_036077,0.0001856337221829306,0,Low Threat
IOT_DEV_052748,2.82052741660217e-05,0,Low Threat
IOT_DEV_057223,0.00029374748995431705,0,Low Threat
IOT_DEV_072199,0.0001958401620435907,0,Low Threat
IOT_DEV_008769,0.0002418630076066007,0,Low Threat
IOT_DEV_005924,0.0003014329837364973,0,Low Threat
IOT_DEV_065921,0.0005520728704273701,0,Low Threat
IOT_DEV_078999,2.9672573903302055e-05,0,Low Threat
IOT_DEV_044172,0.0004433115211571661,0,Low Threat
IOT_DEV_066210,0.00021401913769747408,0,Low Threat
IOT_DEV_069233,0.00013381264232449543,0,Low Threat
IOT_DEV_016169,3.175735530248169e-05,0,Low Threat
IOT_DEV_041107,0.999996632307848,1,High Threat
IOT_DEV_029997,0.00038906370530408633,0,Low Threat
IOT_DEV_077360,0.00037390610823914206,0,Low Threat
IOT_DEV_000384,0.00012466940239157776,0,Low Threat
IOT_DEV_002991,9.160426826517559e-05,0,Low Threat
IOT_DEV_076849,0.0009384953694794226,0,Low Threat
IOT_DEV_015275,5.9545323126162566e-05,0,Low Threat
IOT_DEV_058016,6.421436142232996e-05,0,Low Threat
IOT_DEV_016410,3.664170169457798e-05,0,Low Threat
IOT_DEV_076514,0.00011340990737931315,0,Low Threat
IOT_DEV_036968,0.00043728304502094054,0,Low Threat
IOT_DEV_052399,0.00026254502887768213,0,Low Threat
IOT_DEV_059938,0.0003655119418182911,0,Low Threat
IOT_DEV_060633,1.878314102989183e-05,0,Low Threat
IOT_DEV_076419,5.6802408797442115e-05,0,Low Threat
IOT_DEV_020668,6.35482767913386e-05,0,Low Threat
IOT_DEV_049710,0.00019022735750636463,0,Low Threat
IOT_DEV_033677,0.00010758708089573703,0,Low Threat
IOT_DEV_040698,0.0003906073926309801,0,Low Threat
IOT_DEV_048065,0.00010686325414946263,0,Low Threat
IOT_DEV_017083,2.578933336343645e-05,0,Low Threat
IOT_DEV_020893,0.9972943783523465,1,High Threat
IOT_DEV_023274,0.00011145688909818075,0,Low Threat
IOT_DEV_074141,8.750554448575338e-05,0,Low Threat
IOT_DEV_025097,7.008558933779827e-05,0,Low Threat
IOT_DEV_048330,0.0003565169816114502,0,Low Threat
IOT_DEV_037308,0.9999991147850857,1,High Threat
IOT_DEV_015125,7.357329631170978e-05,0,Low Threat
IOT_DEV_003051,0.00010208132675329898,0,Low Threat
IOT_DEV_022935,6.0197341327617476e-05,0,Low Threat
IOT_DEV_077396,0.00014165765431348846,0,Low Threat
IOT_DEV_055271,6.061140888273097e-05,0,Low Threat
IOT_DEV_038108,0.00013222999610273847,0,Low Threat
IOT_DEV_024800,3.426040729784136e-05,0,Low Threat
IOT_DEV_048145,0.0004976927826501107,0,Low Threat
IOT_DEV_019720,0.0004498124316852153,0,Low Threat
IOT_DEV_028510,6.752393418760285e-05,0,Low Threat
IOT_DEV_064400,0.0001569934455058908,0,Low Threat
IOT_DEV_052412,3.622369892117661e-05,0,Low Threat
IOT_DEV_007218,7.834157564696746e-05,0,Low Threat
IOT_DEV_074946,0.00020122090770208442,0,Low Threat
IOT_DEV_075930,3.851766642967329e-05,0,Low Threat
IOT_DEV_070987,0.0006442000771425124,0,Low Threat
IOT_DEV_034606,0.0003665261895047947,0,Low Threat
IOT_DEV_028459,0.00037145147711803396,0,Low Threat
IOT_DEV_008271,0.0001707555436936283,0,Low Threat
IOT_DEV_022694,7.117264453745495e-05,0,Low Threat
IOT_DEV_000937,0.0002840567864196921,0,Low Threat
IOT_DEV_026911,7.244866979375591e-05,0,Low Threat
IOT_DEV_054007,0.00034835027944042407,0,Low Threat
IOT_DEV_073379,0.00011364844667898603,0,Low Threat
IOT_DEV_011388,6.481554991557055e-05,0,Low Threat
IOT_DEV_012359,7.387704989128831e-05,0,Low Threat
IOT_DEV_063326,7.590972814263251e-05,0,Low Threat
IOT_DEV_027711,0.00017400262913842127,0,Low Threat
IOT_DEV_032091,8.486251840460028e-05,0,Low Threat
IOT_DEV_023449,0.0003975346352410559,0,Low Threat
IOT_DEV_037338,0.00024189116405390882,0,Low Threat
IOT_DEV_009899,0.00015117401624501096,0,Low Threat
IOT_DEV_025435,0.00014086053529430468,0,Low Threat
IOT_DEV_072549,0.0001389014633923618,0,Low Threat
IOT_DEV_000374,0.00017236863490286647,0,Low Threat
IOT_DEV_000411,6.834018180923114e-05,0,Low Threat
IOT_DEV_060867,6.562295098383935e-05,0,Low Threat
IOT_DEV_017639,0.00017044570898359755,0,Low Threat
IOT_DEV_014230,0.00022319234519255668,0,Low Threat
IOT_DEV_007657,0.00019761093050035038,0,Low Threat
IOT_DEV_044987,0.00028938992236863777,0,Low Threat
IOT_DEV_064546,6.384408750994954e-05,0,Low Threat
IOT_DEV_023001,0.9970904044363488,1,High Threat
IOT_DEV_001478,0.0003739014265156166,0,Low Threat
IOT_DEV_040570,0.00013294245209150953,0,Low Threat
IOT_DEV_079509,9.045237229298578e-05,0,Low Threat
IOT_DEV_023373,0.0002329921647444907,0,Low Threat
IOT_DEV_004690,0.00015688924683869335,0,Low Threat
IOT_DEV_033200,9.948736077451746e-05,0,Low Threat
IOT_DEV_014312,0.00040903985445814973,0,Low Threat
IOT_DEV_033405,6.195715962513676e-05,0,Low Threat
IOT_DEV_053356,3.6638581554311466e-05,0,Low Threat
IOT_DEV_062740,0.9999999929370094,1,High Threat
IOT_DEV_037726,0.00040066322000695574,0,Low Threat
IOT_DEV_023605,0.00028218208324468975,0,Low Threat
IOT_DEV_070255,4.9485115678659385e-05,0,Low Threat
IOT_DEV_039229,0.00019904217928116147,0,Low Threat
IOT_DEV_030507,0.00025860814888938375,0,Low Threat
IOT_DEV_044385,5.2648830761839836e-05,0,Low Threat
IOT_DEV_021711,0.00016134365522565416,0,Low Threat
IOT_DEV_006530,0.0001266554068270789,0,Low Threat
IOT_DEV_039978,8.00787230552761e-05,0,Low Threat
IOT_DEV_035268,0.00013951328100778366,0,Low Threat
IOT_DEV_007299,4.092663522241428e-05,0,Low Threat
IOT_DEV_026819,9.196971215735022e-05,0,Low Threat
IOT_DEV_052423,0.00024072144692569914,0,Low Threat
IOT_DEV_054596,0.0007270079145573493,0,Low Threat
IOT_DEV_002732,0.0004857027577312036,0,Low Threat
IOT_DEV_071340,0.00025420890369940097,0,Low Threat
IOT_DEV_002299,0.0002668321073702498,0,Low Threat
IOT_DEV_048334,7.363418091541108e-05,0,Low Threat
IOT_DEV_015070,0.00015983478879745007,0,Low Threat
IOT_DEV_046295,0.00017191101632487563,0,Low Threat
IOT_DEV_062844,0.00013940278698274758,0,Low Threat
IOT_DEV_054753,0.00031253827893124194,0,Low Threat
IOT_DEV_047229,0.00016110995989897654,0,Low Threat
IOT_DEV_059698,0.0003302426134579111,0,Low Threat
IOT_DEV_067523,0.0003330916015716886,0,Low Threat
IOT_DEV_010360,0.9964243005248155,1,High Threat
IOT_DEV_022649,7.248468566266165e-05,0,Low Threat
IOT_DEV_056685,0.9995119201807794,1,High Threat
IOT_DEV_057597,8.10015267213601e-05,0,Low Threat
IOT_DEV_034917,4.340229603701716e-05,0,Low Threat
IOT_DEV_026492,0.00020750731598185424,0,Low Threat
IOT_DEV_061579,0.9796382317592582,1,High Threat
IOT_DEV_030259,0.00018638425994201626,0,Low Threat
IOT_DEV_017377,0.0002622366649508975,0,Low Threat
IOT_DEV_011190,0.00014551120853572867,0,Low Threat
IOT_DEV_012457,0.00011963682258607024,0,Low Threat
IOT_DEV_071346,0.00028538209860057333,0,Low Threat
IOT_DEV_020962,0.00043953926223687953,0,Low Threat
IOT_DEV_044818,0.0005926760576967995,0,Low Threat
IOT_DEV_006319,0.0001946300810321461,0,Low Threat
IOT_DEV_055174,0.0003028675803111028,0,Low Threat
IOT_DEV_027249,0.00024450690289738654,0,Low Threat
IOT_DEV_040688,0.00010941187923351946,0,Low Threat
IOT_DEV_014140,0.0003064263854965454,0,Low Threat
IOT_DEV_020935,0.0003047763589604495,0,Low Threat
IOT_DEV_020507,0.00024083095551299876,0,Low Threat
IOT_DEV_071093,0.0002691752784341594,0,Low Threat
IOT_DEV_076393,0.999997248045374,1,High Threat
IOT_DEV_044947,0.00018936279260117222,0,Low Threat
IOT_DEV_076391,0.00018199950705210646,0,Low Threat
IOT_DEV_060890,0.0005053225480279466,0,Low Threat
IOT_DEV_054061,0.00011365630970601768,0,Low Threat
IOT_DEV_053102,0.00018588261381771072,0,Low Threat
IOT_DEV_068868,5.469666853057284e-05,0,Low Threat
IOT_DEV_003648,0.00012223489927597935,0,Low Threat
IOT_DEV_075115,0.0002636187810695705,0,Low Threat
IOT_DEV_003182,5.462060601083245e-05,0,Low Threat
IOT_DEV_013338,0.0010614833506627493,0,Low Threat
IOT_DEV_012404,5.240396283612743e-05,0,Low Threat
IOT_DEV_070040,0.00026628625901236973,0,Low Threat
IOT_DEV_075185,0.00038431806312226385,0,Low Threat
IOT_DEV_047734,0.00012101279321959548,0,Low Threat
IOT_DEV_071804,9.440979329981416e-05,0,Low Threat
IOT_DEV_053491,0.00016433932760188258,0,Low Threat
IOT_DEV_005861,6.950985784149421e-05,0,Low Threat
IOT_DEV_001881,0.00010079823598683456,0,Low Threat
IOT_DEV_003351,8.217309785695983e-05,0,Low Threat
IOT_DEV_052360,0.0001788991782381866,0,Low Threat
IOT_DEV_044728,0.00020290635946539447,0,Low Threat
IOT_DEV_010931,5.163476695435647e-05,0,Low Threat
IOT_DEV_074362,0.9999886748880027,1,High Threat
IOT_DEV_007482,5.5788618383119804e-05,0,Low Threat
IOT_DEV_047448,0.0012461962167524155,0,Low Threat
IOT_DEV_028892,6.628915146833766e-05,0,Low Threat
IOT_DEV_049643,0.000189785492784349,0,Low Threat
IOT_DEV_011079,0.0008409435591466364,0,Low Threat
IOT_DEV_059899,0.00041594614799000495,0,Low Threat
IOT_DEV_062687,0.00017022814139491623,0,Low Threat
IOT_DEV_043296,8.50653798439328e-05,0,Low Threat
IOT_DEV_021600,6.994601719728434e-05,0,Low Threat
IOT_DEV_049440,0.0005041685677501203,0,Low Threat
IOT_DEV_066512,8.845918227939224e-05,0,Low Threat
IOT_DEV_025759,4.253055593795982e-05,0,Low Threat
IOT_DEV_074301,0.00012419623354773896,0,Low Threat
IOT_DEV_020547,0.00023465949506788376,0,Low Threat
IOT_DEV_005833,0.00018863822469834801,0,Low Threat
IOT_DEV_029780,4.871058915055855e-05,0,Low Threat
IOT_DEV_062232,0.00021697828061502595,0,Low Threat
IOT_DEV_056224,0.0005900499514691082,0,Low Threat
IOT_DEV_053123,0.00019098684260474656,0,Low Threat
IOT_DEV_074926,6.145034407567239e-05,0,Low Threat
IOT_DEV_004302,0.00012534347633417727,0,Low Threat
IOT_DEV_018113,0.00015009414922546394,0,Low Threat
IOT_DEV_009407,8.39123505073011e-05,0,Low Threat
IOT_DEV_019603,8.212136793533373e-05,0,Low Threat
IOT_DEV_038540,0.0003700751088557987,0,Low Threat
IOT_DEV_050519,3.757689615308263e-05,0,Low Threat
IOT_DEV_005523,0.00011959468684554589,0,Low Threat
IOT_DEV_052878,0.0009046373932744631,0,Low Threat
IOT_DEV_079961,5.630165132789007e-05,0,Low Threat
IOT_DEV_054357,9.80116709611486e-05,0,Low Threat
IOT_DEV_038608,0.00021466420281512238,0,Low Threat
IOT_DEV_017716,0.0001145470613229817,0,Low Threat
IOT_DEV_038988,8.97721283627222e-05,0,Low Threat
IOT_DEV_036757,0.0005702791440866755,0,Low Threat
IOT_DEV_026104,0.00011425312538444719,0,Low Threat
IOT_DEV_063916,8.987274878562737e-05,0,Low Threat
IOT_DEV_016133,2.7353337631732435e-05,0,Low Threat
IOT_DEV_055531,0.0001397802554036406,0,Low Threat
IOT_DEV_041170,4.7566351887279343e-05,0,Low Threat
IOT_DEV_050895,0.00021136485533769107,0,Low Threat
IOT_DEV_026817,0.00022266398510589102,0,Low Threat
IOT_DEV_029230,0.0005874247930531789,0,Low Threat
IOT_DEV_020569,3.177039112795015e-05,0,Low Threat
IOT_DEV_065168,0.0001357692349496457,0,Low Threat
IOT_DEV_072951,0.00016244660436718573,0,Low Threat
IOT_DEV_013916,0.00012456691786462683,0,Low Threat
IOT_DEV_072117,0.00027471733224293055,0,Low Threat
IOT_DEV_073954,8.275133401496209e-05,0,Low Threat
IOT_DEV_045927,0.00010912628939623581,0,Low Threat
IOT_DEV_026250,0.0001415848044073496,0,Low Threat
IOT_DEV_054539,5.859517554452311e-05,0,Low Threat
IOT_DEV_061660,0.0002675716594737345,0,Low Threat
IOT_DEV_043100,0.00019152549950064715,0,Low Threat
IOT_DEV_050777,0.0002133989931742509,0,Low Threat
IOT_DEV_051066,0.00014085110071197223,0,Low Threat
IOT_DEV_050929,0.0001428179785412584,0,Low Threat
IOT_DEV_028570,0.0001830989720247755,0,Low Threat
IOT_DEV_007824,9.873218874129466e-05,0,Low Threat
IOT_DEV_064776,7.381244939183237e-05,0,Low Threat
IOT_DEV_035911,0.00017176264771027373,0,Low Threat
IOT_DEV_032322,0.00047637451665003835,0,Low Threat
IOT_DEV_006145,0.9850419606486516,1,High Threat
IOT_DEV_032143,0.000916554606660072,0,Low Threat
IOT_DEV_041907,8.224997395616929e-05,0,Low Threat
IOT_DEV_036050,0.0003639797851661923,0,Low Threat
IOT_DEV_001764,0.0002844637729863101,0,Low Threat
IOT_DEV_025080,0.00010580997923280349,0,Low Threat
IOT_DEV_070229,0.00010009730377771021,0,Low Threat
IOT_DEV_019920,0.00017387657781613264,0,Low Threat
IOT_DEV_064138,7.316285011289696e-05,0,Low Threat
IOT_DEV_001431,0.0003062263499969439,0,Low Threat
IOT_DEV_040218,0.00013348688591564912,0,Low Threat
IOT_DEV_054279,0.9880212939828298,1,High Threat
IOT_DEV_016468,0.0003102664103850454,0,Low Threat
IOT_DEV_070703,0.0003400937177686862,0,Low Threat
IOT_DEV_056686,0.0010074719371431843,0,Low Threat
IOT_DEV_000703,0.00011061883863741004,0,Low Threat
IOT_DEV_052790,0.0005529091770340314,0,Low Threat
IOT_DEV_011983,9.962561632381476e-05,0,Low Threat
IOT_DEV_010078,0.00026711354031149864,0,Low Threat
IOT_DEV_049508,6.86097601249006e-05,0,Low Threat
IOT_DEV_031838,0.0003288125568794636,0,Low Threat
IOT_DEV_025604,0.9758996623769796,1,High Threat
IOT_DEV_033932,0.0003546117406666796,0,Low Threat
IOT_DEV_063506,0.00019351625395306961,0,Low Threat
IOT_DEV_074428,0.0001387677185137865,0,Low Threat
IOT_DEV_055374,0.00010932796619842433,0,Low Threat
IOT_DEV_004789,9.771027787173801e-05,0,Low Threat
IOT_DEV_006699,0.00010967932371546839,0,Low Threat
IOT_DEV_018112,0.0005477159106081179,0,Low Threat
IOT_DEV_042227,9.620361676729085e-05,0,Low Threat
IOT_DEV_026676,0.00013893061342888063,0,Low Threat
IOT_DEV_077250,0.00034325967355509907,0,Low Threat
IOT_DEV_051654,0.00015603671715890493,0,Low Threat
IOT_DEV_028862,9.38574682423767e-05,0,Low Threat
IOT_DEV_076550,0.00011076764700523317,0,Low Threat
IOT_DEV_031282,8.023724707245645e-05,0,Low Threat
IOT_DEV_006876,0.00011318754162303017,0,Low Threat
IOT_DEV_038296,0.0002613048549957882,0,Low Threat
IOT_DEV_059305,0.00033616340136121385,0,Low Threat
IOT_DEV_067821,0.00031311167935139434,0,Low Threat
IOT_DEV_035556,0.00012657383742359214,0,Low Threat
IOT_DEV_039490,0.00011184260905981719,0,Low Threat
IOT_DEV_031670,0.0001831617592712774,0,Low Threat
IOT_DEV_028926,0.0002603702932922308,0,Low Threat
IOT_DEV_022711,0.000652107385047764,0,Low Threat
IOT_DEV_013859,0.00012753660085637874,0,Low Threat
IOT_DEV_032681,0.000200623016777193,0,Low Threat
IOT_DEV_069990,5.5012087069404015e-05,0,Low Threat
IOT_DEV_066596,0.00020704785235519237,0,Low Threat
IOT_DEV_031798,6.844245758475495e-05,0,Low Threat
IOT_DEV_039152,0.00031890816484042854,0,Low Threat
IOT_DEV_057508,0.0004631527155114299,0,Low Threat
IOT_DEV_037802,8.645769515079029e-05,0,Low Threat
IOT_DEV_015001,0.00016391509023498758,0,Low Threat
IOT_DEV_004146,0.0002797371572947655,0,Low Threat
IOT_DEV_025795,0.0001464716325828161,0,Low Threat
IOT_DEV_069665,0.00021245947666978163,0,Low Threat
IOT_DEV_070096,3.702760820468931e-05,0,Low Threat
IOT_DEV_061664,0.0001846524320259785,0,Low Threat
IOT_DEV_013470,0.00053676124658657,0,Low Threat
IOT_DEV_045060,4.2757606315656886e-05,0,Low Threat
IOT_DEV_004108,3.8691269266443275e-05,0,Low Threat
IOT_DEV_068458,9.311955204085692e-05,0,Low Threat
IOT_DEV_073323,0.00019729494242359455,0,Low Threat
IOT_DEV_041074,0.00013935769037354604,0,Low Threat
IOT_DEV_006701,0.001422369608152735,0,Low Threat
IOT_DEV_018645,5.4549621402020574e-05,0,Low Threat
IOT_DEV_061309,0.00011319439767674538,0,Low Threat
IOT_DEV_076325,0.0003330854630250595,0,Low Threat
IOT_DEV_022402,0.00017628181619330573,0,Low Threat
IOT_DEV_079281,0.00040392079339699935,0,Low Threat
IOT_DEV_044061,0.00023518034777100075,0,Low Threat
IOT_DEV_001847,7.045114944191661e-05,0,Low Threat
IOT_DEV_020207,0.0001551237106996142,0,Low Threat
IOT_DEV_004283,0.00044118666471173047,0,Low Threat
IOT_DEV_001935,0.0001536956729087379,0,Low Threat
IOT_DEV_053794,2.4564114970957888e-05,0,Low Threat
IOT_DEV_040369,0.00017473924588824326,0,Low Threat
IOT_DEV_044318,0.0001291270818660781,0,Low Threat
IOT_DEV_037358,0.00028959199523179716,0,Low Threat
IOT_DEV_055444,0.00021294648115001172,0,Low Threat
IOT_DEV_062164,8.741021473017844e-05,0,Low Threat
IOT_DEV_014887,0.00020028634689406397,0,Low Threat
IOT_DEV_011134,0.0003150336408007907,0,Low Threat
IOT_DEV_022362,0.00020370166450663188,0,Low Threat
IOT_DEV_042462,8.136517637864284e-05,0,Low Threat
IOT_DEV_006267,0.00033545145427534527,0,Low Threat
IOT_DEV_062741,0.0004074687999629089,0,Low Threat
IOT_DEV_002274,5.189762315372843e-05,0,Low Threat
IOT_DEV_054147,7.283426804544688e-05,0,Low Threat
IOT_DEV_034267,5.857729450094133e-05,0,Low Threat
IOT_DEV_065384,0.00022751210563656558,0,Low Threat
IOT_DEV_053586,0.00046603856451459615,0,Low Threat
IOT_DEV_036319,0.0008675053238512487,0,Low Threat
IOT_DEV_026751,5.13485587752649e-05,0,Low Threat
IOT_DEV_015727,0.00028507568426434574,0,Low Threat
IOT_DEV_048103,0.00016248028777289333,0,Low Threat
IOT_DEV_034296,7.099493587255998e-05,0,Low Threat
IOT_DEV_015770,0.00023611618311256328,0,Low Threat
IOT_DEV_062084,7.712086820200796e-05,0,Low Threat
IOT_DEV_076472,0.00016555537041393952,0,Low Threat
IOT_DEV_076537,2.0992280124761005e-05,0,Low Threat
IOT_DEV_056405,1.4503870636309547e-05,0,Low Threat
IOT_DEV_036224,0.00016700184755893407,0,Low Threat
IOT_DEV_031014,0.00030226908516989954,0,Low Threat
IOT_DEV_021568,9.811042968244871e-05,0,Low Threat
IOT_DEV_069332,0.00017538703317909225,0,Low Threat
IOT_DEV_000479,0.0001892501578515255,0,Low Threat
IOT_DEV_000226,6.04209311454408e-05,0,Low Threat
IOT_DEV_076155,5.571363785684176e-05,0,Low Threat
IOT_DEV_011583,0.0006868454050414936,0,Low Threat
IOT_DEV_005712,0.0001240944805500452,0,Low Threat
IOT_DEV_015938,8.788990033815593e-05,0,Low Threat
IOT_DEV_065626,0.00014307912795241876,0,Low Threat
IOT_DEV_001031,0.0002075641980700204,0,Low Threat
IOT_DEV_072627,6.304143578594435e-05,0,Low Threat
IOT_DEV_043218,0.00014438508018717146,0,Low Threat
IOT_DEV_005138,0.00040239060897112583,0,Low Threat
IOT_DEV_037534,0.00019546003557934942,0,Low Threat
IOT_DEV_045582,0.9999998779356729,1,High Threat
IOT_DEV_079550,0.00023665813502944124,0,Low Threat
IOT_DEV_032049,0.00013731102062483998,0,Low Threat
IOT_DEV_042433,7.85048727709691e-05,0,Low Threat
IOT_DEV_064585,8.522870299859725e-05,0,Low Threat
IOT_DEV_016395,0.00010857133950264036,0,Low Threat
IOT_DEV_022765,0.00021504858289675622,0,Low Threat
IOT_DEV_070761,0.00016566059843913216,0,Low Threat
IOT_DEV_065800,0.00027203860350189744,0,Low Threat
IOT_DEV_059645,6.262802473406793e-05,0,Low Threat
IOT_DEV_053792,0.00048391748289083896,0,Low Threat
IOT_DEV_045591,0.00014747066538488044,0,Low Threat
IOT_DEV_051466,0.00011882943162399308,0,Low Threat
IOT_DEV_042122,0.0002135932960067066,0,Low Threat
IOT_DEV_027235,0.0002443259450939978,0,Low Threat
IOT_DEV_064502,6.59652928769445e-05,0,Low Threat
IOT_DEV_019954,4.1065805207871056e-05,0,Low Threat
IOT_DEV_003310,0.00017597359162591482,0,Low Threat
IOT_DEV_074380,0.0001214961246340006,0,Low Threat
IOT_DEV_078285,0.00029289438640150105,0,Low Threat
IOT_DEV_075762,0.00022554966022017269,0,Low Threat
IOT_DEV_033248,5.4550429758895244e-05,0,Low Threat
IOT_DEV_013889,8.436418053638599e-05,0,Low Threat
IOT_DEV_014530,0.00035419652877760296,0,Low Threat
IOT_DEV_044093,8.934299954046042e-05,0,Low Threat
IOT_DEV_006805,0.0002581807199015051,0,Low Threat
IOT_DEV_044531,0.00016127019081272286,0,Low Threat
IOT_DEV_042631,0.00018037264648173177,0,Low Threat
IOT_DEV_070653,0.00014950679226156027,0,Low Threat
IOT_DEV_031995,0.0002226241214525191,0,Low Threat
IOT_DEV_078744,6.985685689016531e-05,0,Low Threat
IOT_DEV_036999,0.00019610767007401946,0,Low Threat
IOT_DEV_048915,6.842213590368364e-05,0,Low Threat
IOT_DEV_027094,0.00017119212974176401,0,Low Threat
IOT_DEV_077112,0.00015258472153703941,0,Low Threat
IOT_DEV_035676,0.00023018862362852958,0,Low Threat
IOT_DEV_043129,5.8592100546752806e-05,0,Low Threat
IOT_DEV_018740,0.0005686209479065219,0,Low Threat
IOT_DEV_010418,7.380568140655114e-05,0,Low Threat
IOT_DEV_027757,0.00012106602991801802,0,Low Threat
IOT_DEV_068472,9.922528380337207e-05,0,Low Threat
IOT_DEV_019765,0.000601837138979261,0,Low Threat
IOT_DEV_053255,3.304602490935449e-05,0,Low Threat
IOT_DEV_038681,0.00013583514750556617,0,Low Threat
IOT_DEV_050420,0.00015993530734891205,0,Low Threat
IOT_DEV_074016,0.00012330073034912494,0,Low Threat
IOT_DEV_048150,0.00013291985186623083,0,Low Threat
IOT_DEV_055069,8.823215554416246e-05,0,Low Threat
IOT_DEV_004082,0.00040088389199805484,0,Low Threat
IOT_DEV_003628,0.00017261483066119505,0,Low Threat
IOT_DEV_048735,0.0008540089280083999,0,Low Threat
IOT_DEV_048359,0.00027957906012748027,0,Low Threat
IOT_DEV_012388,0.00013028669407310934,0,Low Threat
IOT_DEV_051250,7.71225774014714e-05,0,Low Threat
IOT_DEV_051350,6.233092526273302e-05,0,Low Threat
IOT_DEV_033434,0.00038128432231110957,0,Low Threat
IOT_DEV_051095,0.9993074931625999,1,High Threat
IOT_DEV_066787,0.00010020036532341075,0,Low Threat
IOT_DEV_025406,0.00026024852334973056,0,Low Threat
IOT_DEV_076298,3.975514690256232e-05,0,Low Threat
IOT_DEV_017418,0.00014077539818098622,0,Low Threat
IOT_DEV_003856,5.97507282783541e-05,0,Low Threat
IOT_DEV_056804,0.00029914019676804417,0,Low Threat
IOT_DEV_047355,0.00038231963238730354,0,Low Threat
IOT_DEV_003081,5.144044668715093e-05,0,Low Threat
IOT_DEV_068756,0.9987658151934478,1,High Threat
IOT_DEV_000629,0.00012321604217197717,0,Low Threat
IOT_DEV_065321,0.00011338453652881023,0,Low Threat
IOT_DEV_056546,0.0004024882606963185,0,Low Threat
IOT_DEV_027528,6.235109333991642e-05,0,Low Threat
IOT_DEV_013815,0.00022803683677038932,0,Low Threat
IOT_DEV_032699,6.307950918338496e-05,0,Low Threat
IOT_DEV_059518,0.00015067200509272195,0,Low Threat
IOT_DEV_061532,6.152754065336443e-05,0,Low Threat
IOT_DEV_004610,0.0005556050864367322,0,Low Threat
IOT_DEV_066485,0.0005082698799950878,0,Low Threat
IOT_DEV_048940,0.00028532759241346154,0,Low Threat
IOT_DEV_007202,0.0007363419352476443,0,Low Threat
IOT_DEV_073725,2.5883225826372575e-05,0,Low Threat
IOT_DEV_014802,9.551941033640988e-05,0,Low Threat
IOT_DEV_056854,0.0005824451801122515,0,Low Threat
IOT_DEV_009267,0.00042307216239403467,0,Low Threat
IOT_DEV_029787,0.0001900607119464568,0,Low Threat
IOT_DEV_059187,7.407385251439762e-05,0,Low Threat
IOT_DEV_056709,0.00016738165159928993,0,Low Threat
IOT_DEV_028720,0.0001269354326339944,0,Low Threat
IOT_DEV_035120,0.0002986086458095543,0,Low Threat
IOT_DEV_019535,3.629236077223815e-05,0,Low Threat
IOT_DEV_077750,0.00023084011426283574,0,Low Threat
IOT_DEV_050848,9.672302718967688e-05,0,Low Threat
IOT_DEV_045845,0.0017543422669269273,0,Low Threat
IOT_DEV_077184,9.537312327223583e-05,0,Low Threat
IOT_DEV_025165,2.1294080823554223e-05,0,Low Threat
IOT_DEV_071459,0.00023106857811768682,0,Low Threat
IOT_DEV_037557,5.8879209698367716e-05,0,Low Threat
IOT_DEV_059798,0.0002136667663235026,0,Low Threat
IOT_DEV_024563,0.00022916639061593922,0,Low Threat
IOT_DEV_025544,0.0002632755313306096,0,Low Threat
IOT_DEV_033288,0.00030085334462690396,0,Low Threat
IOT_DEV_001867,0.0002453315372351412,0,Low Threat
IOT_DEV_027755,8.59815568979446e-05,0,Low Threat
IOT_DEV_037572,0.00031172399749077924,0,Low Threat
IOT_DEV_072952,0.0004519136707239341,0,Low Threat
IOT_DEV_005983,0.00022170885677569633,0,Low Threat
IOT_DEV_069643,3.46387876125688e-05,0,Low Threat
IOT_DEV_064590,2.0392008816925706e-05,0,Low Threat
IOT_DEV_013475,0.0002122051101898187,0,Low Threat
IOT_DEV_045617,0.001095212039159124,0,Low Threat
IOT_DEV_012821,0.00023329031159918798,0,Low Threat
IOT_DEV_044148,0.000235214138780817,0,Low Threat
IOT_DEV_073157,6.360046251778175e-05,0,Low Threat
IOT_DEV_072297,9.04862925167711e-05,0,Low Threat
IOT_DEV_070253,6.351028241454582e-05,0,Low Threat
IOT_DEV_062281,0.00018240156586398079,0,Low Threat
IOT_DEV_044427,0.00012236588539100892,0,Low Threat
IOT_DEV_057722,0.0003243943901775634,0,Low Threat
IOT_DEV_026496,0.00011300408457864291,0,Low Threat
IOT_DEV_008241,0.00020466349283851493,0,Low Threat
IOT_DEV_072097,6.187590267747319e-05,0,Low Threat
IOT_DEV_045403,0.0003433431398696252,0,Low Threat
IOT_DEV_006905,0.00037552418145110573,0,Low Threat
IOT_DEV_029691,0.00028782637075680067,0,Low Threat
IOT_DEV_029930,0.0002891470382607374,0,Low Threat
IOT_DEV_006922,5.932924544645408e-05,0,Low Threat
IOT_DEV_041314,0.00010591010222534445,0,Low Threat
IOT_DEV_022377,0.00010925697485162737,0,Low Threat
IOT_DEV_071360,0.00033260381172638375,0,Low Threat
IOT_DEV_001170,4.684140890002941e-05,0,Low Threat
IOT_DEV_068270,9.820235274998836e-05,0,Low Threat
IOT_DEV_075577,0.0002062671566611546,0,Low Threat
IOT_DEV_032495,0.00010634061024519888,0,Low Threat
IOT_DEV_034332,0.000563113799993735,0,Low Threat
IOT_DEV_046438,8.722354653666956e-05,0,Low Threat
IOT_DEV_057691,0.00025311361615604607,0,Low Threat
IOT_DEV_015821,0.00014459945878754092,0,Low Threat
IOT_DEV_057974,4.237113912824904e-05,0,Low Threat
IOT_DEV_059086,0.0001451370816174261,0,Low Threat
IOT_DEV_033030,0.00033385508701774835,0,Low Threat
IOT_DEV_058132,0.00024110411430957983,0,Low Threat
IOT_DEV_006995,0.0007296841999581459,0,Low Threat
IOT_DEV_009756,0.00030850775995775316,0,Low Threat
IOT_DEV_022325,0.00022470136589613054,0,Low Threat
IOT_DEV_016731,8.537901819968214e-05,0,Low Threat
IOT_DEV_029936,0.00039619919728822283,0,Low Threat
IOT_DEV_057851,0.0003749702110669285,0,Low Threat
IOT_DEV_024469,0.00032567842507993797,0,Low Threat
IOT_DEV_049034,7.167502759742568e-05,0,Low Threat
IOT_DEV_069095,0.0005301582452895956,0,Low Threat
IOT_DEV_012215,7.695203154424285e-05,0,Low Threat
IOT_DEV_006426,0.000153213928753361,0,Low Threat
IOT_DEV_050046,0.0001479011934022857,0,Low Threat
IOT_DEV_000647,0.0006424735505460296,0,Low Threat
IOT_DEV_007970,0.0002970200947019214,0,Low Threat
IOT_DEV_021851,3.956575176344905e-05,0,Low Threat
IOT_DEV_034223,0.00033985080523185157,0,Low Threat
IOT_DEV_029260,0.00011649479891187093,0,Low Threat
IOT_DEV_017955,0.0003192747798008285,0,Low Threat
IOT_DEV_040809,0.000124477865991964,0,Low Threat
IOT_DEV_060879,0.0004365931989846261,0,Low Threat
IOT_DEV_021848,0.00017827466778107956,0,Low Threat
IOT_DEV_048486,0.0003389260891086784,0,Low Threat
IOT_DEV_075766,6.313963986993427e-05,0,Low Threat
IOT_DEV_072264,7.648383161035278e-05,0,Low Threat
IOT_DEV_038953,0.00012897157493305285,0,Low Threat
IOT_DEV_019746,0.0003023397339835492,0,Low Threat
IOT_DEV_041437,0.00013305412273829497,0,Low Threat
IOT_DEV_013811,7.323450031603461e-05,0,Low Threat
IOT_DEV_064417,8.436260204569455e-05,0,Low Threat
IOT_DEV_056237,6.190583916990537e-05,0,Low Threat
IOT_DEV_049451,9.999551151830839e-05,0,Low Threat
IOT_DEV_041781,0.00020942978141064747,0,Low Threat
IOT_DEV_014349,0.0008325839707845343,0,Low Threat
IOT_DEV_074372,0.9446409007657817,1,High Threat
IOT_DEV_063037,3.625392168837108e-05,0,Low Threat
IOT_DEV_016936,0.00011525808589426386,0,Low Threat
IOT_DEV_049653,0.00018708825616518493,0,Low Threat
IOT_DEV_068465,6.310892848810065e-05,0,Low Threat
IOT_DEV_066394,0.00030438807064202896,0,Low Threat
IOT_DEV_035704,0.00012823059757515444,0,Low Threat
IOT_DEV_047635,7.230335772731323e-05,0,Low Threat
IOT_DEV_024462,0.00012967366184565854,0,Low Threat
IOT_DEV_021580,0.00020562190644906028,0,Low Threat
IOT_DEV_056715,2.4285669431415576e-05,0,Low Threat
IOT_DEV_034384,0.00013276429907631743,0,Low Threat
IOT_DEV_028471,0.00022363697953357828,0,Low Threat
IOT_DEV_072106,0.0006069360406251162,0,Low Threat
IOT_DEV_016695,4.4552364465522666e-05,0,Low Threat
IOT_DEV_061990,0.00013788498646573807,0,Low Threat
IOT_DEV_034597,0.00014256346584775735,0,Low Threat
IOT_DEV_018578,0.00047428969385821576,0,Low Threat
IOT_DEV_073047,0.00011039575203791647,0,Low Threat
IOT_DEV_071137,0.00010625825871947543,0,Low Threat
IOT_DEV_001946,0.0001966781371337891,0,Low Threat
IOT_DEV_072585,6.449300092842419e-05,0,Low Threat
IOT_DEV_023356,0.00011187191781133957,0,Low Threat
IOT_DEV_063093,0.0003089273451791606,0,Low Threat
IOT_DEV_075537,0.00010844302202620498,0,Low Threat
IOT_DEV_003058,0.0005169254296627071,0,Low Threat
IOT_DEV_054836,0.00026358429399410107,0,Low Threat
IOT_DEV_052555,0.0001699982215728381,0,Low Threat
IOT_DEV_064303,0.00022240207545079865,0,Low Threat
IOT_DEV_026335,0.00037921135347866367,0,Low Threat
IOT_DEV_043416,8.512297585983515e-05,0,Low Threat
IOT_DEV_041065,8.54659979043162e-05,0,Low Threat
IOT_DEV_027037,5.570984944652599e-05,0,Low Threat
IOT_DEV_009842,0.0001244878974387202,0,Low Threat
IOT_DEV_078260,0.0001391818556973543,0,Low Threat
IOT_DEV_000997,2.4212958302143776e-05,0,Low Threat
IOT_DEV_017263,0.00011940524360349843,0,Low Threat
IOT_DEV_052592,0.000616861161564613,0,Low Threat
IOT_DEV_011799,0.00038297543485494087,0,Low Threat
IOT_DEV_040793,0.00013078786656211085,0,Low Threat
IOT_DEV_029639,4.872227871932352e-05,0,Low Threat
IOT_DEV_060658,0.9964340286702758,1,High Threat
IOT_DEV_059369,0.00023297131670949362,0,Low Threat
IOT_DEV_022476,0.0004418672327132098,0,Low Threat
IOT_DEV_032061,0.9993106811750748,1,High Threat
IOT_DEV_043298,3.821667997432324e-05,0,Low Threat
IOT_DEV_073144,2.683432358892121e-05,0,Low Threat
IOT_DEV_029343,0.0008751502743985149,0,Low Threat
IOT_DEV_040056,6.394141862994274e-05,0,Low Threat
IOT_DEV_004383,0.000405561456461296,0,Low Threat
IOT_DEV_017053,0.0003852336280992736,0,Low Threat
IOT_DEV_074419,9.405789838733493e-05,0,Low Threat
IOT_DEV_060504,0.0003764274593847401,0,Low Threat
IOT_DEV_021485,0.00022088191417652848,0,Low Threat
IOT_DEV_006348,0.00015828068223354321,0,Low Threat
IOT_DEV_026862,0.00018414246871410278,0,Low Threat
IOT_DEV_054476,0.0004129922237021766,0,Low Threat
IOT_DEV_006313,0.000337862000367809,0,Low Threat
IOT_DEV_003219,9.323086722683642e-05,0,Low Threat
IOT_DEV_017278,0.00016137234713903297,0,Low Threat
IOT_DEV_006179,0.0002573539975743552,0,Low Threat
IOT_DEV_069075,0.0003203738468248094,0,Low Threat
IOT_DEV_014819,0.00013401520758112741,0,Low Threat
IOT_DEV_031199,0.0002252831725543881,0,Low Threat
IOT_DEV_075363,0.00013247973926680846,0,Low Threat
IOT_DEV_065403,1.619494931003644e-05,0,Low Threat
IOT_DEV_032110,0.00010707299986165223,0,Low Threat
IOT_DEV_003307,0.000821310316049054,0,Low Threat
IOT_DEV_039915,0.0003220915316748444,0,Low Threat
IOT_DEV_000381,0.0001075617110572672,0,Low Threat
IOT_DEV_022190,0.00019655299435729855,0,Low Threat
IOT_DEV_013944,0.0002305894564044189,0,Low Threat
IOT_DEV_078149,0.000532727794816691,0,Low Threat
IOT_DEV_007302,0.0010207247830414054,0,Low Threat
IOT_DEV_033570,3.560793199808406e-05,0,Low Threat
IOT_DEV_018597,5.636002374371215e-05,0,Low Threat
IOT_DEV_001041,9.871898689976e-05,0,Low Threat
IOT_DEV_066534,4.024297011809795e-05,0,Low Threat
IOT_DEV_046371,2.3108070844506087e-05,0,Low Threat
IOT_DEV_033036,0.0003483913295697313,0,Low Threat
IOT_DEV_051107,5.261775863990721e-05,0,Low Threat
IOT_DEV_063742,7.904134144441109e-05,0,Low Threat
IOT_DEV_070311,0.9998227308226656,1,High Threat
IOT_DEV_025616,0.00022358642515304792,0,Low Threat
IOT_DEV_045749,0.0007999439741931097,0,Low Threat
IOT_DEV_070473,0.00036786560280049896,0,Low Threat
IOT_DEV_045270,0.0003269877987177714,0,Low Threat
IOT_DEV_003285,9.277892873692923e-05,0,Low Threat
IOT_DEV_054561,0.00012875532010992285,0,Low Threat
IOT_DEV_018358,0.0008020319057108862,0,Low Threat
IOT_DEV_062110,0.0014823080726172348,0,Low Threat
IOT_DEV_049534,2.0523679225810033e-05,0,Low Threat
IOT_DEV_028468,0.0006336806636943458,0,Low Threat
IOT_DEV_010244,0.0003674327637677776,0,Low Threat
IOT_DEV_021197,5.5479311508455704e-05,0,Low Threat
IOT_DEV_028599,0.00024568686241801835,0,Low Threat
IOT_DEV_032184,0.000727821558048317,0,Low Threat
IOT_DEV_032986,5.893726994775317e-05,0,Low Threat
IOT_DEV_076998,0.000126961195069242,0,Low Threat
IOT_DEV_051012,0.00017268915635373322,0,Low Threat
IOT_DEV_047861,0.00026319360712895974,0,Low Threat
IOT_DEV_006937,0.0001999903339231127,0,Low Threat
IOT_DEV_012358,0.00015809437335823255,0,Low Threat
IOT_DEV_019038,5.607165996762493e-05,0,Low Threat
IOT_DEV_031422,0.0006318670348210273,0,Low Threat
IOT_DEV_053940,0.0001918378052868632,0,Low Threat
IOT_DEV_034628,9.000764142822672e-05,0,Low Threat
IOT_DEV_019822,0.00012740830868074955,0,Low Threat
IOT_DEV_053631,0.0001192731364581605,0,Low Threat
IOT_DEV_029595,7.10365646268256e-05,0,Low Threat
IOT_DEV_000089,0.0001669835868525097,0,Low Threat
IOT_DEV_072239,0.00028542169383603095,0,Low Threat
IOT_DEV_020852,5.8122602992966286e-05,0,Low Threat
IOT_DEV_034496,0.00010655054751028857,0,Low Threat
IOT_DEV_049134,4.692555020523938e-05,0,Low Threat
IOT_DEV_015913,0.00013796392013495044,0,Low Threat
IOT_DEV_011500,6.947593553590517e-05,0,Low Threat
IOT_DEV_022722,0.0002915567682851706,0,Low Threat
IOT_DEV_043985,3.0167192750254262e-05,0,Low Threat
IOT_DEV_014304,7.151914726278785e-05,0,Low Threat
IOT_DEV_053978,0.00019498675208996075,0,Low Threat
IOT_DEV_011051,0.000197693989657531,0,Low Threat
IOT_DEV_061665,0.0001069814264435543,0,Low Threat
IOT_DEV_057708,0.00010650333463132946,0,Low Threat
IOT_DEV_029701,0.00011978489322172265,0,Low Threat
IOT_DEV_046291,8.555937431209872e-05,0,Low Threat
IOT_DEV_040974,0.0001716159485169822,0,Low Threat
IOT_DEV_020773,0.0007381107804237106,0,Low Threat
IOT_DEV_076180,0.0015032666514359946,0,Low Threat
IOT_DEV_024066,0.00048044962381620776,0,Low Threat
IOT_DEV_030276,0.00024859994430950235,0,Low Threat
IOT_DEV_000915,0.00017951936303792532,0,Low Threat
IOT_DEV_058315,7.049825215919359e-05,0,Low Threat
IOT_DEV_054435,9.998681850327188e-05,0,Low Threat
IOT_DEV_047111,0.0003998916472502156,0,Low Threat
IOT_DEV_072345,0.00014594175736413507,0,Low Threat
IOT_DEV_001220,0.001108908941714293,0,Low Threat
IOT_DEV_012347,5.034901980577903e-05,0,Low Threat
IOT_DEV_040814,0.00010762422133288661,0,Low Threat
IOT_DEV_023765,0.00017132210469991585,0,Low Threat
IOT_DEV_012744,0.9999984831895968,1,High Threat
IOT_DEV_030949,0.0003638275802128705,0,Low Threat
IOT_DEV_028044,0.00011558220316398922,0,Low Threat
IOT_DEV_028819,0.0001765596324786446,0,Low Threat
IOT_DEV_034403,8.107823576222719e-05,0,Low Threat
IOT_DEV_036659,0.0005391430192791427,0,Low Threat
IOT_DEV_073761,2.6370673699735298e-05,0,Low Threat
IOT_DEV_054643,7.720562140277067e-05,0,Low Threat
IOT_DEV_022492,0.0002062147805786951,0,Low Threat
IOT_DEV_072550,2.7431341695517064e-05,0,Low Threat
IOT_DEV_015682,8.368041689213214e-05,0,Low Threat
IOT_DEV_007201,0.0008306440038599502,0,Low Threat
IOT_DEV_033853,0.9998927099330933,1,High Threat
IOT_DEV_040669,8.593391961835322e-05,0,Low Threat
IOT_DEV_038004,0.00010468286111429403,0,Low Threat
IOT_DEV_071409,0.000233836798371251,0,Low Threat
IOT_DEV_046529,6.781035436551895e-05,0,Low Threat
IOT_DEV_077752,0.00014008492610769423,0,Low Threat
IOT_DEV_074558,8.485390038352691e-05,0,Low Threat
IOT_DEV_064496,9.427375582903147e-05,0,Low Threat
IOT_DEV_055527,0.00014563349602971813,0,Low Threat
IOT_DEV_072635,2.1522035096911863e-05,0,Low Threat
IOT_DEV_019851,0.00019159729440948301,0,Low Threat
IOT_DEV_045869,7.519513607182116e-05,0,Low Threat
IOT_DEV_029183,0.00020817029824524426,0,Low Threat
IOT_DEV_054372,0.0002741768003627312,0,Low Threat
IOT_DEV_037128,0.0003318986377722452,0,Low Threat
IOT_DEV_079672,6.543723633459094e-05,0,Low Threat
IOT_DEV_003349,0.00013583364206723006,0,Low Threat
IOT_DEV_015507,0.0004499615723884541,0,Low Threat
IOT_DEV_011791,2.8479442897819053e-05,0,Low Threat
IOT_DEV_032389,0.0002715447870710643,0,Low Threat
IOT_DEV_000757,6.223572012970355e-05,0,Low Threat
IOT_DEV_046298,0.00019585305840567988,0,Low Threat
IOT_DEV_054154,6.070910383361808e-05,0,Low Threat
IOT_DEV_065361,0.00011150778498663026,0,Low Threat
IOT_DEV_060218,0.00043804065587407234,0,Low Threat
IOT_DEV_057121,0.0001559846602591568,0,Low Threat
IOT_DEV_008791,1.568514162523444e-05,0,Low Threat
IOT_DEV_066855,0.9999916701552134,1,High Threat
IOT_DEV_024640,0.00010910098735190439,0,Low Threat
IOT_DEV_051622,0.000402820995863285,0,Low Threat
IOT_DEV_016108,0.0013563441307991226,0,Low Threat
IOT_DEV_051663,1.7265330959092632e-05,0,Low Threat
IOT_DEV_003549,0.00040105266264786485,0,Low Threat
IOT_DEV_070712,0.0001425915685102432,0,Low Threat
IOT_DEV_019026,0.00031168626546331337,0,Low Threat
IOT_DEV_050452,0.0004652349702072939,0,Low Threat
IOT_DEV_016729,0.9979788190221143,1,High Threat
IOT_DEV_017596,0.0008286237078457288,0,Low Threat
IOT_DEV_044781,0.0003035549481923189,0,Low Threat
IOT_DEV_039560,8.263787719624118e-05,0,Low Threat
IOT_DEV_044655,6.581180234653044e-05,0,Low Threat
IOT_DEV_066779,0.0001324283706749796,0,Low Threat
IOT_DEV_060538,0.00018620397365677166,0,Low Threat
IOT_DEV_013558,8.207357312769461e-05,0,Low Threat
IOT_DEV_063650,0.00039416311512079777,0,Low Threat
IOT_DEV_053893,9.676982412778431e-05,0,Low Threat
IOT_DEV_048793,0.00017392911209686502,0,Low Threat
IOT_DEV_009101,0.0002316538435537081,0,Low Threat
IOT_DEV_023914,7.31831526299948e-05,0,Low Threat
IOT_DEV_031505,5.3090828951253955e-05,0,Low Threat
IOT_DEV_026398,0.00019094253527336436,0,Low Threat
IOT_DEV_015786,0.0002374895632672146,0,Low Threat
IOT_DEV_016886,9.445411316746211e-05,0,Low Threat
IOT_DEV_012352,8.915470992736293e-05,0,Low Threat
IOT_DEV_001065,0.000110198557042233,0,Low Threat
IOT_DEV_007321,0.000352738077593077,0,Low Threat
IOT_DEV_009773,0.00013648529848672217,0,Low Threat
IOT_DEV_057462,0.00010389533484060284,0,Low Threat
IOT_DEV_029932,0.00013999992291759033,0,Low Threat
IOT_DEV_066171,0.9998477973150564,1,High Threat
IOT_DEV_000222,0.00023950448152612407,0,Low Threat
IOT_DEV_046670,0.0003308279005460242,0,Low Threat
IOT_DEV_079362,0.00022356657757015253,0,Low Threat
IOT_DEV_077463,0.00023193040686530657,0,Low Threat
IOT_DEV_048033,0.0003406644166314561,0,Low Threat
IOT_DEV_019448,7.702770989768604e-05,0,Low Threat
IOT_DEV_022126,0.00026088657576922553,0,Low Threat
IOT_DEV_005693,5.319858014615716e-05,0,Low Threat
IOT_DEV_031589,0.000144624628036759,0,Low Threat
IOT_DEV_022752,2.269472331235793e-05,0,Low Threat
IOT_DEV_009431,5.042646920250513e-05,0,Low Threat
IOT_DEV_011662,4.7905193622902924e-05,0,Low Threat
IOT_DEV_072837,0.00012207121995584622,0,Low Threat
IOT_DEV_006990,4.0942617957988026e-05,0,Low Threat
IOT_DEV_043232,0.0005131128866709078,0,Low Threat
IOT_DEV_041282,0.0003044847579013226,0,Low Threat
IOT_DEV_077743,0.00014042529871000688,0,Low Threat
IOT_DEV_071413,0.00035473238999382073,0,Low Threat
IOT_DEV_007731,0.00012048160098746083,0,Low Threat
IOT_DEV_027240,8.021589879778074e-05,0,Low Threat
IOT_DEV_048377,9.645726119426233e-05,0,Low Threat
IOT_DEV_049518,1.5746082646370533e-05,0,Low Threat
IOT_DEV_045004,4.343717678425209e-05,0,Low Threat
IOT_DEV_059827,0.0004215662551854667,0,Low Threat
IOT_DEV_006139,0.9869649181128085,1,High Threat
IOT_DEV_049498,7.835262960401546e-05,0,Low Threat
IOT_DEV_078037,0.0002673354909336974,0,Low Threat
IOT_DEV_069460,0.000431909163847172,0,Low Threat
IOT_DEV_033152,0.00011515549944458464,0,Low Threat
IOT_DEV_058967,0.0007575290471518672,0,Low Threat
IOT_DEV_078771,0.0005020080232194253,0,Low Threat
IOT_DEV_053787,0.00025388153713575706,0,Low Threat
IOT_DEV_049911,0.9999760146132687,1,High Threat
IOT_DEV_068856,0.9994763092715034,1,High Threat
IOT_DEV_016994,0.00016258167626706347,0,Low Threat
IOT_DEV_058209,0.0003285207804085901,0,Low Threat
IOT_DEV_068351,0.00012290311207948504,0,Low Threat
IOT_DEV_052100,0.00023108091240576728,0,Low Threat
IOT_DEV_034353,0.9999759501079662,1,High Threat
IOT_DEV_027480,0.00012707478163094256,0,Low Threat
IOT_DEV_037307,0.0002251858941248679,0,Low Threat
IOT_DEV_063073,5.814175054105301e-05,0,Low Threat
IOT_DEV_018442,0.00010944255341463884,0,Low Threat
IOT_DEV_060451,0.9998880618486707,1,High Threat
IOT_DEV_057607,0.00023869888089525694,0,Low Threat
IOT_DEV_075690,0.000305586606159441,0,Low Threat
IOT_DEV_008783,0.00012010907132802611,0,Low Threat
IOT_DEV_057741,0.0002443947128691177,0,Low Threat
IOT_DEV_053318,0.00012800038907365835,0,Low Threat
IOT_DEV_015153,0.0001454373107069607,0,Low Threat
IOT_DEV_035407,6.284025007856658e-05,0,Low Threat
IOT_DEV_072541,0.00011525185331773621,0,Low Threat
IOT_DEV_038008,5.310765657124665e-05,0,Low Threat
IOT_DEV_023317,0.00010876262628764765,0,Low Threat
IOT_DEV_006037,0.00012444087115912741,0,Low Threat
IOT_DEV_048854,0.0003876806515729613,0,Low Threat
IOT_DEV_062368,0.000207646880957193,0,Low Threat
IOT_DEV_057008,0.00028111759467941904,0,Low Threat
IOT_DEV_058692,0.00030526140718651707,0,Low Threat
IOT_DEV_051341,8.194196574909523e-05,0,Low Threat
IOT_DEV_028400,0.00022904509433520397,0,Low Threat
IOT_DEV_074473,0.00015100742256399436,0,Low Threat
IOT_DEV_021378,0.00014259455758254186,0,Low Threat
IOT_DEV_065666,0.00012703389418140912,0,Low Threat
IOT_DEV_061707,0.00027944717855679684,0,Low Threat
IOT_DEV_064706,7.315281304776271e-05,0,Low Threat
IOT_DEV_064841,0.00019084646275091538,0,Low Threat
IOT_DEV_065806,0.0001561560077537492,0,Low Threat
IOT_DEV_049808,7.294744699545838e-05,0,Low Threat
IOT_DEV_017527,0.00040660257751374515,0,Low Threat
IOT_DEV_008335,0.000545808397740153,0,Low Threat
IOT_DEV_004646,0.00013325027566519446,0,Low Threat
IOT_DEV_063983,3.0345216391359524e-05,0,Low Threat
IOT_DEV_069517,0.00012022982055080938,0,Low Threat
IOT_DEV_033660,0.00019944581857307518,0,Low Threat
IOT_DEV_031817,0.0001592944698571829,0,Low Threat
IOT_DEV_030561,2.2272509364519536e-05,0,Low Threat
IOT_DEV_034400,0.00017367141136723517,0,Low Threat
IOT_DEV_022274,0.0007037075766283855,0,Low Threat
IOT_DEV_076978,0.0001585285610158832,0,Low Threat
IOT_DEV_072552,0.0003508691837353979,0,Low Threat
IOT_DEV_059437,0.0002156540824411269,0,Low Threat
IOT_DEV_013675,0.0004144138791286394,0,Low Threat
IOT_DEV_025442,0.0001354657333851833,0,Low Threat
IOT_DEV_077979,0.00011000902499628722,0,Low Threat
IOT_DEV_040409,0.00017760633876986215,0,Low Threat
IOT_DEV_015040,0.0004207882017828106,0,Low Threat
IOT_DEV_034804,0.0002575824567686844,0,Low Threat
IOT_DEV_015062,0.00021384398760301396,0,Low Threat
IOT_DEV_041057,0.00047289782323350405,0,Low Threat
IOT_DEV_063980,0.00017041364966062522,0,Low Threat
IOT_DEV_007678,0.00019937984921076772,0,Low Threat
IOT_DEV_010659,0.0003621597230131138,0,Low Threat
IOT_DEV_068925,0.00023290678776420216,0,Low Threat
IOT_DEV_034808,0.00045331232912589373,0,Low Threat
IOT_DEV_028727,0.00018139868347177756,0,Low Threat
IOT_DEV_026785,0.00040778405672499066,0,Low Threat
IOT_DEV_011100,5.442854009448016e-05,0,Low Threat
IOT_DEV_069068,0.0002038156612681715,0,Low Threat
IOT_DEV_020901,0.00010328265940781259,0,Low Threat
IOT_DEV_016132,0.00025394492394775926,0,Low Threat
IOT_DEV_065522,0.0003808850683477146,0,Low Threat
IOT_DEV_011519,0.0001255776038041056,0,Low Threat
IOT_DEV_028660,0.9976784783595735,1,High Threat
IOT_DEV_070607,0.0003089612904328131,0,Low Threat
IOT_DEV_057790,9.533708198918156e-05,0,Low Threat
IOT_DEV_028745,0.00026290691302873674,0,Low Threat
IOT_DEV_071852,0.00029571841848075747,0,Low Threat
IOT_DEV_041986,0.00016297527921604657,0,Low Threat
IOT_DEV_075351,0.0002002244901925536,0,Low Threat
IOT_DEV_030528,0.0003587160725220791,0,Low Threat
IOT_DEV_059681,0.00018827320806048578,0,Low Threat
IOT_DEV_055086,0.00013017530858492457,0,Low Threat
IOT_DEV_066983,0.00024039057821770014,0,Low Threat
IOT_DEV_040194,0.0004938882470654618,0,Low Threat
IOT_DEV_061572,0.00037012961307812594,0,Low Threat
IOT_DEV_004657,0.00012321487509484619,0,Low Threat
IOT_DEV_058762,0.9972582379203252,1,High Threat
IOT_DEV_055980,9.571026051762351e-05,0,Low Threat
IOT_DEV_058314,3.616718504788763e-05,0,Low Threat
IOT_DEV_036805,5.260262809157902e-05,0,Low Threat
IOT_DEV_065010,0.00010177026986662,0,Low Threat
IOT_DEV_031022,0.00019017520476231447,0,Low Threat
IOT_DEV_073104,2.2643447600223155e-05,0,Low Threat
IOT_DEV_044672,0.9972462848298805,1,High Threat
IOT_DEV_037567,0.00014735923651002517,0,Low Threat
IOT_DEV_050271,0.00013189103688970868,0,Low Threat
IOT_DEV_007256,0.0001691470449006701,0,Low Threat
IOT_DEV_022809,8.278869040604559e-05,0,Low Threat
IOT_DEV_042004,0.00011364490122530494,0,Low Threat
IOT_DEV_007181,0.00047468643134865736,0,Low Threat
IOT_DEV_054791,2.0953543881299505e-05,0,Low Threat
IOT_DEV_068910,6.84192394923318e-05,0,Low Threat
IOT_DEV_039147,0.00015589415034073615,0,Low Threat
IOT_DEV_058744,0.00013341175245540552,0,Low Threat
IOT_DEV_064580,0.00020528577676513286,0,Low Threat
IOT_DEV_062679,0.9995472252996744,1,High Threat
IOT_DEV_024636,3.8874856143764716e-05,0,Low Threat
IOT_DEV_002181,7.736994604798132e-05,0,Low Threat
IOT_DEV_041086,0.00048275693789167365,0,Low Threat
IOT_DEV_078077,0.0004906936917461897,0,Low Threat
IOT_DEV_056750,7.543185464890192e-05,0,Low Threat
IOT_DEV_035059,7.057347263265615e-05,0,Low Threat
IOT_DEV_038374,0.0002465106890409106,0,Low Threat
IOT_DEV_053214,0.0008886088301375128,0,Low Threat
IOT_DEV_044969,0.0001573965140230872,0,Low Threat
IOT_DEV_074401,0.0001225657091987973,0,Low Threat
IOT_DEV_028357,0.00048136766581972337,0,Low Threat
IOT_DEV_050373,0.0003164721887822882,0,Low Threat
IOT_DEV_067438,8.599066795336193e-05,0,Low Threat
IOT_DEV_006011,0.00027132842795427547,0,Low Threat
IOT_DEV_006400,4.270691086846373e-05,0,Low Threat
IOT_DEV_010605,0.00022901433863848763,0,Low Threat
IOT_DEV_074605,4.5822887925020954e-05,0,Low Threat
IOT_DEV_010760,0.00022774387706326688,0,Low Threat
IOT_DEV_022791,0.0001572177584947728,0,Low Threat
IOT_DEV_008161,0.0006446888346169461,0,Low Threat
IOT_DEV_070089,0.0003187112176266843,0,Low Threat
IOT_DEV_067205,4.1039672265826325e-05,0,Low Threat
IOT_DEV_050323,0.0015830499208373439,0,Low Threat
IOT_DEV_007226,0.000813460949803097,0,Low Threat
IOT_DEV_015244,0.00012466206463833924,0,Low Threat
IOT_DEV_073361,0.0007601203216474604,0,Low Threat
IOT_DEV_010138,0.0003776524373520824,0,Low Threat
IOT_DEV_028178,6.383885111258226e-05,0,Low Threat
IOT_DEV_001261,0.0002476264776608485,0,Low Threat
IOT_DEV_005842,0.0001233019433102728,0,Low Threat
IOT_DEV_061804,0.00027031537953378057,0,Low Threat
IOT_DEV_020061,6.57881757359007e-05,0,Low Threat
IOT_DEV_042805,4.1922060392488356e-05,0,Low Threat
IOT_DEV_004870,0.00010133248613428375,0,Low Threat
IOT_DEV_015445,0.00024367874585241932,0,Low Threat
IOT_DEV_051552,0.00015784182028096239,0,Low Threat
IOT_DEV_042058,0.00019216902517781495,0,Low Threat
IOT_DEV_042436,4.888750014366964e-05,0,Low Threat
IOT_DEV_033545,0.00046814956784754335,0,Low Threat
IOT_DEV_064339,0.00015215836038564966,0,Low Threat
IOT_DEV_015352,0.00014956767068370017,0,Low Threat
IOT_DEV_050867,0.00012832829856056186,0,Low Threat
IOT_DEV_070286,0.00015282545273906782,0,Low Threat
IOT_DEV_045701,0.0002024462263741463,0,Low Threat
IOT_DEV_067672,6.730850410403135e-05,0,Low Threat
IOT_DEV_006076,0.0002456755933454555,0,Low Threat
IOT_DEV_053424,0.00010408033393614464,0,Low Threat
IOT_DEV_006457,0.9999998801897988,1,High Threat
IOT_DEV_063215,0.0001352714362092353,0,Low Threat
IOT_DEV_015187,0.00016244305081567468,0,Low Threat
IOT_DEV_024857,5.684133140191276e-05,0,Low Threat
IOT_DEV_028516,0.00042537952234316333,0,Low Threat
IOT_DEV_061453,0.00011399112610646356,0,Low Threat
IOT_DEV_047796,0.00017490573084898788,0,Low Threat
IOT_DEV_016145,0.0001982873126954194,0,Low Threat
IOT_DEV_008108,0.0003729991125894419,0,Low Threat
IOT_DEV_064638,0.00010878737430325574,0,Low Threat
IOT_DEV_036253,7.469884793445684e-05,0,Low Threat
IOT_DEV_063370,0.00031616798631531513,0,Low Threat
IOT_DEV_044383,0.0004968843699832938,0,Low Threat
IOT_DEV_000440,0.00021631488354655285,0,Low Threat
IOT_DEV_022896,9.763765892182495e-05,0,Low Threat
IOT_DEV_053481,0.00016864445192674206,0,Low Threat
IOT_DEV_059851,0.00010676027960685065,0,Low Threat
IOT_DEV_075493,0.00017892764157345257,0,Low Threat
IOT_DEV_043425,9.213323088920551e-05,0,Low Threat
IOT_DEV_048520,0.00020089916292277666,0,Low Threat
IOT_DEV_057489,4.1455372673230155e-05,0,Low Threat
IOT_DEV_062923,0.000362121478699094,0,Low Threat
IOT_DEV_039597,0.00017011820425591288,0,Low Threat
IOT_DEV_003426,0.00011844097132119581,0,Low Threat
IOT_DEV_022148,0.0006168356432831949,0,Low Threat
IOT_DEV_032321,0.0017372369859670876,0,Low Threat
IOT_DEV_067657,0.0003373239283937893,0,Low Threat
IOT_DEV_007979,0.00019276213423786304,0,Low Threat
IOT_DEV_052623,0.0001903268743310211,0,Low Threat
IOT_DEV_025462,0.00036319283232892294,0,Low Threat
IOT_DEV_065357,0.00027371795150679575,0,Low Threat
IOT_DEV_017970,7.947907321502775e-05,0,Low Threat
IOT_DEV_051212,0.0007466828426029113,0,Low Threat
IOT_DEV_048973,0.9999171354063038,1,High Threat
IOT_DEV_048654,0.00010406378325760768,0,Low Threat
IOT_DEV_074333,0.00011521183658878295,0,Low Threat
IOT_DEV_029011,0.0005027399331587155,0,Low Threat
IOT_DEV_016356,0.0004324821456817873,0,Low Threat
IOT_DEV_031963,0.0005537324994680052,0,Low Threat
IOT_DEV_034837,0.000270046676978679,0,Low Threat
IOT_DEV_046353,0.00019920748476639678,0,Low Threat
IOT_DEV_055624,0.0001259860592745591,0,Low Threat
IOT_DEV_055965,0.0001688570115554561,0,Low Threat
IOT_DEV_067102,0.00033154319316004645,0,Low Threat
IOT_DEV_045990,0.00032788948556909865,0,Low Threat
IOT_DEV_027594,9.869192389711237e-05,0,Low Threat
IOT_DEV_018687,0.9994661602479697,1,High Threat
IOT_DEV_043772,0.00017395067465332905,0,Low Threat
IOT_DEV_059103,0.0004925338220326518,0,Low Threat
IOT_DEV_001604,7.143850728386546e-05,0,Low Threat
IOT_DEV_071871,0.00012611813496439184,0,Low Threat
IOT_DEV_044508,3.6792016930204176e-05,0,Low Threat
IOT_DEV_034902,5.578753067143309e-05,0,Low Threat
IOT_DEV_078621,0.00018457138171678065,0,Low Threat
IOT_DEV_006367,0.0006777234347630511,0,Low Threat
IOT_DEV_070277,0.00029161307756594073,0,Low Threat
IOT_DEV_066489,0.0004747773812693813,0,Low Threat
IOT_DEV_061918,0.00012168917456762219,0,Low Threat
IOT_DEV_021374,6.583396205935471e-05,0,Low Threat
IOT_DEV_017621,0.00011341110030705085,0,Low Threat
IOT_DEV_073081,8.068067530826354e-05,0,Low Threat
IOT_DEV_028421,6.736823311948319e-05,0,Low Threat
IOT_DEV_028052,0.00021000482832689556,0,Low Threat
IOT_DEV_071755,0.00017097237214628785,0,Low Threat
IOT_DEV_055408,8.899720783615496e-05,0,Low Threat
IOT_DEV_065582,5.016535961838286e-05,0,Low Threat
IOT_DEV_042280,0.9987640161840983,1,High Threat
IOT_DEV_008139,0.00024047307185729962,0,Low Threat
IOT_DEV_076063,6.258241215694387e-05,0,Low Threat
IOT_DEV_071017,0.0002127446577411075,0,Low Threat
IOT_DEV_014927,0.00013398818394689814,0,Low Threat
IOT_DEV_002437,9.129835634181091e-05,0,Low Threat
IOT_DEV_001119,0.0006578327787556268,0,Low Threat
IOT_DEV_066927,0.00010649236516187293,0,Low Threat
IOT_DEV_068705,0.0001767846497225976,0,Low Threat
IOT_DEV_065950,0.00014814718654181336,0,Low Threat
IOT_DEV_029683,0.00017866742871023263,0,Low Threat
IOT_DEV_071322,0.0001661510364810553,0,Low Threat
IOT_DEV_012533,0.00010158157131424418,0,Low Threat
IOT_DEV_046900,0.0003797189165395418,0,Low Threat
IOT_DEV_029974,4.672743000950689e-05,0,Low Threat
IOT_DEV_000197,0.00019160452352662104,0,Low Threat
IOT_DEV_071353,4.4835816289005404e-05,0,Low Threat
IOT_DEV_066932,0.0002952901573394213,0,Low Threat
IOT_DEV_078697,3.715301163585046e-05,0,Low Threat
IOT_DEV_037190,0.00014891243125866733,0,Low Threat
IOT_DEV_028577,4.996071804689965e-05,0,Low Threat
IOT_DEV_069514,0.975073531935161,1,High Threat
IOT_DEV_009290,0.00040759436901893585,0,Low Threat
IOT_DEV_042475,5.54307316814257e-05,0,Low Threat
IOT_DEV_055164,0.00018473870628052063,0,Low Threat
IOT_DEV_052001,0.000253914808544436,0,Low Threat
IOT_DEV_010093,0.0009137218952100127,0,Low Threat
IOT_DEV_043629,0.00010963228600103184,0,Low Threat
IOT_DEV_032341,0.00015560042817746447,0,Low Threat
IOT_DEV_009274,5.293273708275505e-05,0,Low Threat
IOT_DEV_013573,0.0001163787208639039,0,Low Threat
IOT_DEV_041070,0.0003762164281717608,0,Low Threat
IOT_DEV_058579,0.000663149158352058,0,Low Threat
IOT_DEV_064004,0.00012923418140331586,0,Low Threat
IOT_DEV_031068,0.0005124475874601586,0,Low Threat
IOT_DEV_021146,0.00029417503919653256,0,Low Threat
IOT_DEV_030771,0.00020243982261423276,0,Low Threat
IOT_DEV_056068,0.0001386170847499457,0,Low Threat
IOT_DEV_018599,8.415120884456638e-05,0,Low Threat
IOT_DEV_043242,6.348146426689785e-05,0,Low Threat
IOT_DEV_069865,0.0004733673384332894,0,Low Threat
IOT_DEV_035985,0.0003802530656781841,0,Low Threat
IOT_DEV_003088,0.00018213907364422743,0,Low Threat
IOT_DEV_048554,0.00015045857906635925,0,Low Threat
IOT_DEV_031494,0.0005440836995472986,0,Low Threat
IOT_DEV_007781,0.0001616226989750043,0,Low Threat
IOT_DEV_065658,3.234199444404215e-05,0,Low Threat
IOT_DEV_038957,6.396349436098667e-05,0,Low Threat
IOT_DEV_013439,7.687921068736452e-05,0,Low Threat
IOT_DEV_048005,9.806097128294386e-05,0,Low Threat
IOT_DEV_040824,0.00026592736916919267,0,Low Threat
IOT_DEV_053153,7.321922637843583e-05,0,Low Threat
IOT_DEV_038202,0.8202966663281814,1,High Threat
IOT_DEV_074167,0.00014375751355352523,0,Low Threat
IOT_DEV_078092,0.00014445388675019514,0,Low Threat
IOT_DEV_038951,0.9999200053314764,1,High Threat
IOT_DEV_069583,0.00025430057454688663,0,Low Threat
IOT_DEV_072638,0.00033202673710321025,0,Low Threat
IOT_DEV_034710,0.00047871010722597726,0,Low Threat
IOT_DEV_074330,0.00017971315776694485,0,Low Threat
IOT_DEV_074655,8.546896823774202e-05,0,Low Threat
IOT_DEV_021272,0.00026221335298038105,0,Low Threat
IOT_DEV_026060,0.0002009578839796645,0,Low Threat
IOT_DEV_057775,3.748377182502186e-05,0,Low Threat
IOT_DEV_014205,9.712232045353465e-05,0,Low Threat
IOT_DEV_033899,0.000143182463285812,0,Low Threat
IOT_DEV_063836,0.0001693761924604756,0,Low Threat
IOT_DEV_003836,0.00014828003484545645,0,Low Threat
IOT_DEV_036947,0.00010897620207544045,0,Low Threat
IOT_DEV_066883,0.000690882331279384,0,Low Threat
IOT_DEV_035648,0.0002897706525600693,0,Low Threat
IOT_DEV_041765,0.0006282675867370404,0,Low Threat
IOT_DEV_076107,3.7618592872370234e-05,0,Low Threat
IOT_DEV_031890,0.00018450475242149907,0,Low Threat
IOT_DEV_052440,0.00042468528564356084,0,Low Threat
IOT_DEV_032725,0.00045479069407759233,0,Low Threat
IOT_DEV_039745,0.0002823861272636921,0,Low Threat
IOT_DEV_036307,0.00015649115019092632,0,Low Threat
IOT_DEV_039632,0.0005442329524266059,0,Low Threat
IOT_DEV_035997,0.0002859058829053739,0,Low Threat
IOT_DEV_012752,8.614282705396998e-05,0,Low Threat
IOT_DEV_045917,0.0001858136080713339,0,Low Threat
IOT_DEV_050353,1.8379139911048463e-05,0,Low Threat
IOT_DEV_075993,0.0001040215240288666,0,Low Threat
IOT_DEV_015487,9.985630657004393e-05,0,Low Threat
IOT_DEV_059109,0.0002926257974163257,0,Low Threat
IOT_DEV_001957,0.00033821700035493606,0,Low Threat
IOT_DEV_000434,0.00015589331950405572,0,Low Threat
IOT_DEV_012775,0.00011491335913141742,0,Low Threat
IOT_DEV_074398,0.00010081193661533261,0,Low Threat
IOT_DEV_056453,0.0005430030489607132,0,Low Threat
IOT_DEV_049302,0.00014991739890166456,0,Low Threat
IOT_DEV_009909,0.0003492676084923509,0,Low Threat
IOT_DEV_018392,7.316396862007213e-05,0,Low Threat
IOT_DEV_025890,0.00012844428688459485,0,Low Threat
IOT_DEV_020497,0.0001814721734092669,0,Low Threat
IOT_DEV_033905,8.957671690377984e-05,0,Low Threat
IOT_DEV_016852,0.0001807153523478968,0,Low Threat
IOT_DEV_061542,0.00013210059918239756,0,Low Threat
IOT_DEV_053828,0.0001948690200736004,0,Low Threat
IOT_DEV_011600,0.00035395521397026347,0,Low Threat
IOT_DEV_066994,7.254580800405379e-05,0,Low Threat
IOT_DEV_066660,8.226534747515738e-05,0,Low Threat
IOT_DEV_079119,0.0003207614067056223,0,Low Threat
IOT_DEV_033472,0.00011287060287423043,0,Low Threat
IOT_DEV_014378,0.0007354152455620666,0,Low Threat
IOT_DEV_032849,0.00018126796026966265,0,Low Threat
IOT_DEV_072005,9.619875392037789e-05,0,Low Threat
IOT_DEV_057698,0.00014994752038785492,0,Low Threat
IOT_DEV_024470,4.809680791736756e-05,0,Low Threat
IOT_DEV_005898,0.00044742947058408174,0,Low Threat
IOT_DEV_008796,0.0004985829593453164,0,Low Threat
IOT_DEV_050145,0.0002005984300003463,0,Low Threat
IOT_DEV_008307,0.0005098699768508247,0,Low Threat
IOT_DEV_072575,0.00016585559517263382,0,Low Threat
IOT_DEV_033280,0.00016135018412191072,0,Low Threat
IOT_DEV_008701,9.973302382979574e-05,0,Low Threat
IOT_DEV_054509,0.0003873989950787685,0,Low Threat
IOT_DEV_036076,4.587266343744368e-05,0,Low Threat
IOT_DEV_001825,0.00026026474469633066,0,Low Threat
IOT_DEV_066287,0.00022236961906905932,0,Low Threat
IOT_DEV_043700,0.00030308761673898384,0,Low Threat
IOT_DEV_023847,7.854671222496717e-05,0,Low Threat
IOT_DEV_063049,0.00018850988125282013,0,Low Threat
IOT_DEV_073271,0.00035938150943250896,0,Low Threat
IOT_DEV_052242,0.0001891061024122681,0,Low Threat
IOT_DEV_071872,0.00023130266278623395,0,Low Threat
IOT_DEV_014098,9.496493828851512e-05,0,Low Threat
IOT_DEV_012386,0.00015409031855594048,0,Low Threat
IOT_DEV_055520,7.828065241250855e-05,0,Low Threat
IOT_DEV_073656,9.270327701625726e-05,0,Low Threat
IOT_DEV_012729,0.00023379680840475946,0,Low Threat
IOT_DEV_022730,0.00026683196284901176,0,Low Threat
IOT_DEV_051738,0.0002181475375619407,0,Low Threat
IOT_DEV_014277,0.0005656134151047022,0,Low Threat
IOT_DEV_026406,0.00023299491301450383,0,Low Threat
IOT_DEV_053348,0.00013807841594153463,0,Low Threat
IOT_DEV_002287,8.10640767531014e-05,0,Low Threat
IOT_DEV_060985,0.00013070431713992387,0,Low Threat
IOT_DEV_026193,0.00010393464628084068,0,Low Threat
IOT_DEV_010290,5.740076651815207e-05,0,Low Threat
IOT_DEV_005429,5.1940646493504334e-05,0,Low Threat
IOT_DEV_001519,9.459762369735697e-05,0,Low Threat
IOT_DEV_024694,0.00011080896422482219,0,Low Threat
IOT_DEV_070581,0.00014997899106128452,0,Low Threat
IOT_DEV_045081,0.00024876471555937126,0,Low Threat
IOT_DEV_032064,4.829232200335731e-05,0,Low Threat
IOT_DEV_006185,6.809990990427272e-05,0,Low Threat
IOT_DEV_027272,0.00014917861930586888,0,Low Threat
IOT_DEV_038359,0.00021812418867410253,0,Low Threat
IOT_DEV_000331,7.599199382453953e-05,0,Low Threat
IOT_DEV_038529,0.0005750244699896676,0,Low Threat
IOT_DEV_013313,0.0002239213052366724,0,Low Threat
IOT_DEV_007278,7.300658739131835e-05,0,Low Threat
IOT_DEV_059588,5.9613092361757436e-05,0,Low Threat
IOT_DEV_045065,3.1828053407435817e-05,0,Low Threat
IOT_DEV_069553,3.7813160371491096e-05,0,Low Threat
IOT_DEV_032412,0.0004272401237758699,0,Low Threat
IOT_DEV_063587,0.0002116069974587458,0,Low Threat
IOT_DEV_038011,9.07235572136898e-05,0,Low Threat
IOT_DEV_052618,0.0023319322280973146,0,Low Threat
IOT_DEV_073187,0.00010927441288217944,0,Low Threat
IOT_DEV_008389,0.9999989612436425,1,High Threat
IOT_DEV_037834,0.00018169408426752903,0,Low Threat
IOT_DEV_059545,0.00010931014893070548,0,Low Threat
IOT_DEV_023968,0.00017985395691510957,0,Low Threat
IOT_DEV_026741,0.000565848589334625,0,Low Threat
IOT_DEV_013110,4.652122910804384e-05,0,Low Threat
IOT_DEV_018094,6.017577107785169e-05,0,Low Threat
IOT_DEV_041673,0.000321023184865833,0,Low Threat
IOT_DEV_043736,6.297430024103676e-05,0,Low Threat
IOT_DEV_040217,0.00012540669688733335,0,Low Threat
IOT_DEV_073737,0.00014058125162225979,0,Low Threat
IOT_DEV_007733,0.0004769395692883617,0,Low Threat
IOT_DEV_010567,8.502646313185872e-05,0,Low Threat
IOT_DEV_066772,0.00020267761293277367,0,Low Threat
IOT_DEV_004819,7.911160026280425e-05,0,Low Threat
IOT_DEV_061177,0.00039172217727030233,0,Low Threat
IOT_DEV_056766,4.18152788323976e-05,0,Low Threat
IOT_DEV_042361,0.00013327165724633835,0,Low Threat
IOT_DEV_023007,0.0011883564961938501,0,Low Threat
IOT_DEV_041430,8.323034100523451e-05,0,Low Threat
IOT_DEV_072320,0.00020677604491522905,0,Low Threat
IOT_DEV_067147,0.00021565904986796825,0,Low Threat
IOT_DEV_059344,9.78176799920609e-05,0,Low Threat
IOT_DEV_014042,0.0004648151966871089,0,Low Threat
IOT_DEV_013549,0.00014553551492284958,0,Low Threat
IOT_DEV_047360,0.00020745017053124527,0,Low Threat
IOT_DEV_010856,4.8479030398622504e-05,0,Low Threat
IOT_DEV_042391,0.0001433829904819453,0,Low Threat
IOT_DEV_064085,0.0002820176089643064,0,Low Threat
IOT_DEV_051776,7.97621557235127e-05,0,Low Threat
IOT_DEV_051187,0.00011549771116967507,0,Low Threat
IOT_DEV_011978,7.804353458046666e-05,0,Low Threat
IOT_DEV_043869,0.00014312691570386032,0,Low Threat
IOT_DEV_030849,0.00013134169845711833,0,Low Threat
IOT_DEV_028814,0.0002843381363843078,0,Low Threat
IOT_DEV_013771,6.342530668264678e-05,0,Low Threat
IOT_DEV_030128,0.00013017408761332278,0,Low Threat
IOT_DEV_040455,0.00010797469007988354,0,Low Threat
IOT_DEV_046651,0.00011118157996580196,0,Low Threat
IOT_DEV_067430,0.00012139174215212543,0,Low Threat
IOT_DEV_005908,0.00014757273974709922,0,Low Threat
IOT_DEV_024707,0.00021799521701868296,0,Low Threat
IOT_DEV_045323,8.156430702961966e-05,0,Low Threat
IOT_DEV_020298,0.0002932779223055041,0,Low Threat
IOT_DEV_066588,0.00034120661480771525,0,Low Threat
IOT_DEV_002563,0.00019921233558366845,0,Low Threat
IOT_DEV_067875,0.00014120345224171858,0,Low Threat
IOT_DEV_003187,6.0853485512057764e-05,0,Low Threat
IOT_DEV_021147,3.559814271259807e-05,0,Low Threat
IOT_DEV_040593,7.452511627561298e-05,0,Low Threat
IOT_DEV_009554,0.00018803991341244996,0,Low Threat
IOT_DEV_038167,0.00027682281559895434,0,Low Threat
IOT_DEV_028774,0.00012687672037671924,0,Low Threat
IOT_DEV_067370,0.0001033849102429674,0,Low Threat
IOT_DEV_035924,5.276905354879705e-05,0,Low Threat
IOT_DEV_064014,0.00030904776478411056,0,Low Threat
IOT_DEV_016343,0.0003414733908827078,0,Low Threat
IOT_DEV_070692,0.00027047659541780557,0,Low Threat
IOT_DEV_048015,0.0002070997708696262,0,Low Threat
IOT_DEV_005449,0.00011430447712086958,0,Low Threat
IOT_DEV_006480,0.00044092930476892646,0,Low Threat
IOT_DEV_000485,0.00010392191187943211,0,Low Threat
IOT_DEV_042006,8.371546970339188e-05,0,Low Threat
IOT_DEV_007616,5.229004584462497e-05,0,Low Threat
IOT_DEV_068928,0.00037243977219999575,0,Low Threat
IOT_DEV_061210,0.00012610076793512508,0,Low Threat
IOT_DEV_060044,0.00022359494032608927,0,Low Threat
IOT_DEV_053738,6.428794510522015e-05,0,Low Threat
IOT_DEV_028946,0.00023198447476147042,0,Low Threat
IOT_DEV_056366,0.00024543323707761864,0,Low Threat
IOT_DEV_034055,0.00013534108015785527,0,Low Threat
IOT_DEV_060415,0.0008308662487098404,0,Low Threat
IOT_DEV_042814,0.00025681781160851407,0,Low Threat
IOT_DEV_030386,0.00011579874681966728,0,Low Threat
IOT_DEV_074775,0.0001842961780672159,0,Low Threat
IOT_DEV_009732,0.0005936456574725736,0,Low Threat
IOT_DEV_069861,0.00019333700904061496,0,Low Threat
IOT_DEV_031397,0.00020365927104969497,0,Low Threat
IOT_DEV_059429,0.00012313434208422968,0,Low Threat
IOT_DEV_078114,2.1008464935704292e-05,0,Low Threat
IOT_DEV_070308,4.2492158297405565e-05,0,Low Threat
IOT_DEV_007493,0.00022707537023441282,0,Low Threat
IOT_DEV_002523,0.00014242465484064595,0,Low Threat
IOT_DEV_039000,0.00011851067250710063,0,Low Threat
IOT_DEV_010027,0.0009027464887462755,0,Low Threat
IOT_DEV_050480,2.3169011821715032e-05,0,Low Threat
IOT_DEV_029059,8.358410717363386e-05,0,Low Threat
IOT_DEV_056811,9.938746360177673e-05,0,Low Threat
IOT_DEV_039802,0.0003224209767680651,0,Low Threat
IOT_DEV_024992,0.0003540022830424469,0,Low Threat
IOT_DEV_075715,7.466057440121589e-05,0,Low Threat
IOT_DEV_021794,0.00041962075174819445,0,Low Threat
IOT_DEV_059719,5.931917548421208e-05,0,Low Threat
IOT_DEV_010406,0.00013289375462925725,0,Low Threat
IOT_DEV_020756,0.00012822785601514458,0,Low Threat
IOT_DEV_055618,0.000136953727942534,0,Low Threat
IOT_DEV_053354,0.000668244723797979,0,Low Threat
IOT_DEV_032649,0.0002266032573894318,0,Low Threat
IOT_DEV_026213,0.00016427003410597664,0,Low Threat
IOT_DEV_056871,0.00017757137142661783,0,Low Threat
IOT_DEV_058892,0.00048225623967068534,0,Low Threat
IOT_DEV_031457,0.0002930733301820243,0,Low Threat
IOT_DEV_000357,0.0005586276356764655,0,Low Threat
IOT_DEV_070964,0.0004485056012808607,0,Low Threat
IOT_DEV_047185,4.147218604577904e-05,0,Low Threat
IOT_DEV_022892,6.964667039662664e-05,0,Low Threat
IOT_DEV_077048,2.8108914249380922e-05,0,Low Threat
IOT_DEV_069245,0.00025493858649302956,0,Low Threat
IOT_DEV_016597,7.358001639430598e-05,0,Low Threat
IOT_DEV_057032,9.456612102707262e-05,0,Low Threat
IOT_DEV_012173,0.00021530566667843674,0,Low Threat
IOT_DEV_005492,7.556908511231979e-05,0,Low Threat
IOT_DEV_074526,0.00026127851841339716,0,Low Threat
IOT_DEV_073349,0.00037092638990039576,0,Low Threat
IOT_DEV_078692,0.0002333633640740664,0,Low Threat
IOT_DEV_008547,0.00023529674764119414,0,Low Threat
IOT_DEV_024501,0.0004113936374343087,0,Low Threat
IOT_DEV_045095,0.00024367717428988505,0,Low Threat
IOT_DEV_077588,0.0001881761977996345,0,Low Threat
IOT_DEV_039155,0.0008507221621046611,0,Low Threat
IOT_DEV_049761,0.00010433056276077828,0,Low Threat
IOT_DEV_000944,0.00016794062515857939,0,Low Threat
IOT_DEV_044090,0.0001404353262636232,0,Low Threat
IOT_DEV_010100,0.0002263398963449266,0,Low Threat
IOT_DEV_020550,0.0001038569115691507,0,Low Threat
IOT_DEV_031400,0.0005109412282590831,0,Low Threat
IOT_DEV_020726,0.00018976049273350263,0,Low Threat
IOT_DEV_067110,0.00025766510180225854,0,Low Threat
IOT_DEV_039703,0.00021564616015538827,0,Low Threat
IOT_DEV_062136,0.9997325846102212,1,High Threat
IOT_DEV_037630,0.00011892918089864711,0,Low Threat
IOT_DEV_027906,0.0008199291076654067,0,Low Threat
IOT_DEV_010306,0.00016772264347329744,0,Low Threat
IOT_DEV_071800,0.0002637805891971129,0,Low Threat
IOT_DEV_002545,0.00038440958673594173,0,Low Threat
IOT_DEV_046376,0.00011156440425114966,0,Low Threat
IOT_DEV_042237,0.0002026805519010941,0,Low Threat
IOT_DEV_070731,0.0009211791516084987,0,Low Threat
IOT_DEV_040781,0.00047683380433827504,0,Low Threat
IOT_DEV_035660,0.0003167090420825517,0,Low Threat
IOT_DEV_013122,3.877355377273243e-05,0,Low Threat
IOT_DEV_010174,0.0004444676020712374,0,Low Threat
IOT_DEV_027798,0.00011285090344709673,0,Low Threat
IOT_DEV_077333,9.96245638713214e-05,0,Low Threat
IOT_DEV_000502,0.0001264653069934672,0,Low Threat
IOT_DEV_024910,0.0003695519026678084,0,Low Threat
IOT_DEV_002060,0.0003399235094793541,0,Low Threat
IOT_DEV_050881,0.001459067561387164,0,Low Threat
IOT_DEV_051123,0.00024281566802367073,0,Low Threat
IOT_DEV_050665,0.0008718891992918879,0,Low Threat
IOT_DEV_071055,8.525282344943068e-05,0,Low Threat
IOT_DEV_078104,7.373777261394656e-05,0,Low Threat
IOT_DEV_020357,0.0004734799564896459,0,Low Threat
IOT_DEV_016399,0.000549191028610035,0,Low Threat
IOT_DEV_026258,0.0005371285525869407,0,Low Threat
IOT_DEV_041184,0.000858219410401608,0,Low Threat
IOT_DEV_001880,9.265402708352443e-05,0,Low Threat
IOT_DEV_050434,7.8858402466472e-05,0,Low Threat
IOT_DEV_035730,0.001174479304835361,0,Low Threat
IOT_DEV_006650,4.4658017802261006e-05,0,Low Threat
IOT_DEV_017932,0.0005456233346499751,0,Low Threat
IOT_DEV_066067,0.9882212491866008,1,High Threat
IOT_DEV_028417,2.1543110882861588e-05,0,Low Threat
IOT_DEV_037095,9.095395366271508e-05,0,Low Threat
IOT_DEV_058722,0.00016437230153059414,0,Low Threat
IOT_DEV_057697,9.915961784417788e-05,0,Low Threat
IOT_DEV_007150,0.00014187000974066812,0,Low Threat
IOT_DEV_005096,0.0001537452811622717,0,Low Threat
IOT_DEV_009898,6.785796462116209e-05,0,Low Threat
IOT_DEV_058206,0.00016444457448611585,0,Low Threat
IOT_DEV_047017,0.000252827610473673,0,Low Threat
IOT_DEV_079329,5.0786792581390755e-05,0,Low Threat
IOT_DEV_030681,0.0013231512408105118,0,Low Threat
IOT_DEV_056817,7.781972541808652e-05,0,Low Threat
IOT_DEV_010050,0.00013639539371485576,0,Low Threat
IOT_DEV_075916,0.0002918336619149324,0,Low Threat
IOT_DEV_005346,3.435385389223365e-05,0,Low Threat
IOT_DEV_048987,0.00014324576575088337,0,Low Threat
IOT_DEV_076973,1.611619949590328e-05,0,Low Threat
IOT_DEV_065214,0.000208651572446833,0,Low Threat
IOT_DEV_072230,0.0001097412030450327,0,Low Threat
IOT_DEV_037671,0.0006152204031552718,0,Low Threat
IOT_DEV_061767,0.00017442825730187893,0,Low Threat
IOT_DEV_069194,9.916930713472726e-05,0,Low Threat
IOT_DEV_035247,0.0007462170119044745,0,Low Threat
IOT_DEV_013346,0.9993141998865223,1,High Threat
IOT_DEV_048883,0.0003289351079389548,0,Low Threat
IOT_DEV_009129,0.0002782503292284398,0,Low Threat
IOT_DEV_053068,0.0003102854144998746,0,Low Threat
IOT_DEV_079685,0.0001158942213429667,0,Low Threat
IOT_DEV_060593,0.00016589191552348552,0,Low Threat
IOT_DEV_076079,0.0001659082248163011,0,Low Threat
IOT_DEV_040893,9.539252318327395e-05,0,Low Threat
IOT_DEV_047594,0.0004375187883281574,0,Low Threat
IOT_DEV_008953,0.001147054997776617,0,Low Threat
IOT_DEV_068725,0.00020835360230811136,0,Low Threat
IOT_DEV_022641,0.00040054499713027653,0,Low Threat
IOT_DEV_059962,0.00015387606202153605,0,Low Threat
IOT_DEV_052842,0.0004244924666626408,0,Low Threat
IOT_DEV_037351,8.743389084712637e-05,0,Low Threat
IOT_DEV_000447,0.00014487202404702272,0,Low Threat
IOT_DEV_019927,0.0009799457204564311,0,Low Threat
IOT_DEV_037804,0.0007277311636479072,0,Low Threat
IOT_DEV_029989,0.00044729644481711453,0,Low Threat
IOT_DEV_067391,0.0001336419829771293,0,Low Threat
IOT_DEV_077289,0.0002567874682498549,0,Low Threat
IOT_DEV_055635,8.153391645008399e-05,0,Low Threat
IOT_DEV_013365,0.0004159601229851646,0,Low Threat
IOT_DEV_023187,0.00010732289557324089,0,Low Threat
IOT_DEV_032164,8.577143538088143e-05,0,Low Threat
IOT_DEV_051915,3.981880483336544e-05,0,Low Threat
IOT_DEV_075798,0.00019276742312007678,0,Low Threat
IOT_DEV_022143,0.00019934801381025499,0,Low Threat
IOT_DEV_015667,0.00020538881941440304,0,Low Threat
IOT_DEV_048469,0.00015025790763377242,0,Low Threat
IOT_DEV_019373,0.00010267202213077815,0,Low Threat
IOT_DEV_036546,0.000257308653716297,0,Low Threat
IOT_DEV_029507,0.00014878126356640645,0,Low Threat
IOT_DEV_025394,0.0001368146586157362,0,Low Threat
IOT_DEV_043135,0.9999986613896323,1,High Threat
IOT_DEV_027270,5.388949124763755e-05,0,Low Threat
IOT_DEV_070784,0.00045434183271901124,0,Low Threat
IOT_DEV_010592,0.0003675530827700533,0,Low Threat
IOT_DEV_070386,0.00010063250547902354,0,Low Threat
IOT_DEV_068863,0.00041708794125335847,0,Low Threat
IOT_DEV_049522,0.00012815417638974404,0,Low Threat
IOT_DEV_036503,0.0003475045962637006,0,Low Threat
IOT_DEV_037876,0.0002040002435128366,0,Low Threat
IOT_DEV_002680,2.9430345698541205e-05,0,Low Threat
IOT_DEV_050525,0.00030808969227868517,0,Low Threat
IOT_DEV_076051,0.0002767842121772046,0,Low Threat
IOT_DEV_001752,0.0001804969078123977,0,Low Threat
IOT_DEV_044069,4.8588763497536145e-05,0,Low Threat
IOT_DEV_050629,0.001236422629717956,0,Low Threat
IOT_DEV_035364,0.0002758343898392964,0,Low Threat
IOT_DEV_079444,0.00017045980087956558,0,Low Threat
IOT_DEV_049192,9.685428508192018e-05,0,Low Threat
IOT_DEV_010679,0.0001533155033730471,0,Low Threat
IOT_DEV_074517,0.0006879266855646216,0,Low Threat
IOT_DEV_036152,0.9998218426709791,1,High Threat
IOT_DEV_063990,0.000342145951696342,0,Low Threat
IOT_DEV_054004,9.466860744641235e-05,0,Low Threat
IOT_DEV_056129,0.0006608395428782805,0,Low Threat
IOT_DEV_051889,0.0003252819371033519,0,Low Threat
IOT_DEV_025285,0.00023295886458308561,0,Low Threat
IOT_DEV_052442,0.0003088854619070271,0,Low Threat
IOT_DEV_058432,6.664818095824285e-05,0,Low Threat
IOT_DEV_053091,0.00041253412330223625,0,Low Threat
IOT_DEV_055951,0.00027347558753009935,0,Low Threat
IOT_DEV_043454,0.9998294100223959,1,High Threat
IOT_DEV_028474,0.0006990802934999295,0,Low Threat
IOT_DEV_032943,0.0002664740122561078,0,Low Threat
IOT_DEV_032608,0.0001575808514111146,0,Low Threat
IOT_DEV_045577,0.9990172753365949,1,High Threat
IOT_DEV_019326,0.00022143487211073723,0,Low Threat
IOT_DEV_062395,0.0001858001964616014,0,Low Threat
IOT_DEV_072846,0.0001330329147213774,0,Low Threat
IOT_DEV_076150,6.634474337892514e-05,0,Low Threat
IOT_DEV_007300,0.9999833354420804,1,High Threat
IOT_DEV_008534,7.451143856324336e-05,0,Low Threat
IOT_DEV_078814,0.0001169118051451558,0,Low Threat
IOT_DEV_010425,0.00011192589997309156,0,Low Threat
IOT_DEV_068908,3.4332590544192976e-05,0,Low Threat
IOT_DEV_001423,0.0002524908100272011,0,Low Threat
IOT_DEV_062323,0.00012094734182107011,0,Low Threat
IOT_DEV_008586,4.587422316436696e-05,0,Low Threat
IOT_DEV_061722,0.0010908926136974707,0,Low Threat
IOT_DEV_045366,0.00012028315164194897,0,Low Threat
IOT_DEV_046870,0.00016259823331143798,0,Low Threat
IOT_DEV_070057,0.00018198803979365172,0,Low Threat
IOT_DEV_037102,9.01693701144762e-05,0,Low Threat
IOT_DEV_034825,0.00048129922658669404,0,Low Threat
IOT_DEV_055424,0.0003886404335582637,0,Low Threat
IOT_DEV_033077,9.160141644721824e-05,0,Low Threat
IOT_DEV_037077,0.00013198800952287187,0,Low Threat
IOT_DEV_000461,0.0001713633920604655,0,Low Threat
IOT_DEV_016281,0.9986213347822045,1,High Threat
IOT_DEV_073515,0.00011713331458323056,0,Low Threat
IOT_DEV_027064,4.455358266480355e-05,0,Low Threat
IOT_DEV_041271,0.0002101107229050925,0,Low Threat
IOT_DEV_063012,0.00047816740506783625,0,Low Threat
IOT_DEV_066036,0.9296270808566414,1,High Threat
IOT_DEV_001765,0.00010651014716327487,0,Low Threat
IOT_DEV_049063,0.00016042879187794777,0,Low Threat
IOT_DEV_026482,0.0008821986441150232,0,Low Threat
IOT_DEV_040621,0.0001253950935962745,0,Low Threat
IOT_DEV_065623,0.00016604126039642024,0,Low Threat
IOT_DEV_006206,2.3866216105958125e-05,0,Low Threat
IOT_DEV_046636,9.051333089156398e-05,0,Low Threat
IOT_DEV_028106,0.00013101386799626091,0,Low Threat
IOT_DEV_025814,4.357490695042436e-05,0,Low Threat
IOT_DEV_024524,0.00026778978589936777,0,Low Threat
IOT_DEV_047691,0.0008841013767531117,0,Low Threat
IOT_DEV_045360,3.261354889246348e-05,0,Low Threat
IOT_DEV_043388,8.077653498234435e-05,0,Low Threat
IOT_DEV_034581,0.00030763618350950606,0,Low Threat
IOT_DEV_058812,0.00036820158900954743,0,Low Threat
IOT_DEV_025719,0.00011622109234830131,0,Low Threat
IOT_DEV_064625,0.00011144255255461289,0,Low Threat
IOT_DEV_035685,0.00011521982215837642,0,Low Threat
IOT_DEV_001634,5.057705277368878e-05,0,Low Threat
IOT_DEV_059834,0.00028536037755933175,0,Low Threat
IOT_DEV_006152,0.00023332635698431465,0,Low Threat
IOT_DEV_030097,0.00011372274673679868,0,Low Threat
IOT_DEV_034752,0.0001527559125581985,0,Low Threat
IOT_DEV_024739,0.0003012164455759465,0,Low Threat
IOT_DEV_024035,0.0001409153406116979,0,Low Threat
IOT_DEV_022494,0.0008511297538636279,0,Low Threat
IOT_DEV_038240,0.0003081207817527583,0,Low Threat
IOT_DEV_062738,0.0004704571306186686,0,Low Threat
IOT_DEV_055887,0.0005552609960652876,0,Low Threat
IOT_DEV_035587,3.0410249186385558e-05,0,Low Threat
IOT_DEV_054907,0.0007263914483924213,0,Low Threat
IOT_DEV_004362,0.00019397491403436604,0,Low Threat
IOT_DEV_057202,0.00039938008693212726,0,Low Threat
IOT_DEV_039142,0.0001555007703752592,0,Low Threat
IOT_DEV_002321,0.00015273565075267016,0,Low Threat
IOT_DEV_067736,0.00025109863417895116,0,Low Threat
IOT_DEV_027696,0.00015952264716458084,0,Low Threat
IOT_DEV_041366,0.000849193709783111,0,Low Threat
IOT_DEV_002889,4.2474182729012314e-05,0,Low Threat
IOT_DEV_006335,5.361751719492505e-05,0,Low Threat
IOT_DEV_028036,5.254033440900113e-05,0,Low Threat
IOT_DEV_035228,2.5727865834595172e-05,0,Low Threat
IOT_DEV_047845,8.257378344528305e-05,0,Low Threat
IOT_DEV_044822,0.0003520972749878794,0,Low Threat
IOT_DEV_078870,0.0004515618126881298,0,Low Threat
IOT_DEV_046400,0.9850614993555123,1,High Threat
IOT_DEV_003758,0.00019938505209585354,0,Low Threat
IOT_DEV_043093,6.840772798392694e-05,0,Low Threat
IOT_DEV_000956,0.00010540671623976722,0,Low Threat
IOT_DEV_028093,0.00018239481578410203,0,Low Threat
IOT_DEV_044016,6.524045033537802e-05,0,Low Threat
IOT_DEV_067462,0.9994261230974371,1,High Threat
IOT_DEV_000274,9.876297923425038e-05,0,Low Threat
IOT_DEV_043541,9.617638437182827e-05,0,Low Threat
IOT_DEV_018887,0.0004005215629497247,0,Low Threat
IOT_DEV_064164,0.00033727257446176646,0,Low Threat
IOT_DEV_054926,8.930049277745331e-05,0,Low Threat
IOT_DEV_003243,0.995713932224557,1,High Threat
IOT_DEV_064170,0.00011052066409222799,0,Low Threat
IOT_DEV_059745,0.00012032928094057536,0,Low Threat
IOT_DEV_033943,7.391773213763808e-05,0,Low Threat
IOT_DEV_069030,0.00013802225959409138,0,Low Threat
IOT_DEV_008075,0.0001288569388551382,0,Low Threat
IOT_DEV_074838,8.392747669894526e-05,0,Low Threat
IOT_DEV_059807,0.00033362323564045546,0,Low Threat
IOT_DEV_062892,0.0006905387501343897,0,Low Threat
IOT_DEV_028170,0.0003832573327023633,0,Low Threat
IOT_DEV_019656,0.0002452510017080677,0,Low Threat
IOT_DEV_065813,9.739201510697632e-05,0,Low Threat
IOT_DEV_050057,0.00010537283764431049,0,Low Threat
IOT_DEV_025627,0.00016532816503668203,0,Low Threat
IOT_DEV_010352,0.00011908707468339159,0,Low Threat
IOT_DEV_049565,0.0002839553972095099,0,Low Threat
IOT_DEV_011169,6.334302677415831e-05,0,Low Threat
IOT_DEV_010539,0.00027765749615870847,0,Low Threat
IOT_DEV_022163,7.452777627400811e-05,0,Low Threat
IOT_DEV_051470,7.281782206550426e-05,0,Low Threat
IOT_DEV_016423,0.000369537535461226,0,Low Threat
IOT_DEV_068221,8.333383313351279e-05,0,Low Threat
IOT_DEV_070749,0.0002551488616964161,0,Low Threat
IOT_DEV_045692,9.396201270380598e-05,0,Low Threat
IOT_DEV_055705,0.0002003719255243745,0,Low Threat
IOT_DEV_006970,7.160417991366291e-05,0,Low Threat
IOT_DEV_076263,0.00017571402786591933,0,Low Threat
IOT_DEV_070824,5.912244087332673e-05,0,Low Threat
IOT_DEV_031698,3.410080516837051e-05,0,Low Threat
IOT_DEV_039252,0.00014343121172682774,0,Low Threat
IOT_DEV_033864,9.513671207896713e-05,0,Low Threat
IOT_DEV_042940,0.00044193095525092404,0,Low Threat
IOT_DEV_032018,5.962766193811224e-05,0,Low Threat
IOT_DEV_022001,8.459419188898055e-05,0,Low Threat
IOT_DEV_009406,0.0001121343629753084,0,Low Threat
IOT_DEV_044583,0.0001858266697525132,0,Low Threat
IOT_DEV_027852,6.540193713921724e-05,0,Low Threat
IOT_DEV_012540,3.104882301626243e-05,0,Low Threat
IOT_DEV_029879,0.0003755519521120756,0,Low Threat
IOT_DEV_054696,0.0008114971911863073,0,Low Threat
IOT_DEV_026055,0.9750857500066662,1,High Threat
IOT_DEV_031092,0.00023914154736578633,0,Low Threat
IOT_DEV_078031,0.00014890858278248403,0,Low Threat
IOT_DEV_076928,0.00016381772889318257,0,Low Threat
IOT_DEV_020902,0.000172634807800979,0,Low Threat
IOT_DEV_046725,4.5351138496379465e-05,0,Low Threat
IOT_DEV_079815,0.0003297054138457566,0,Low Threat
IOT_DEV_044615,0.0001802737444646713,0,Low Threat
IOT_DEV_007424,0.0003542785689270601,0,Low Threat
IOT_DEV_030723,0.00013892152381874762,0,Low Threat
IOT_DEV_032613,0.9990624789345152,1,High Threat
IOT_DEV_007247,7.050900539433694e-05,0,Low Threat
IOT_DEV_023728,0.00035116823195277893,0,Low Threat
IOT_DEV_044120,0.00013325541664748115,0,Low Threat
IOT_DEV_030526,0.0004433186115237021,0,Low Threat
IOT_DEV_030018,0.0005193618227352157,0,Low Threat
IOT_DEV_039115,0.9989162773112255,1,High Threat
IOT_DEV_028397,0.9999999474379347,1,High Threat
IOT_DEV_005143,0.0001708250061834642,0,Low Threat
IOT_DEV_035799,5.173546973958296e-05,0,Low Threat
IOT_DEV_027583,0.0005087965994726129,0,Low Threat
IOT_DEV_023629,8.052412011382255e-05,0,Low Threat
IOT_DEV_006683,8.7017606231882e-05,0,Low Threat
IOT_DEV_032903,0.00011150298365539435,0,Low Threat
IOT_DEV_044795,0.0001430840484281405,0,Low Threat
IOT_DEV_059590,0.0001273917879232916,0,Low Threat
IOT_DEV_072383,0.00012334621190251044,0,Low Threat
IOT_DEV_056767,5.870496404835519e-05,0,Low Threat
IOT_DEV_028030,0.0009857447885376182,0,Low Threat
IOT_DEV_006404,0.00041486339222124183,0,Low Threat
IOT_DEV_019910,0.00012173266915820434,0,Low Threat
IOT_DEV_038729,0.0004013788132809192,0,Low Threat
IOT_DEV_023592,0.00034214730879139675,0,Low Threat
IOT_DEV_030926,0.00011914198520639051,0,Low Threat
IOT_DEV_068109,0.0003498394580239726,0,Low Threat
IOT_DEV_050619,0.00018494336764884412,0,Low Threat
IOT_DEV_002239,6.365750174293166e-05,0,Low Threat
IOT_DEV_074079,0.0005496096450935104,0,Low Threat
IOT_DEV_035461,9.18533180218932e-05,0,Low Threat
IOT_DEV_072530,0.00025877444046362773,0,Low Threat
IOT_DEV_056278,0.0001348452899512873,0,Low Threat
IOT_DEV_006947,0.0004280669068155863,0,Low Threat
IOT_DEV_013292,0.00025407904892385487,0,Low Threat
IOT_DEV_067041,0.0002741872795574076,0,Low Threat
IOT_DEV_010709,0.0002754917832952218,0,Low Threat
IOT_DEV_005848,0.00016599547075551709,0,Low Threat
IOT_DEV_050477,0.001044076509899512,0,Low Threat
IOT_DEV_017204,0.0002109907034598505,0,Low Threat
IOT_DEV_025710,0.00019098605809515385,0,Low Threat
IOT_DEV_075409,0.0006901207557129154,0,Low Threat
IOT_DEV_009646,0.0001596587328303282,0,Low Threat
IOT_DEV_044720,0.0002452341039985872,0,Low Threat
IOT_DEV_072022,0.0002169374821266913,0,Low Threat
IOT_DEV_014188,6.564718052198692e-05,0,Low Threat
IOT_DEV_041777,0.0005352545424919489,0,Low Threat
IOT_DEV_026978,0.00020234358864696216,0,Low Threat
IOT_DEV_075538,7.063722587905333e-05,0,Low Threat
IOT_DEV_073978,0.9964607719906882,1,High Threat
IOT_DEV_002241,0.0001228512036747857,0,Low Threat
IOT_DEV_039183,0.00010509338725674257,0,Low Threat
IOT_DEV_042868,0.000500251776005738,0,Low Threat
IOT_DEV_032530,0.0004346867362174549,0,Low Threat
IOT_DEV_054867,0.00043204761109553644,0,Low Threat
IOT_DEV_040738,0.00026596574647901955,0,Low Threat
IOT_DEV_012256,0.0002617367361435378,0,Low Threat
IOT_DEV_032673,0.0001007527634001608,0,Low Threat
IOT_DEV_069146,0.0001620436640001969,0,Low Threat
IOT_DEV_062252,3.638280634797484e-05,0,Low Threat
IOT_DEV_059581,0.00032419528738907363,0,Low Threat
IOT_DEV_040075,0.00016218927506016348,0,Low Threat
IOT_DEV_062567,0.0002517899962650985,0,Low Threat
IOT_DEV_018145,4.391271135633172e-05,0,Low Threat
IOT_DEV_026726,0.00028110659628458187,0,Low Threat
IOT_DEV_046383,0.0002856544836840998,0,Low Threat
IOT_DEV_069881,0.00011144459279943863,0,Low Threat
IOT_DEV_005432,0.0001978592866044163,0,Low Threat
IOT_DEV_026160,0.0005612778446672516,0,Low Threat
IOT_DEV_051807,5.515076549154334e-05,0,Low Threat
IOT_DEV_067847,0.00021271978733386704,0,Low Threat
IOT_DEV_062802,0.0004473201254808254,0,Low Threat
IOT_DEV_067513,9.326041791725982e-05,0,Low Threat
IOT_DEV_045678,0.0005193295356596863,0,Low Threat
IOT_DEV_018426,0.0002423531440479337,0,Low Threat
IOT_DEV_045032,0.00033596880855971795,0,Low Threat
IOT_DEV_034345,0.9978335816864797,1,High Threat
IOT_DEV_023738,8.177278991328564e-05,0,Low Threat
IOT_DEV_069559,0.00018348152185814834,0,Low Threat
IOT_DEV_005367,0.00019714737129095222,0,Low Threat
IOT_DEV_032782,0.0005247460580179841,0,Low Threat
IOT_DEV_020797,0.00014098433526797647,0,Low Threat
IOT_DEV_061570,0.0005180058763813515,0,Low Threat
IOT_DEV_007626,7.197755284704571e-05,0,Low Threat
IOT_DEV_036850,0.000136586438182532,0,Low Threat
IOT_DEV_067150,0.00017786672304451003,0,Low Threat
IOT_DEV_014601,0.00015576234272720522,0,Low Threat
IOT_DEV_052428,9.044678245075238e-05,0,Low Threat
IOT_DEV_079579,0.0003639134744736964,0,Low Threat
IOT_DEV_067877,0.000551971347260349,0,Low Threat
IOT_DEV_033353,0.00017174989766406332,0,Low Threat
IOT_DEV_042023,7.398456971315658e-05,0,Low Threat
IOT_DEV_033073,8.240737591431934e-05,0,Low Threat
IOT_DEV_036931,4.581584423814768e-05,0,Low Threat
IOT_DEV_043574,0.00010079310740386978,0,Low Threat
IOT_DEV_046293,0.0006466758535091608,0,Low Threat
IOT_DEV_047152,0.00014867624378602962,0,Low Threat
IOT_DEV_003875,0.00038647276364151944,0,Low Threat
IOT_DEV_006836,0.0001349257758148741,0,Low Threat
IOT_DEV_076108,0.00017309071626788196,0,Low Threat
IOT_DEV_026345,0.0001302304577582582,0,Low Threat
IOT_DEV_066842,0.0002650320369635497,0,Low Threat
IOT_DEV_075021,0.00014018729265314388,0,Low Threat
IOT_DEV_042105,0.0004646502161741738,0,Low Threat
IOT_DEV_079349,0.00011636499385522875,0,Low Threat
IOT_DEV_036790,0.0002889300776810238,0,Low Threat
IOT_DEV_027593,0.0002290619511514992,0,Low Threat
IOT_DEV_048891,0.00041838009072405467,0,Low Threat
IOT_DEV_011098,0.00031056687010813666,0,Low Threat
IOT_DEV_072443,9.687514135200945e-05,0,Low Threat
IOT_DEV_028552,0.00017221011629381004,0,Low Threat
IOT_DEV_044162,6.484471967363466e-05,0,Low Threat
IOT_DEV_012001,0.00020117036294998344,0,Low Threat
IOT_DEV_050352,0.00026267704739711483,0,Low Threat
IOT_DEV_064233,0.0001258353571967388,0,Low Threat
IOT_DEV_000401,0.0001763666719494335,0,Low Threat
IOT_DEV_048372,0.00018184253442839665,0,Low Threat
IOT_DEV_005942,0.0001527772051780991,0,Low Threat
IOT_DEV_004281,9.493763192454378e-05,0,Low Threat
IOT_DEV_036860,0.0001860225373431946,0,Low Threat
IOT_DEV_057990,0.00017773371397743548,0,Low Threat
IOT_DEV_040156,0.00025612196722022513,0,Low Threat
IOT_DEV_028514,0.00035380536445544125,0,Low Threat
IOT_DEV_026062,6.205485857579869e-05,0,Low Threat
IOT_DEV_059957,5.44885174683401e-05,0,Low Threat
IOT_DEV_029480,0.00017184632417103468,0,Low Threat
IOT_DEV_010036,3.1044051853757605e-05,0,Low Threat
IOT_DEV_016963,0.00018520588730958486,0,Low Threat
IOT_DEV_001898,0.00035232983058743376,0,Low Threat
IOT_DEV_010926,0.00011089145687427342,0,Low Threat
IOT_DEV_024343,0.00012458646790763605,0,Low Threat
IOT_DEV_073735,0.0007069368180804045,0,Low Threat
IOT_DEV_077255,0.00045533257813501764,0,Low Threat
IOT_DEV_050276,0.00021448136585070196,0,Low Threat
IOT_DEV_004222,0.00016687681856919137,0,Low Threat
IOT_DEV_032396,0.00045546181186039276,0,Low Threat
IOT_DEV_023519,7.852102104015547e-05,0,Low Threat
IOT_DEV_016702,5.6797916428428056e-05,0,Low Threat
IOT_DEV_043199,0.00021628307478431183,0,Low Threat
IOT_DEV_008565,0.00011899627146947092,0,Low Threat
IOT_DEV_051419,0.0002978539469583255,0,Low Threat
IOT_DEV_029945,0.00032291825704296835,0,Low Threat
IOT_DEV_045430,0.00025437077314923855,0,Low Threat
IOT_DEV_060944,7.51357434458291e-05,0,Low Threat
IOT_DEV_014968,0.00021216023061072765,0,Low Threat
IOT_DEV_033694,0.00045466805375674854,0,Low Threat
IOT_DEV_023304,4.3253154254045166e-05,0,Low Threat
IOT_DEV_021790,8.475037200253953e-05,0,Low Threat
IOT_DEV_024014,0.00020698603185913744,0,Low Threat
IOT_DEV_060845,0.000492048752319392,0,Low Threat
IOT_DEV_044422,0.00020039518556340177,0,Low Threat
IOT_DEV_014778,0.00012685143774272505,0,Low Threat
IOT_DEV_014168,0.00010117596627868606,0,Low Threat
IOT_DEV_050534,0.00015323342730439322,0,Low Threat
IOT_DEV_074094,0.0001337671030744105,0,Low Threat
IOT_DEV_066111,0.000150228307843936,0,Low Threat
IOT_DEV_002902,0.00010611721977379732,0,Low Threat
IOT_DEV_051094,0.00023286562889549808,0,Low Threat
IOT_DEV_022003,0.00023417465600583787,0,Low Threat
IOT_DEV_062795,8.07740895632522e-05,0,Low Threat
IOT_DEV_058653,0.00018792200794266652,0,Low Threat
IOT_DEV_061871,5.5588001111205336e-05,0,Low Threat
IOT_DEV_037062,0.00013168614754073186,0,Low Threat
IOT_DEV_063560,0.9763233884554163,1,High Threat
IOT_DEV_008162,0.00012076609948350733,0,Low Threat
IOT_DEV_049799,0.00030061230258375825,0,Low Threat
IOT_DEV_006686,0.0016326962128804105,0,Low Threat
IOT_DEV_045250,0.00027119034988864945,0,Low Threat
IOT_DEV_042992,9.040387389415132e-05,0,Low Threat
IOT_DEV_020623,0.0002487891641723121,0,Low Threat
IOT_DEV_059044,3.199951969548502e-05,0,Low Threat
IOT_DEV_030631,0.0001565395023373684,0,Low Threat
IOT_DEV_076277,0.00017148466823886695,0,Low Threat
IOT_DEV_001806,9.517766220497873e-05,0,Low Threat
IOT_DEV_019294,7.05635804146398e-05,0,Low Threat
IOT_DEV_024421,0.00013043398171396907,0,Low Threat
IOT_DEV_064604,6.827721239302501e-05,0,Low Threat
IOT_DEV_006684,7.01677679107559e-05,0,Low Threat
IOT_DEV_022367,0.9758118740525318,1,High Threat
IOT_DEV_041655,0.0002315718670090043,0,Low Threat
IOT_DEV_067983,0.0004142579509216105,0,Low Threat
IOT_DEV_016444,0.00017806094033550048,0,Low Threat
IOT_DEV_062438,0.0006844597560861895,0,Low Threat
IOT_DEV_073549,0.00022123995692596073,0,Low Threat
IOT_DEV_015944,7.153765077122981e-05,0,Low Threat
IOT_DEV_041961,6.486762876624365e-05,0,Low Threat
IOT_DEV_041066,9.805411828631533e-05,0,Low Threat
IOT_DEV_013109,0.0002128366875741583,0,Low Threat
IOT_DEV_027405,8.921095976915411e-05,0,Low Threat
IOT_DEV_067778,0.00022509784442036667,0,Low Threat
IOT_DEV_077537,0.000491361145152499,0,Low Threat
IOT_DEV_059673,8.003224100809278e-05,0,Low Threat
IOT_DEV_023300,0.00016230890754244634,0,Low Threat
IOT_DEV_005768,0.00010630909761341838,0,Low Threat
IOT_DEV_067161,0.00023647218219217294,0,Low Threat
IOT_DEV_048553,0.00014425864032621176,0,Low Threat
IOT_DEV_057530,5.897267132898853e-05,0,Low Threat
IOT_DEV_013854,0.000341566096189933,0,Low Threat
IOT_DEV_024338,0.9999975648813345,1,High Threat
IOT_DEV_061993,5.95581395271787e-05,0,Low Threat
IOT_DEV_019621,0.00011874435509258569,0,Low Threat
IOT_DEV_032379,0.00016554327218127381,0,Low Threat
IOT_DEV_065164,0.00025943579035811226,0,Low Threat
IOT_DEV_009754,5.6346503886107493e-05,0,Low Threat
IOT_DEV_011714,0.00031772446114721213,0,Low Threat
IOT_DEV_008151,7.695026313078254e-05,0,Low Threat
IOT_DEV_035995,0.00010575423741731784,0,Low Threat
IOT_DEV_036589,0.0003176810730835153,0,Low Threat
IOT_DEV_057548,8.914465105427276e-05,0,Low Threat
IOT_DEV_005074,0.0001907502897537753,0,Low Threat
IOT_DEV_033317,0.00010342302777338342,0,Low Threat
IOT_DEV_068694,9.523167315152402e-05,0,Low Threat
IOT_DEV_006570,0.0006967656204607384,0,Low Threat
IOT_DEV_024484,0.0001008286762578718,0,Low Threat
IOT_DEV_063882,0.0005031077217005701,0,Low Threat
IOT_DEV_068087,0.0002603232230691177,0,Low Threat
IOT_DEV_019803,0.00025478332781713093,0,Low Threat
IOT_DEV_028760,7.570321132584711e-05,0,Low Threat
IOT_DEV_014944,6.180553485052737e-05,0,Low Threat
IOT_DEV_027292,0.0003617186161910493,0,Low Threat
IOT_DEV_001373,0.0002336785142169243,0,Low Threat
IOT_DEV_043934,7.603710626441172e-05,0,Low Threat
IOT_DEV_057217,7.445221538115453e-05,0,Low Threat
IOT_DEV_060757,0.00014178065934036251,0,Low Threat
IOT_DEV_026019,6.32457961656647e-05,0,Low Threat
IOT_DEV_058552,0.00011293000710045087,0,Low Threat
IOT_DEV_053742,8.331700963187e-05,0,Low Threat
IOT_DEV_023265,0.00035661866263649966,0,Low Threat
IOT_DEV_077328,0.00029435381746926954,0,Low Threat
IOT_DEV_002868,0.9999928696221514,1,High Threat
IOT_DEV_049731,5.752955060802644e-05,0,Low Threat
IOT_DEV_065199,0.0002538619219328522,0,Low Threat
IOT_DEV_067020,0.0002674308918042972,0,Low Threat
IOT_DEV_037017,5.503949815432322e-05,0,Low Threat
IOT_DEV_025264,9.245412127256403e-05,0,Low Threat
IOT_DEV_042752,0.00010525517844780637,0,Low Threat
IOT_DEV_073055,7.416903335160307e-05,0,Low Threat
IOT_DEV_058528,0.0001864313261222704,0,Low Threat
IOT_DEV_034907,9.419360814674947e-05,0,Low Threat
IOT_DEV_031869,0.00022488732511260993,0,Low Threat
IOT_DEV_047443,0.0005502206032037347,0,Low Threat
IOT_DEV_013535,0.00039458412714278904,0,Low Threat
IOT_DEV_075143,4.850663670952203e-05,0,Low Threat
IOT_DEV_051060,0.00021219154944042247,0,Low Threat
IOT_DEV_044260,5.090354135951862e-05,0,Low Threat
IOT_DEV_046260,0.0001535952347577524,0,Low Threat
IOT_DEV_071090,0.00011658735098723099,0,Low Threat
IOT_DEV_011747,0.00016858885846500937,0,Low Threat
IOT_DEV_078044,0.0003237469053859742,0,Low Threat
IOT_DEV_070754,0.0003244316665676728,0,Low Threat
IOT_DEV_008195,0.00016597006902142566,0,Low Threat
IOT_DEV_056494,9.243922145109113e-05,0,Low Threat
IOT_DEV_018214,0.00018333417213587975,0,Low Threat
IOT_DEV_079743,0.00021129755686528914,0,Low Threat
IOT_DEV_045171,0.0003236331520276075,0,Low Threat
IOT_DEV_013394,0.00026013678935496307,0,Low Threat
IOT_DEV_008973,7.165394748664134e-05,0,Low Threat
IOT_DEV_066279,0.00039001395018005495,0,Low Threat
IOT_DEV_072745,5.1422786006268545e-05,0,Low Threat
IOT_DEV_058863,0.00010322883300010717,0,Low Threat
IOT_DEV_028293,0.00019853209145527165,0,Low Threat
IOT_DEV_030722,0.000614830908252942,0,Low Threat
IOT_DEV_004897,0.0002420732832520356,0,Low Threat
IOT_DEV_057740,0.0001242813696569406,0,Low Threat
IOT_DEV_032128,0.00043933966150469246,0,Low Threat
IOT_DEV_044302,0.00024118229428673912,0,Low Threat
IOT_DEV_013552,0.0002052092209170861,0,Low Threat
IOT_DEV_027025,0.00024225578960020283,0,Low Threat
IOT_DEV_016981,0.0002227628731870253,0,Low Threat
IOT_DEV_029354,0.00045834616315174027,0,Low Threat
IOT_DEV_013169,0.0001308423837352353,0,Low Threat
IOT_DEV_061096,0.00023729746773497226,0,Low Threat
IOT_DEV_003569,0.0004075871566950322,0,Low Threat
IOT_DEV_050398,0.000173100258808177,0,Low Threat
IOT_DEV_025803,0.00016672634576530933,0,Low Threat
IOT_DEV_059478,0.0006255455312384853,0,Low Threat
IOT_DEV_079763,2.974407414349443e-05,0,Low Threat
IOT_DEV_060725,0.000317621213776263,0,Low Threat
IOT_DEV_050918,0.0002605951531482312,0,Low Threat
IOT_DEV_067895,3.8299295565468354e-05,0,Low Threat
IOT_DEV_021714,0.00042949700697785193,0,Low Threat
IOT_DEV_073733,0.00012821475896534375,0,Low Threat
IOT_DEV_070079,0.00018639586001109671,0,Low Threat
IOT_DEV_036890,0.0005368793695547716,0,Low Threat
IOT_DEV_010308,0.00012301768686118629,0,Low Threat
IOT_DEV_006598,0.0003342330409052798,0,Low Threat
IOT_DEV_056815,0.0001515371427325826,0,Low Threat
IOT_DEV_006757,0.0001358946920790047,0,Low Threat
IOT_DEV_070920,0.9994269474889499,1,High Threat
IOT_DEV_023379,0.00014882358920479717,0,Low Threat
IOT_DEV_034155,0.0001167157739208477,0,Low Threat
IOT_DEV_024350,0.0002294227583372569,0,Low Threat
IOT_DEV_066765,0.00019782604892843776,0,Low Threat
IOT_DEV_068336,0.00022798839997846036,0,Low Threat
IOT_DEV_055105,5.6886131255832555e-05,0,Low Threat
IOT_DEV_036236,0.00029734788750091005,0,Low Threat
IOT_DEV_069463,0.00011259280905861642,0,Low Threat
IOT_DEV_023030,0.00023778440968260078,0,Low Threat
IOT_DEV_026464,5.602501055374146e-05,0,Low Threat
IOT_DEV_006197,0.0004544960397746471,0,Low Threat
IOT_DEV_059711,6.0542938769968185e-05,0,Low Threat
IOT_DEV_052937,0.00019108222242081917,0,Low Threat
IOT_DEV_035367,0.00015250184072100175,0,Low Threat
IOT_DEV_003496,4.945756009824988e-05,0,Low Threat
IOT_DEV_047266,0.00032155725106129343,0,Low Threat
IOT_DEV_002834,0.00011699244599418686,0,Low Threat
IOT_DEV_040231,0.00020172600936237798,0,Low Threat
IOT_DEV_051262,0.00017039834570474783,0,Low Threat
IOT_DEV_018545,0.00018569659907592117,0,Low Threat
IOT_DEV_078599,0.0002597233582799283,0,Low Threat
IOT_DEV_038049,0.0003803015426895876,0,Low Threat
IOT_DEV_023691,0.0003866742603680532,0,Low Threat
IOT_DEV_067731,8.855556708282386e-05,0,Low Threat
IOT_DEV_013722,0.0010813048133065603,0,Low Threat
IOT_DEV_073575,0.00016734620491305695,0,Low Threat
IOT_DEV_052962,0.0004894470549000678,0,Low Threat
IOT_DEV_005105,0.99999998380029,1,High Threat
IOT_DEV_025025,9.667426315458978e-05,0,Low Threat
IOT_DEV_018401,9.51641261221493e-05,0,Low Threat
IOT_DEV_009723,0.0002626358371161313,0,Low Threat
IOT_DEV_020659,9.164156734598429e-05,0,Low Threat
IOT_DEV_037936,0.00023765372963496803,0,Low Threat
IOT_DEV_029516,0.00011894290170862986,0,Low Threat
IOT_DEV_036359,0.00022735228323448648,0,Low Threat
IOT_DEV_018349,4.0962254643817736e-05,0,Low Threat
IOT_DEV_053272,9.697867629687765e-05,0,Low Threat
IOT_DEV_035544,0.0001915274091788989,0,Low Threat
IOT_DEV_067018,0.0009676382499466539,0,Low Threat
IOT_DEV_061709,0.00031093272526415584,0,Low Threat
IOT_DEV_043990,0.00018261532013263165,0,Low Threat
IOT_DEV_001371,0.00062118788360327,0,Low Threat
IOT_DEV_069713,0.0002495996171754218,0,Low Threat
IOT_DEV_057888,0.00014658340464361095,0,Low Threat
IOT_DEV_054681,0.0004985689993454275,0,Low Threat
IOT_DEV_047786,9.393497807774072e-05,0,Low Threat
IOT_DEV_009273,0.00019789800442677476,0,Low Threat
IOT_DEV_028117,0.0009222937238436968,0,Low Threat
IOT_DEV_064534,0.0001859158655866244,0,Low Threat
IOT_DEV_035937,7.762738257729506e-05,0,Low Threat
IOT_DEV_034243,0.0001340319933263236,0,Low Threat
IOT_DEV_074412,5.390522788173826e-05,0,Low Threat
IOT_DEV_046787,0.0007437753926703088,0,Low Threat
IOT_DEV_020341,0.00016384750241910787,0,Low Threat
IOT_DEV_016737,0.00012955781593386746,0,Low Threat
IOT_DEV_045129,7.87081243486579e-05,0,Low Threat
IOT_DEV_067511,0.00011624542430413434,0,Low Threat
IOT_DEV_054956,0.000135736713270955,0,Low Threat
IOT_DEV_069768,6.811586662558021e-05,0,Low Threat
IOT_DEV_043986,0.0007557136345146399,0,Low Threat
IOT_DEV_049099,8.38235273255803e-05,0,Low Threat
IOT_DEV_041073,0.00015519887711698218,0,Low Threat
IOT_DEV_067079,0.0007358851270139664,0,Low Threat
IOT_DEV_018970,0.0002020959410173806,0,Low Threat
IOT_DEV_050033,0.00023564691318462525,0,Low Threat
IOT_DEV_043590,0.0002433625018022134,0,Low Threat
IOT_DEV_069384,0.000199029321342739,0,Low Threat
IOT_DEV_012815,6.208211684981938e-05,0,Low Threat
IOT_DEV_014006,0.0006392318400919531,0,Low Threat
IOT_DEV_029827,0.00019179427406200309,0,Low Threat
IOT_DEV_046748,0.00028090272660677857,0,Low Threat
IOT_DEV_041729,3.163738554622514e-05,0,Low Threat
IOT_DEV_028554,2.7361675679930495e-05,0,Low Threat
IOT_DEV_060471,0.9993383891143606,1,High Threat
IOT_DEV_077891,6.250549117352233e-05,0,Low Threat
IOT_DEV_014001,0.000149703625953356,0,Low Threat
IOT_DEV_058331,0.00011228043572421146,0,Low Threat
IOT_DEV_009250,0.0002832141446026554,0,Low Threat
IOT_DEV_033027,5.221121078305782e-05,0,Low Threat
IOT_DEV_021526,0.00013583294914874594,0,Low Threat
IOT_DEV_079413,0.0003006300104570623,0,Low Threat
IOT_DEV_053638,0.00019658080990825135,0,Low Threat
IOT_DEV_064225,0.00012110060460286279,0,Low Threat
IOT_DEV_059282,0.0003520547787057845,0,Low Threat
IOT_DEV_008261,0.0001515015799335176,0,Low Threat
IOT_DEV_056147,0.0002622887616610679,0,Low Threat
IOT_DEV_020939,0.0006958643155189517,0,Low Threat
IOT_DEV_056875,7.328400593022118e-05,0,Low Threat
IOT_DEV_006060,0.00036375996986353287,0,Low Threat
IOT_DEV_067993,0.00020349036989530505,0,Low Threat
IOT_DEV_015360,0.00011170218641776231,0,Low Threat
IOT_DEV_069309,0.00041684582677033036,0,Low Threat
IOT_DEV_028422,0.00015946178258121,0,Low Threat
IOT_DEV_023070,0.0002075656559724027,0,Low Threat
IOT_DEV_009198,0.00019609580424178978,0,Low Threat
IOT_DEV_039272,0.00017714655177123378,0,Low Threat
IOT_DEV_010707,0.00014312568364676322,0,Low Threat
IOT_DEV_032540,8.95889658365837e-05,0,Low Threat
IOT_DEV_002494,0.000330539059150692,0,Low Threat
IOT_DEV_072446,0.0001827833148299596,0,Low Threat
IOT_DEV_030878,0.00015632471390846864,0,Low Threat
IOT_DEV_076370,0.00022400051564924956,0,Low Threat
IOT_DEV_068036,0.0005345191309819578,0,Low Threat
IOT_DEV_064245,4.567105840441382e-05,0,Low Threat
IOT_DEV_060112,0.00018800178765254145,0,Low Threat
IOT_DEV_029030,0.0001435444764681002,0,Low Threat
IOT_DEV_021001,0.00011062481112609751,0,Low Threat
IOT_DEV_023201,5.0740993432656334e-05,0,Low Threat
IOT_DEV_067320,0.0001871637434474136,0,Low Threat
IOT_DEV_003293,8.761204221597075e-05,0,Low Threat
IOT_DEV_004412,9.844663579213752e-05,0,Low Threat
IOT_DEV_079717,8.285632553179855e-05,0,Low Threat
IOT_DEV_068281,0.0006124343302581812,0,Low Threat
IOT_DEV_037331,0.00010268825807322646,0,Low Threat
IOT_DEV_065273,8.035171899788439e-05,0,Low Threat
IOT_DEV_034900,0.0001301094423675232,0,Low Threat
IOT_DEV_034915,0.0002283959829235133,0,Low Threat
IOT_DEV_073267,5.811401489813903e-05,0,Low Threat
IOT_DEV_052299,0.00011817535537403013,0,Low Threat
IOT_DEV_054877,7.02185110317268e-05,0,Low Threat
IOT_DEV_031976,6.909168681601455e-05,0,Low Threat
IOT_DEV_040961,0.9999989351210807,1,High Threat
IOT_DEV_034050,0.00013052567648923934,0,Low Threat
IOT_DEV_049979,0.9694899474535857,1,High Threat
IOT_DEV_050245,8.295420234348568e-05,0,Low Threat
IOT_DEV_045708,0.0004950844562442685,0,Low Threat
IOT_DEV_056160,0.0005066608920330871,0,Low Threat
IOT_DEV_028557,0.00016619500135258938,0,Low Threat
IOT_DEV_014580,0.00010996302924072776,0,Low Threat
IOT_DEV_062619,0.000498069213420283,0,Low Threat
IOT_DEV_032758,5.371821433736214e-05,0,Low Threat
IOT_DEV_047655,0.00012066023572199445,0,Low Threat
IOT_DEV_042159,0.0003473071198712214,0,Low Threat
IOT_DEV_050087,0.00023241344234724458,0,Low Threat
IOT_DEV_051516,0.0001715436857170752,0,Low Threat
IOT_DEV_007252,0.0003986187889017262,0,Low Threat
IOT_DEV_043718,7.275130415272686e-05,0,Low Threat
IOT_DEV_072353,5.3108799630693285e-05,0,Low Threat
IOT_DEV_037871,8.683793337839514e-05,0,Low Threat
IOT_DEV_061768,0.000511499642956499,0,Low Threat
IOT_DEV_034039,0.0002096500495045452,0,Low Threat
IOT_DEV_024809,0.00013957170015282069,0,Low Threat
IOT_DEV_077869,4.15117499295653e-05,0,Low Threat
IOT_DEV_070803,0.00015239719452649165,0,Low Threat
IOT_DEV_010603,8.474310389168968e-05,0,Low Threat
IOT_DEV_021380,0.0001159186230066397,0,Low Threat
IOT_DEV_040991,0.00010210094822533364,0,Low Threat
IOT_DEV_032529,0.00012396752881620637,0,Low Threat
IOT_DEV_060427,8.417904609228393e-05,0,Low Threat
IOT_DEV_034796,0.00012056836050429962,0,Low Threat
IOT_DEV_067172,0.00027113656618739455,0,Low Threat
IOT_DEV_055106,0.0002193051659111013,0,Low Threat
IOT_DEV_022588,0.00014404554798789734,0,Low Threat
IOT_DEV_068058,0.000263055450488006,0,Low Threat
IOT_DEV_063761,0.0003409369268294659,0,Low Threat
IOT_DEV_075584,9.150470867100028e-05,0,Low Threat
IOT_DEV_037643,0.0001685002863608628,0,Low Threat
IOT_DEV_018961,0.00015373321885373133,0,Low Threat
IOT_DEV_059942,8.691052441859719e-05,0,Low Threat
IOT_DEV_000813,7.048420777848672e-05,0,Low Threat
IOT_DEV_064775,0.0001231080379085506,0,Low Threat
IOT_DEV_057465,6.43163715427637e-05,0,Low Threat
IOT_DEV_051635,0.000320930897934933,0,Low Threat
IOT_DEV_019502,0.00022950110324211167,0,Low Threat
IOT_DEV_071825,4.068772608855526e-05,0,Low Threat
IOT_DEV_054003,0.0001746137886522622,0,Low Threat
IOT_DEV_047209,0.00015603438429793453,0,Low Threat
IOT_DEV_075645,0.0002130016290528298,0,Low Threat
IOT_DEV_068638,0.00016414908286383528,0,Low Threat
IOT_DEV_055708,0.00016895349498737645,0,Low Threat
IOT_DEV_001425,0.00011853425668630787,0,Low Threat
IOT_DEV_023972,0.00040778144636967713,0,Low Threat
IOT_DEV_066542,0.00014142785541155662,0,Low Threat
IOT_DEV_041933,7.851031106708694e-05,0,Low Threat
IOT_DEV_053971,0.00033087201552745954,0,Low Threat
IOT_DEV_070828,0.00019408182865175363,0,Low Threat
IOT_DEV_027975,0.00029024918892193253,0,Low Threat
IOT_DEV_070196,0.00025503735137363825,0,Low Threat
IOT_DEV_031265,9.193721330069054e-05,0,Low Threat
IOT_DEV_032355,0.0001152488834852907,0,Low Threat
IOT_DEV_075678,0.00025558173738185843,0,Low Threat
IOT_DEV_021549,0.00019119502445263112,0,Low Threat
IOT_DEV_000129,0.00010206394930760204,0,Low Threat
IOT_DEV_048832,0.00012075038346835334,0,Low Threat
IOT_DEV_006343,0.00015095116788941572,0,Low Threat
IOT_DEV_006872,0.0001274955252672322,0,Low Threat
IOT_DEV_031512,0.00011565955659914486,0,Low Threat
IOT_DEV_058403,6.842914703830934e-05,0,Low Threat
IOT_DEV_070056,0.00036299291114215643,0,Low Threat
IOT_DEV_028024,0.0005689164824604923,0,Low Threat
IOT_DEV_032320,0.0004404410144593538,0,Low Threat
IOT_DEV_009091,0.0002863736625743872,0,Low Threat
IOT_DEV_078365,0.000691467331075013,0,Low Threat
IOT_DEV_007927,0.00018299272397090264,0,Low Threat
IOT_DEV_045685,0.00015808498352650962,0,Low Threat
IOT_DEV_023000,7.463226565188795e-05,0,Low Threat
IOT_DEV_002438,5.512640330253848e-05,0,Low Threat
IOT_DEV_015836,0.0001793161505734044,0,Low Threat
IOT_DEV_004564,0.0002393080318978356,0,Low Threat
IOT_DEV_026946,9.513112577159895e-05,0,Low Threat
IOT_DEV_073577,0.0003776222113439405,0,Low Threat
IOT_DEV_078757,0.9999897940327086,1,High Threat
IOT_DEV_015491,0.0001880406151106304,0,Low Threat
IOT_DEV_000690,0.0006130723430112705,0,Low Threat
IOT_DEV_076269,0.00020238922487335022,0,Low Threat
IOT_DEV_016276,0.9999961326494575,1,High Threat
IOT_DEV_030500,0.0001019796549180653,0,Low Threat
IOT_DEV_060877,0.00012828753601151223,0,Low Threat
IOT_DEV_022768,0.00037880126579547033,0,Low Threat
IOT_DEV_002728,9.14795404473794e-05,0,Low Threat
IOT_DEV_005301,0.00012229337605947107,0,Low Threat
IOT_DEV_067026,9.601180889015546e-05,0,Low Threat
IOT_DEV_031964,0.00020190998173370633,0,Low Threat
IOT_DEV_061125,0.00022700649317909349,0,Low Threat
IOT_DEV_021437,0.00019053781161066288,0,Low Threat
IOT_DEV_045308,0.0002867475741845141,0,Low Threat
IOT_DEV_067433,0.0006303897721439398,0,Low Threat
IOT_DEV_065850,0.00020427013354919681,0,Low Threat
IOT_DEV_011437,0.00015741718429869236,0,Low Threat
IOT_DEV_046011,9.192379780267343e-05,0,Low Threat
IOT_DEV_069163,0.9089039936645864,1,High Threat
IOT_DEV_052311,0.00021701122591693357,0,Low Threat
IOT_DEV_051692,0.00016140156188171177,0,Low Threat
IOT_DEV_039996,0.0001642490592727754,0,Low Threat
IOT_DEV_034663,0.00015931120727592056,0,Low Threat
IOT_DEV_003909,4.3006787616263185e-05,0,Low Threat
IOT_DEV_064895,0.00045945608181293047,0,Low Threat
IOT_DEV_034240,7.043211313679947e-05,0,Low Threat
IOT_DEV_007992,0.0004530093980455403,0,Low Threat
IOT_DEV_051874,0.00015804177168082185,0,Low Threat
IOT_DEV_073647,0.00018711120438940794,0,Low Threat
IOT_DEV_014459,0.00022922989574971492,0,Low Threat
IOT_DEV_024329,0.0004579950458414193,0,Low Threat
IOT_DEV_047165,7.742865523808278e-05,0,Low Threat
IOT_DEV_073424,0.00010360501362831107,0,Low Threat
IOT_DEV_010943,0.00017168240545725123,0,Low Threat
IOT_DEV_032596,9.227347904101514e-05,0,Low Threat
IOT_DEV_069684,4.836408815679401e-05,0,Low Threat
IOT_DEV_013132,0.00011768520018928486,0,Low Threat
IOT_DEV_026702,0.0005509248198895339,0,Low Threat
IOT_DEV_004736,9.286097772751489e-05,0,Low Threat
IOT_DEV_047191,0.00023140611509667858,0,Low Threat
IOT_DEV_008899,0.00019100380587618732,0,Low Threat
IOT_DEV_044970,0.0005542160472664009,0,Low Threat
IOT_DEV_070798,7.853848273115835e-05,0,Low Threat
IOT_DEV_010400,9.706879358489779e-06,0,Low Threat
IOT_DEV_072914,0.00017217230356553938,0,Low Threat
IOT_DEV_055157,2.2761472242757006e-05,0,Low Threat
IOT_DEV_033613,3.133738813607729e-05,0,Low Threat
IOT_DEV_033238,0.9999998092181901,1,High Threat
IOT_DEV_022035,0.00017103587090372245,0,Low Threat
IOT_DEV_046162,0.00020785641834609146,0,Low Threat
IOT_DEV_055029,0.00039447848921904367,0,Low Threat
IOT_DEV_060362,0.00013293762653205352,0,Low Threat
IOT_DEV_043111,0.00019805877002261978,0,Low Threat
IOT_DEV_013798,0.0011213466488617198,0,Low Threat
IOT_DEV_033630,0.0003382517765465991,0,Low Threat
IOT_DEV_050165,1.6807768168622174e-05,0,Low Threat
IOT_DEV_037790,0.00023681131153431627,0,Low Threat
IOT_DEV_040618,0.9998946439600769,1,High Threat
IOT_DEV_064009,0.0007581073271143518,0,Low Threat
IOT_DEV_022812,0.00020866234359250346,0,Low Threat
IOT_DEV_026381,2.706649733270104e-05,0,Low Threat
IOT_DEV_020739,0.0003493966291536364,0,Low Threat
IOT_DEV_063599,9.265082736682775e-05,0,Low Threat
IOT_DEV_022474,0.0006458276727997392,0,Low Threat
IOT_DEV_074868,9.003309073814997e-05,0,Low Threat
IOT_DEV_012960,0.00031305057902986496,0,Low Threat
IOT_DEV_070149,7.163182851113027e-05,0,Low Threat
IOT_DEV_079731,0.0002481590348557261,0,Low Threat
IOT_DEV_043734,0.0009752809595674318,0,Low Threat
IOT_DEV_076253,0.00017110948663452583,0,Low Threat
IOT_DEV_046801,0.0001273329649278965,0,Low Threat
IOT_DEV_009355,9.886159938692475e-05,0,Low Threat
IOT_DEV_040891,0.0002806980333086981,0,Low Threat
IOT_DEV_047988,0.00010134557887030201,0,Low Threat
IOT_DEV_007954,0.0003635197277329115,0,Low Threat
IOT_DEV_061810,6.894216676874884e-05,0,Low Threat
IOT_DEV_054409,0.00016152612483353695,0,Low Threat
IOT_DEV_073396,0.00020468208377890425,0,Low Threat
IOT_DEV_076837,8.79718724264982e-05,0,Low Threat
IOT_DEV_019237,0.00012536796445558504,0,Low Threat
IOT_DEV_028087,0.00028435810492548515,0,Low Threat
IOT_DEV_002543,0.0001665932933436094,0,Low Threat
IOT_DEV_012800,8.475552643651695e-05,0,Low Threat
IOT_DEV_036150,0.0001328351681526438,0,Low Threat
IOT_DEV_000505,0.0006095713847279476,0,Low Threat
IOT_DEV_023874,0.00017647121215549167,0,Low Threat
IOT_DEV_029208,0.0005025481566394589,0,Low Threat
IOT_DEV_075582,0.00010392763243965675,0,Low Threat
IOT_DEV_069343,0.00023487353594691472,0,Low Threat
IOT_DEV_063887,0.00012649039691834025,0,Low Threat
IOT_DEV_068602,0.0002019007626855148,0,Low Threat
IOT_DEV_050653,0.0002745866007634585,0,Low Threat
IOT_DEV_072181,0.0002434473384348043,0,Low Threat
IOT_DEV_075485,6.082954387382013e-05,0,Low Threat
IOT_DEV_020413,0.00017463213879846852,0,Low Threat
IOT_DEV_041796,0.0002653775868781368,0,Low Threat
IOT_DEV_037481,9.853043431768448e-05,0,Low Threat
IOT_DEV_047614,8.594455000801033e-05,0,Low Threat
IOT_DEV_026920,0.0001184320689674857,0,Low Threat
IOT_DEV_022080,3.093867133657618e-05,0,Low Threat
IOT_DEV_075620,9.40664268749227e-05,0,Low Threat
IOT_DEV_006731,0.00011276633167190061,0,Low Threat
IOT_DEV_017169,0.00029055248177571645,0,Low Threat
IOT_DEV_022267,0.0002831022008233673,0,Low Threat
IOT_DEV_037684,0.0005390747219237265,0,Low Threat
IOT_DEV_033399,7.865840390068474e-05,0,Low Threat
IOT_DEV_010183,0.00019810844801598128,0,Low Threat
IOT_DEV_031107,6.597612387591311e-05,0,Low Threat
IOT_DEV_072276,0.0003663781487930246,0,Low Threat
IOT_DEV_028800,0.00010529459379105793,0,Low Threat
IOT_DEV_068244,0.9999994716909706,1,High Threat
IOT_DEV_018555,0.00011095839465904876,0,Low Threat
IOT_DEV_034971,0.000398870689157987,0,Low Threat
IOT_DEV_023211,0.0005698882184011708,0,Low Threat
IOT_DEV_043504,0.00012060659983672484,0,Low Threat
IOT_DEV_002310,0.00012994806964923957,0,Low Threat
IOT_DEV_000932,0.00011276210492505896,0,Low Threat
IOT_DEV_066934,7.547579386804334e-05,0,Low Threat
IOT_DEV_050731,0.0002533392735265082,0,Low Threat
IOT_DEV_078016,0.9998300091567327,1,High Threat
IOT_DEV_021702,0.0001501966928101986,0,Low Threat
IOT_DEV_019663,5.975396994020981e-05,0,Low Threat
IOT_DEV_043844,0.000509364705436947,0,Low Threat
IOT_DEV_064719,0.00036117323067421693,0,Low Threat
IOT_DEV_061791,0.0003914858948548808,0,Low Threat
IOT_DEV_009204,0.0002868757848921551,0,Low Threat
IOT_DEV_040304,0.0002968281255172869,0,Low Threat
IOT_DEV_032755,0.9997200618072345,1,High Threat
IOT_DEV_003983,0.0002360717650254073,0,Low Threat
IOT_DEV_043237,0.00010525912731902524,0,Low Threat
IOT_DEV_048124,0.00013480410792069368,0,Low Threat
IOT_DEV_054683,0.0004948844155815602,0,Low Threat
IOT_DEV_064209,7.84074253628803e-05,0,Low Threat
IOT_DEV_021065,0.00024711467471797045,0,Low Threat
IOT_DEV_041276,3.834986576864634e-05,0,Low Threat
IOT_DEV_049420,0.000708580142759196,0,Low Threat
IOT_DEV_027515,6.649783928538136e-05,0,Low Threat
IOT_DEV_002114,0.0001639095846603517,0,Low Threat
IOT_DEV_074732,8.757141569786885e-05,0,Low Threat
IOT_DEV_041048,0.00010063927822388688,0,Low Threat
IOT_DEV_020945,0.9999999866276104,1,High Threat
IOT_DEV_006546,0.0002308717438204611,0,Low Threat
IOT_DEV_017724,0.00021194070826229423,0,Low Threat
IOT_DEV_043257,0.000148612263543813,0,Low Threat
IOT_DEV_059025,4.39586271875145e-05,0,Low Threat
IOT_DEV_016035,0.0007142867353564804,0,Low Threat
IOT_DEV_001182,0.00025364775117317376,0,Low Threat
IOT_DEV_048645,0.0001395370323432082,0,Low Threat
IOT_DEV_019990,0.00012850468676015877,0,Low Threat
IOT_DEV_002777,0.00033839868596436594,0,Low Threat
IOT_DEV_071841,0.0007270227118161551,0,Low Threat
IOT_DEV_036854,0.00010033182325695187,0,Low Threat
IOT_DEV_068237,4.584047930265175e-05,0,Low Threat
IOT_DEV_074730,0.00014676693581057746,0,Low Threat
IOT_DEV_003174,4.341835696299844e-05,0,Low Threat
IOT_DEV_061534,0.000259227772845801,0,Low Threat
IOT_DEV_023569,4.6601768430876754e-05,0,Low Threat
IOT_DEV_018567,0.00011572121167956445,0,Low Threat
IOT_DEV_006114,0.00015047986657564468,0,Low Threat
IOT_DEV_024442,7.267327670282919e-05,0,Low Threat
IOT_DEV_000278,8.939575240383138e-05,0,Low Threat
IOT_DEV_028011,0.0003422912042983668,0,Low Threat
IOT_DEV_075254,7.836662354138949e-05,0,Low Threat
IOT_DEV_073505,0.0002994467631020283,0,Low Threat
IOT_DEV_008093,0.00011965145382766422,0,Low Threat
IOT_DEV_000220,0.00011877992055325444,0,Low Threat
IOT_DEV_058662,4.6686675683507e-05,0,Low Threat
IOT_DEV_070479,0.00010438882736812637,0,Low Threat
IOT_DEV_016825,6.978103110519032e-05,0,Low Threat
IOT_DEV_007877,0.00035890689266915255,0,Low Threat
IOT_DEV_071906,0.00031666394244312366,0,Low Threat
IOT_DEV_041910,0.00027275306222022386,0,Low Threat
IOT_DEV_014512,0.00015155767387842395,0,Low Threat
IOT_DEV_033559,7.023817750624108e-05,0,Low Threat
IOT_DEV_024786,8.264841978025884e-05,0,Low Threat
IOT_DEV_041508,0.0002936303723110808,0,Low Threat
IOT_DEV_011825,0.00015474421377245444,0,Low Threat
IOT_DEV_053815,0.00042371409948944755,0,Low Threat
IOT_DEV_046920,5.9293950108221634e-05,0,Low Threat
IOT_DEV_059209,0.0004936499114358019,0,Low Threat
IOT_DEV_013696,5.2011497279602574e-05,0,Low Threat
IOT_DEV_071694,5.001813738455319e-05,0,Low Threat
IOT_DEV_052008,0.00015451892718946526,0,Low Threat
IOT_DEV_052549,3.088157999328003e-05,0,Low Threat
IOT_DEV_047251,0.0002582643976135924,0,Low Threat
IOT_DEV_026309,0.00010987814210459581,0,Low Threat
IOT_DEV_061003,0.00027664699525565406,0,Low Threat
IOT_DEV_044633,7.965354774601988e-05,0,Low Threat
IOT_DEV_024222,6.800340595156448e-05,0,Low Threat
IOT_DEV_072437,0.00012108635480589212,0,Low Threat
IOT_DEV_028125,0.0002739853088548402,0,Low Threat
IOT_DEV_024009,0.0002650742641757015,0,Low Threat
IOT_DEV_065509,0.0002437108743334641,0,Low Threat
IOT_DEV_002196,8.056971725171502e-05,0,Low Threat
IOT_DEV_017968,0.0006724862128746499,0,Low Threat
IOT_DEV_001466,0.00043735746288152806,0,Low Threat
IOT_DEV_043192,0.0006537100153891527,0,Low Threat
IOT_DEV_066122,0.0003162769352383104,0,Low Threat
IOT_DEV_064654,0.00032044726548657843,0,Low Threat
IOT_DEV_061653,0.00017882466280604424,0,Low Threat
IOT_DEV_048990,0.00030457501432197825,0,Low Threat
IOT_DEV_058511,7.880515765107143e-05,0,Low Threat
IOT_DEV_048178,0.0003113148125175269,0,Low Threat
IOT_DEV_033971,0.0002515442379690391,0,Low Threat
IOT_DEV_062194,0.0005862597203308532,0,Low Threat
IOT_DEV_078712,0.00010745821051943533,0,Low Threat
IOT_DEV_018821,0.00017792136826372734,0,Low Threat
IOT_DEV_074511,0.00016613772267692165,0,Low Threat
IOT_DEV_003027,0.00032994652676040414,0,Low Threat
IOT_DEV_029008,0.00032744110436958517,0,Low Threat
IOT_DEV_068315,0.00015790445308569686,0,Low Threat
IOT_DEV_047509,0.00033476329275809014,0,Low Threat
IOT_DEV_010006,7.654629713221286e-05,0,Low Threat
IOT_DEV_029820,0.9887356638955191,1,High Threat
IOT_DEV_060894,0.00012419311852006028,0,Low Threat
IOT_DEV_058378,0.00014389591340101309,0,Low Threat
IOT_DEV_007001,0.0002418081391939497,0,Low Threat
IOT_DEV_045139,0.9169289840659184,1,High Threat
IOT_DEV_050656,0.9991772109292698,1,High Threat
IOT_DEV_001439,0.00018228459424443784,0,Low Threat
IOT_DEV_050680,0.00029818732099949917,0,Low Threat
IOT_DEV_020697,0.00018622063034891064,0,Low Threat
IOT_DEV_078559,0.00038106839635081255,0,Low Threat
IOT_DEV_007145,0.00018914877440536455,0,Low Threat
IOT_DEV_021601,0.0001389287865151288,0,Low Threat
IOT_DEV_064878,0.00048395727475588035,0,Low Threat
IOT_DEV_069452,0.00016492837231891369,0,Low Threat
IOT_DEV_029499,0.00010444330900256373,0,Low Threat
IOT_DEV_030943,0.0002679173341747051,0,Low Threat
IOT_DEV_030778,0.00031743992336030687,0,Low Threat
IOT_DEV_062023,0.0001229954766009548,0,Low Threat
IOT_DEV_016383,0.0001703645714333905,0,Low Threat
IOT_DEV_050634,0.00029246977666685643,0,Low Threat
IOT_DEV_051184,6.948547567306625e-05,0,Low Threat
IOT_DEV_051939,0.00044606245259195393,0,Low Threat
IOT_DEV_043171,4.071252248005549e-05,0,Low Threat
IOT_DEV_000526,0.0001777680138809747,0,Low Threat
IOT_DEV_005668,0.00028689609733277137,0,Low Threat
IOT_DEV_017096,3.850923125882634e-05,0,Low Threat
IOT_DEV_075498,0.0002636498206392494,0,Low Threat
IOT_DEV_030759,0.0008619428288633478,0,Low Threat
IOT_DEV_032469,0.00022267393382814407,0,Low Threat
IOT_DEV_027924,0.0001692277713847718,0,Low Threat
IOT_DEV_045364,0.9999994690544792,1,High Threat
IOT_DEV_045673,0.00010887477953566523,0,Low Threat
IOT_DEV_058292,0.00030489572728097173,0,Low Threat
IOT_DEV_058874,0.00010090538058712133,0,Low Threat
IOT_DEV_023495,3.658689052225322e-05,0,Low Threat
IOT_DEV_050933,8.290426396261329e-05,0,Low Threat
IOT_DEV_077705,9.706538767172775e-05,0,Low Threat
IOT_DEV_040530,4.442295942902394e-05,0,Low Threat
IOT_DEV_076178,0.0005428950853744766,0,Low Threat
IOT_DEV_016870,0.00018383886481427165,0,Low Threat
IOT_DEV_007163,0.00014675169465166942,0,Low Threat
IOT_DEV_074847,0.0002217082265297413,0,Low Threat
IOT_DEV_045133,0.0001663748840712796,0,Low Threat
IOT_DEV_076685,0.00044156384632288386,0,Low Threat
IOT_DEV_013074,0.0001984179449281131,0,Low Threat
IOT_DEV_064122,8.534633390100386e-05,0,Low Threat
IOT_DEV_073162,0.0004046949709686963,0,Low Threat
IOT_DEV_064737,0.00024828927623167583,0,Low Threat
IOT_DEV_009805,0.00018537797911380346,0,Low Threat
IOT_DEV_054469,0.0006022644131579579,0,Low Threat
IOT_DEV_018959,5.5293578123009684e-05,0,Low Threat
IOT_DEV_079478,0.00021591851833006716,0,Low Threat
IOT_DEV_036102,0.00034673307364564926,0,Low Threat
IOT_DEV_074661,0.0017639518586760668,0,Low Threat
IOT_DEV_067069,0.0001355649556841611,0,Low Threat
IOT_DEV_046470,2.0404165184351443e-05,0,Low Threat
IOT_DEV_068085,0.00015119860273708392,0,Low Threat
IOT_DEV_074216,5.919018810294593e-05,0,Low Threat
IOT_DEV_062007,0.0003183552012473281,0,Low Threat
IOT_DEV_048692,0.00012495118565774473,0,Low Threat
IOT_DEV_016599,0.00045428179347681546,0,Low Threat
IOT_DEV_057641,0.001766758341687364,0,Low Threat
IOT_DEV_011472,4.330537886346311e-05,0,Low Threat
IOT_DEV_065065,0.0002315267948644789,0,Low Threat
IOT_DEV_035001,5.2473181253952904e-05,0,Low Threat
IOT_DEV_059867,0.00013323849418087175,0,Low Threat
IOT_DEV_053019,4.158837363603332e-05,0,Low Threat
IOT_DEV_035067,7.503399178114965e-05,0,Low Threat
IOT_DEV_051710,0.00012243671288223744,0,Low Threat
IOT_DEV_059368,0.00016288750836276374,0,Low Threat
IOT_DEV_039668,0.00010376143074692325,0,Low Threat
IOT_DEV_000903,0.00021795610072417596,0,Low Threat
IOT_DEV_054675,8.54343535791705e-05,0,Low Threat
IOT_DEV_001198,6.6941672000709e-05,0,Low Threat
IOT_DEV_017977,0.0004228933319603877,0,Low Threat
IOT_DEV_063498,0.00020825369377869987,0,Low Threat
IOT_DEV_030337,0.00018542555347540317,0,Low Threat
IOT_DEV_067295,0.0006487049416505171,0,Low Threat
IOT_DEV_016438,0.00036155829021284355,0,Low Threat
IOT_DEV_074811,0.00010428122933461639,0,Low Threat
IOT_DEV_023208,0.0002570900988386939,0,Low Threat
IOT_DEV_020980,7.00311718525798e-05,0,Low Threat
IOT_DEV_033721,0.0001703873116759488,0,Low Threat
IOT_DEV_076503,9.520417500148495e-05,0,Low Threat
IOT_DEV_063890,6.398752427752745e-05,0,Low Threat
IOT_DEV_039642,7.596761756560914e-05,0,Low Threat
IOT_DEV_001669,0.0002915301753677317,0,Low Threat
IOT_DEV_040299,0.00022574404530275485,0,Low Threat
IOT_DEV_070638,0.9999997576978042,1,High Threat
IOT_DEV_050954,7.596353652787247e-05,0,Low Threat
IOT_DEV_040594,0.00013852131742424312,0,Low Threat
IOT_DEV_017961,0.000324101852222771,0,Low Threat
IOT_DEV_013010,0.00018270344373971705,0,Low Threat
IOT_DEV_067800,0.00014906932576262653,0,Low Threat
IOT_DEV_061164,0.00017961693682115218,0,Low Threat
IOT_DEV_023194,0.0001030736573796733,0,Low Threat
IOT_DEV_015348,0.00016243684498390033,0,Low Threat
IOT_DEV_063415,0.00024233118562006024,0,Low Threat
IOT_DEV_076833,9.424396790226655e-05,0,Low Threat
IOT_DEV_005785,7.503760583706272e-05,0,Low Threat
IOT_DEV_044419,0.00027341176871645387,0,Low Threat
IOT_DEV_068449,0.0004249106503059815,0,Low Threat
IOT_DEV_011307,0.00020126923843887695,0,Low Threat
IOT_DEV_020929,0.0006369863429628348,0,Low Threat
IOT_DEV_060755,0.00017222101882430354,0,Low Threat
IOT_DEV_065203,0.0001320483931773743,0,Low Threat
IOT_DEV_060137,0.00044486938321252337,0,Low Threat
IOT_DEV_015114,0.0001399297745541481,0,Low Threat
IOT_DEV_019142,0.00035322966198973044,0,Low Threat
IOT_DEV_058530,6.90040468965552e-05,0,Low Threat
IOT_DEV_072633,0.00026463536176982546,0,Low Threat
IOT_DEV_053886,0.00020254887454286807,0,Low Threat
IOT_DEV_019309,3.886392949921346e-05,0,Low Threat
IOT_DEV_002630,6.352080396275145e-05,0,Low Threat
IOT_DEV_007559,5.679905916433111e-05,0,Low Threat
IOT_DEV_040243,0.0007292167467215804,0,Low Threat
IOT_DEV_031403,0.00014113118443360341,0,Low Threat
IOT_DEV_063155,0.0001487769048911797,0,Low Threat
IOT_DEV_078134,0.0002283897994864202,0,Low Threat
IOT_DEV_017536,0.0008889947210912009,0,Low Threat
IOT_DEV_077379,0.000632232656242258,0,Low Threat
IOT_DEV_059049,0.00017032395208310848,0,Low Threat
IOT_DEV_023828,0.00021962121218144207,0,Low Threat
IOT_DEV_045220,0.00016971935247698025,0,Low Threat
IOT_DEV_012552,0.00020929618538700345,0,Low Threat
IOT_DEV_058717,0.0009104314249865303,0,Low Threat
IOT_DEV_014814,0.00029436001654609486,0,Low Threat
IOT_DEV_050204,0.00015903059656691002,0,Low Threat
IOT_DEV_027105,0.000346913448925533,0,Low Threat
IOT_DEV_063161,0.00015339681114934456,0,Low Threat
IOT_DEV_043711,0.0001292259786283638,0,Low Threat
IOT_DEV_023627,8.523186704801932e-05,0,Low Threat
IOT_DEV_048133,0.00021576918483916414,0,Low Threat
IOT_DEV_073348,0.00028867100329098185,0,Low Threat
IOT_DEV_016436,4.789364650745871e-05,0,Low Threat
IOT_DEV_061160,0.00028949803883993904,0,Low Threat
IOT_DEV_033699,0.00010775646366175789,0,Low Threat
IOT_DEV_019738,0.9992424984330847,1,High Threat
IOT_DEV_009170,5.6289811404817884e-05,0,Low Threat
IOT_DEV_058786,0.0004153890010316684,0,Low Threat
IOT_DEV_025916,0.00011380381304124878,0,Low Threat
IOT_DEV_021420,0.0002473065393238498,0,Low Threat
IOT_DEV_030706,5.413250555888689e-05,0,Low Threat
IOT_DEV_073971,0.0003082308942846219,0,Low Threat
IOT_DEV_031624,0.000309590769765918,0,Low Threat
IOT_DEV_046778,3.0597528823472424e-05,0,Low Threat
IOT_DEV_016101,0.00024627475228411726,0,Low Threat
IOT_DEV_013438,8.25809263951639e-05,0,Low Threat
IOT_DEV_061262,0.0005287143892784648,0,Low Threat
IOT_DEV_025142,5.2873489802129547e-05,0,Low Threat
IOT_DEV_068659,0.00018783772627554456,0,Low Threat
IOT_DEV_051443,0.000262368884464779,0,Low Threat
IOT_DEV_061926,0.00015905917892030373,0,Low Threat
IOT_DEV_015193,0.00014504903455904512,0,Low Threat
IOT_DEV_037182,0.00017186251610610547,0,Low Threat
IOT_DEV_049966,7.540467447207767e-05,0,Low Threat
IOT_DEV_075806,0.00047164151807425496,0,Low Threat
IOT_DEV_066520,0.00015165420826902465,0,Low Threat
IOT_DEV_013283,0.00013767073199824937,0,Low Threat
IOT_DEV_066116,0.0002729478799536155,0,Low Threat
IOT_DEV_068405,0.9999983525945538,1,High Threat
IOT_DEV_055387,0.0004884505201917459,0,Low Threat
IOT_DEV_050724,0.0007638263308954865,0,Low Threat
IOT_DEV_047676,3.917922656321082e-05,0,Low Threat
IOT_DEV_075364,0.9979292192905829,1,High Threat
IOT_DEV_025087,0.00024042067324542082,0,Low Threat
IOT_DEV_071165,0.00011034606061447002,0,Low Threat
IOT_DEV_040108,0.0005217178812756055,0,Low Threat
IOT_DEV_052034,0.00011564481088086958,0,Low Threat
IOT_DEV_044300,6.506074172644726e-05,0,Low Threat
IOT_DEV_039899,0.0003478398381809928,0,Low Threat
IOT_DEV_036812,3.4752083645716576e-05,0,Low Threat
IOT_DEV_017563,4.8315185773600944e-05,0,Low Threat
IOT_DEV_023210,0.00025820455377410323,0,Low Threat
IOT_DEV_016523,9.015219624890053e-05,0,Low Threat
IOT_DEV_070419,0.00010179913572473023,0,Low Threat
IOT_DEV_044710,0.00011358690883000095,0,Low Threat
IOT_DEV_054580,0.00011725967213376279,0,Low Threat
IOT_DEV_016530,0.000503038682740867,0,Low Threat
IOT_DEV_031480,0.00035216150967413626,0,Low Threat
IOT_DEV_032284,8.809449557885752e-05,0,Low Threat
IOT_DEV_073773,0.9929010076871932,1,High Threat
IOT_DEV_074201,0.0001968094607577725,0,Low Threat
IOT_DEV_017743,9.449200981077974e-05,0,Low Threat
IOT_DEV_073635,0.00013149729708316295,0,Low Threat
IOT_DEV_046938,0.00020631443500639324,0,Low Threat
IOT_DEV_026883,0.00024678072491175556,0,Low Threat
IOT_DEV_021477,0.00010364678219914969,0,Low Threat
IOT_DEV_030451,3.0272944968281485e-05,0,Low Threat
IOT_DEV_009058,0.0005088947927821086,0,Low Threat
IOT_DEV_037725,4.553854807517374e-05,0,Low Threat
IOT_DEV_044807,0.00010121028385623611,0,Low Threat
IOT_DEV_075469,8.88377232869845e-05,0,Low Threat
IOT_DEV_002495,0.00021420164914910948,0,Low Threat
IOT_DEV_065898,0.0003497349857533767,0,Low Threat
IOT_DEV_037742,0.0005249504100123022,0,Low Threat
IOT_DEV_015968,0.00027998531203705587,0,Low Threat
IOT_DEV_003619,4.893446617502078e-05,0,Low Threat
IOT_DEV_020475,0.00015606348367153207,0,Low Threat
IOT_DEV_079730,7.391801427536872e-05,0,Low Threat
IOT_DEV_040580,0.00016788323195550265,0,Low Threat
IOT_DEV_012623,0.0002946756163600965,0,Low Threat
IOT_DEV_051272,0.00021723560717919573,0,Low Threat
IOT_DEV_049792,0.0002449079802896555,0,Low Threat
IOT_DEV_000458,0.00010138810938927148,0,Low Threat
IOT_DEV_062422,0.00011371442651417367,0,Low Threat
IOT_DEV_078584,0.9999437723235598,1,High Threat
IOT_DEV_072595,0.0001459752625160375,0,Low Threat
IOT_DEV_020687,0.00031693431919311286,0,Low Threat
IOT_DEV_032187,0.00041599504159802895,0,Low Threat
IOT_DEV_019562,0.0003417142392705661,0,Low Threat
IOT_DEV_015466,0.00016259739104671644,0,Low Threat
IOT_DEV_039925,0.0001819472812432594,0,Low Threat
IOT_DEV_078239,0.0001324221256280022,0,Low Threat
IOT_DEV_071315,0.00010760248753679913,0,Low Threat
IOT_DEV_040764,0.00021077237870891372,0,Low Threat
IOT_DEV_004516,0.00014213439242819539,0,Low Threat
IOT_DEV_018344,0.0004816237080991615,0,Low Threat
IOT_DEV_028347,0.0003087259424788638,0,Low Threat
IOT_DEV_066933,0.00019428519473153457,0,Low Threat
IOT_DEV_040860,0.00020023223800105035,0,Low Threat
IOT_DEV_078998,0.00032390717980882464,0,Low Threat
IOT_DEV_061504,3.862324670219954e-05,0,Low Threat
IOT_DEV_019977,4.620295898362282e-05,0,Low Threat
IOT_DEV_035744,0.00022011903786528202,0,Low Threat
IOT_DEV_055397,0.00020686489625627673,0,Low Threat
IOT_DEV_013423,0.0003648425366130125,0,Low Threat
IOT_DEV_037934,3.038093454637713e-05,0,Low Threat
IOT_DEV_003028,0.00029029519835537627,0,Low Threat
IOT_DEV_056286,4.1221627760285585e-05,0,Low Threat
IOT_DEV_075905,0.0002994895024475403,0,Low Threat
IOT_DEV_041587,0.0006227396392043434,0,Low Threat
IOT_DEV_026268,0.00011932751155067446,0,Low Threat
IOT_DEV_015979,6.084592915774023e-05,0,Low Threat
IOT_DEV_027403,0.0003923665467175292,0,Low Threat
IOT_DEV_020053,0.00020224126098425583,0,Low Threat
IOT_DEV_065888,8.814328251420731e-05,0,Low Threat
IOT_DEV_067618,0.0004923027065832777,0,Low Threat
IOT_DEV_025585,0.0008043740422302788,0,Low Threat
IOT_DEV_051171,0.000500128367490874,0,Low Threat
IOT_DEV_009827,0.00011502517388260855,0,Low Threat
IOT_DEV_033177,0.00010037586653439166,0,Low Threat
IOT_DEV_031554,0.00026627017716632543,0,Low Threat
IOT_DEV_078878,0.00014482883591909718,0,Low Threat
IOT_DEV_010455,9.148048959091524e-05,0,Low Threat
IOT_DEV_041791,0.00034375497084240515,0,Low Threat
IOT_DEV_071149,0.00016188987509584344,0,Low Threat
IOT_DEV_074030,0.0006683031155043592,0,Low Threat
IOT_DEV_024883,0.001588072839674956,0,Low Threat
IOT_DEV_038392,0.0004023384417043519,0,Low Threat
IOT_DEV_010366,0.00013634256254756362,0,Low Threat
IOT_DEV_027508,0.00011554188303476302,0,Low Threat
IOT_DEV_032739,0.00014198461061585568,0,Low Threat
IOT_DEV_010721,0.00036258924767692993,0,Low Threat
IOT_DEV_010913,0.00021132399798761873,0,Low Threat
IOT_DEV_074093,8.708077335602086e-05,0,Low Threat
IOT_DEV_066959,0.00027644269446404574,0,Low Threat
IOT_DEV_050381,4.728992285916427e-05,0,Low Threat
IOT_DEV_039321,0.00011748904707752788,0,Low Threat
IOT_DEV_015443,0.00010777825981801019,0,Low Threat
IOT_DEV_044424,2.707222595125406e-05,0,Low Threat
IOT_DEV_055248,0.00010028580624239472,0,Low Threat
IOT_DEV_064813,0.00044591736228941407,0,Low Threat
IOT_DEV_072721,0.0010268627652897742,0,Low Threat
IOT_DEV_064046,7.325452053929674e-05,0,Low Threat
IOT_DEV_065027,0.00010888340576677583,0,Low Threat
IOT_DEV_053760,0.00019237473572070816,0,Low Threat
IOT_DEV_040960,9.901952783290879e-05,0,Low Threat
IOT_DEV_076400,7.380036106063037e-05,0,Low Threat
IOT_DEV_050037,0.000133977340952948,0,Low Threat
IOT_DEV_048803,0.00017429053964673462,0,Low Threat
IOT_DEV_071983,0.00021534634416665898,0,Low Threat
IOT_DEV_043381,0.0004648611850815592,0,Low Threat
IOT_DEV_078366,5.502243937501242e-05,0,Low Threat
IOT_DEV_042784,4.154402895040249e-05,0,Low Threat
IOT_DEV_028277,0.0001863071951187562,0,Low Threat
IOT_DEV_076199,6.450336551245392e-05,0,Low Threat
IOT_DEV_063867,0.0008842247685687182,0,Low Threat
IOT_DEV_050892,0.0010261965169479175,0,Low Threat
IOT_DEV_012244,0.00014443742298573747,0,Low Threat
IOT_DEV_014711,0.00035481965164538775,0,Low Threat
IOT_DEV_006484,4.6696383774644125e-05,0,Low Threat
IOT_DEV_011874,0.00027028399926330216,0,Low Threat
IOT_DEV_079965,2.526602370642232e-05,0,Low Threat
IOT_DEV_038785,0.00010307076938918161,0,Low Threat
IOT_DEV_039641,0.0001302473147439681,0,Low Threat
IOT_DEV_012126,0.00012722876702088887,0,Low Threat
IOT_DEV_046691,5.898879662812166e-05,0,Low Threat
IOT_DEV_017827,7.576539718395858e-05,0,Low Threat
IOT_DEV_018537,0.00024285570707566965,0,Low Threat
IOT_DEV_044269,0.00013457239348288328,0,Low Threat
IOT_DEV_019724,0.000499516773380176,0,Low Threat
IOT_DEV_034892,5.679662358015829e-05,0,Low Threat
IOT_DEV_052188,0.00012593851055162772,0,Low Threat
IOT_DEV_051532,0.00010566180610915969,0,Low Threat
IOT_DEV_077648,0.00032970966019395774,0,Low Threat
IOT_DEV_014044,0.0002634434143205925,0,Low Threat
IOT_DEV_075238,0.00016955373792404435,0,Low Threat
IOT_DEV_044044,0.00028381962163395545,0,Low Threat
IOT_DEV_071642,6.445376301848807e-05,0,Low Threat
IOT_DEV_059521,0.00012598369204020165,0,Low Threat
IOT_DEV_012715,0.0002181978928194894,0,Low Threat
IOT_DEV_064784,0.0004282987981402284,0,Low Threat
IOT_DEV_008406,0.0006323249223301476,0,Low Threat
IOT_DEV_022462,9.098738236439756e-05,0,Low Threat
IOT_DEV_072309,0.0002441522240803471,0,Low Threat
IOT_DEV_047737,0.00025630142098916807,0,Low Threat
IOT_DEV_008914,9.750086060657111e-05,0,Low Threat
IOT_DEV_021795,5.282588008740876e-05,0,Low Threat
IOT_DEV_079402,0.00017971994426132202,0,Low Threat
IOT_DEV_037151,0.0001535456312903139,0,Low Threat
IOT_DEV_018325,0.000314144179784323,0,Low Threat
IOT_DEV_061343,7.873435710112273e-05,0,Low Threat
IOT_DEV_061625,0.00024336749700150416,0,Low Threat
IOT_DEV_043082,0.0002732363585882383,0,Low Threat
IOT_DEV_029107,0.0002483050333232492,0,Low Threat
IOT_DEV_073854,0.00013218638290703804,0,Low Threat
IOT_DEV_044686,0.00014711538840978688,0,Low Threat
IOT_DEV_049336,7.601031537585874e-05,0,Low Threat
IOT_DEV_065315,0.00011384315471836311,0,Low Threat
IOT_DEV_057289,4.265833396552218e-05,0,Low Threat
IOT_DEV_009235,0.00010538417487228447,0,Low Threat
IOT_DEV_017010,0.9999426846674944,1,High Threat
IOT_DEV_049637,0.00010098028258741863,0,Low Threat
IOT_DEV_067823,0.0002652039432739126,0,Low Threat
IOT_DEV_072043,7.731481998279908e-05,0,Low Threat
IOT_DEV_017357,0.00016397025712851796,0,Low Threat
IOT_DEV_050283,0.00017588652144605353,0,Low Threat
IOT_DEV_021927,0.00023806679690946048,0,Low Threat
IOT_DEV_077856,0.0001937689853573541,0,Low Threat
IOT_DEV_001813,0.00036068445551992235,0,Low Threat
IOT_DEV_046192,0.00010201936287159884,0,Low Threat
IOT_DEV_009024,0.00010687943325341079,0,Low Threat
IOT_DEV_047442,0.000167330292104409,0,Low Threat
IOT_DEV_006499,0.0002378280414228145,0,Low Threat
IOT_DEV_035462,0.000236545916414823,0,Low Threat
IOT_DEV_070364,0.0002744650545117414,0,Low Threat
IOT_DEV_005331,0.0003025043853641961,0,Low Threat
IOT_DEV_048531,0.0001926911344534837,0,Low Threat
IOT_DEV_046193,0.00015278105929389675,0,Low Threat
IOT_DEV_018630,0.00016373065707515544,0,Low Threat
IOT_DEV_017296,0.000482440695011941,0,Low Threat
IOT_DEV_003002,0.0001155278791836686,0,Low Threat
IOT_DEV_067783,0.00011257587302417318,0,Low Threat
IOT_DEV_028920,0.0003195332628875456,0,Low Threat
IOT_DEV_063745,0.00042753189663956206,0,Low Threat
IOT_DEV_012036,0.0002994566489724095,0,Low Threat
IOT_DEV_005883,0.00015933486890484593,0,Low Threat
IOT_DEV_012519,0.0002685815840653448,0,Low Threat
IOT_DEV_033556,0.0002565570988253575,0,Low Threat
IOT_DEV_036375,0.00017381773647651757,0,Low Threat
IOT_DEV_001082,7.716617646545671e-05,0,Low Threat
IOT_DEV_023786,2.1003107044832456e-05,0,Low Threat
IOT_DEV_018915,5.469607902743976e-05,0,Low Threat
IOT_DEV_007706,8.508085441926752e-05,0,Low Threat
IOT_DEV_017658,0.00017325364831207774,0,Low Threat
IOT_DEV_019177,0.00015546858162611876,0,Low Threat
IOT_DEV_026913,0.00020786487237354868,0,Low Threat
IOT_DEV_078798,0.0002547167293911107,0,Low Threat
IOT_DEV_029490,9.69911880487877e-05,0,Low Threat
IOT_DEV_073249,0.00015305829769637013,0,Low Threat
IOT_DEV_021273,9.326719307514009e-05,0,Low Threat
IOT_DEV_002639,0.00013791298021843657,0,Low Threat
IOT_DEV_003118,0.00012729962315415977,0,Low Threat
IOT_DEV_041085,8.671595038528924e-05,0,Low Threat
IOT_DEV_055529,0.00020444615652173505,0,Low Threat
IOT_DEV_067248,0.0001137499860611295,0,Low Threat
IOT_DEV_021982,0.00029607154727106366,0,Low Threat
IOT_DEV_071085,0.000285786755673334,0,Low Threat
IOT_DEV_061687,0.00017845605709112655,0,Low Threat
IOT_DEV_067609,0.0003495412012403109,0,Low Threat
IOT_DEV_044497,7.237442607503007e-05,0,Low Threat
IOT_DEV_073750,0.0003090453993232918,0,Low Threat
IOT_DEV_071354,0.0003246121482091707,0,Low Threat
IOT_DEV_032620,9.547254571751433e-05,0,Low Threat
IOT_DEV_057984,0.00034441500833559994,0,Low Threat
IOT_DEV_027304,6.061222930225216e-05,0,Low Threat
IOT_DEV_013442,3.406162480170117e-05,0,Low Threat
IOT_DEV_033481,0.0001811113559418311,0,Low Threat
IOT_DEV_003887,0.00037242757725067976,0,Low Threat
IOT_DEV_071789,8.185287195916072e-05,0,Low Threat
IOT_DEV_048873,0.00012830178688543324,0,Low Threat
IOT_DEV_037025,0.00011450987710369929,0,Low Threat
IOT_DEV_021101,0.00024875900530979794,0,Low Threat
IOT_DEV_056601,0.00021361245164880447,0,Low Threat
IOT_DEV_067135,0.00022204501189695128,0,Low Threat
IOT_DEV_077419,8.496889708326218e-05,0,Low Threat
IOT_DEV_009386,0.00010210193184811484,0,Low Threat
IOT_DEV_056970,0.0002045644075605175,0,Low Threat
IOT_DEV_036421,0.0007284626511119995,0,Low Threat
IOT_DEV_067353,0.00014325516787363276,0,Low Threat
IOT_DEV_003336,8.145041357768946e-05,0,Low Threat
IOT_DEV_066643,0.00010089871562677242,0,Low Threat
IOT_DEV_043512,5.381927799138372e-05,0,Low Threat
IOT_DEV_025215,0.00034333108066605115,0,Low Threat
IOT_DEV_056342,0.00012942971821642673,0,Low Threat
IOT_DEV_079344,6.705924362727104e-05,0,Low Threat
IOT_DEV_065355,0.0003449576253986488,0,Low Threat
IOT_DEV_045197,0.0006148505767571903,0,Low Threat
IOT_DEV_059528,0.00033334269569201103,0,Low Threat
IOT_DEV_005776,0.0002495896503398701,0,Low Threat
IOT_DEV_028316,0.0004938750571853569,0,Low Threat
IOT_DEV_027179,0.0001835040491063939,0,Low Threat
IOT_DEV_033935,5.614684368252434e-05,0,Low Threat
IOT_DEV_050002,9.696253062798885e-05,0,Low Threat
IOT_DEV_044341,0.0003902967861178547,0,Low Threat
IOT_DEV_010814,0.0002491263908111785,0,Low Threat
IOT_DEV_030182,0.0004999439789772596,0,Low Threat
IOT_DEV_041567,0.00026400573751942795,0,Low Threat
IOT_DEV_058963,9.862367436615e-05,0,Low Threat
IOT_DEV_058093,0.00033852775315274046,0,Low Threat
IOT_DEV_015870,0.00011986021560300566,0,Low Threat
IOT_DEV_026413,0.0002137985997028708,0,Low Threat
IOT_DEV_029267,0.998775383451959,1,High Threat
IOT_DEV_050467,0.00039539455926890525,0,Low Threat
IOT_DEV_049720,6.343507691133501e-05,0,Low Threat
IOT_DEV_062028,0.0003109372935727436,0,Low Threat
IOT_DEV_078384,0.0005447422372499785,0,Low Threat
IOT_DEV_026054,0.00010915465505358576,0,Low Threat
IOT_DEV_017555,0.00032637275345960527,0,Low Threat
IOT_DEV_049189,0.00011284616223189637,0,Low Threat
IOT_DEV_078043,0.00012565341536987842,0,Low Threat
IOT_DEV_077986,0.0001452682762323805,0,Low Threat
IOT_DEV_068425,0.0002755674556564973,0,Low Threat
IOT_DEV_076249,6.373650910519833e-05,0,Low Threat
IOT_DEV_027444,0.0006018254435617291,0,Low Threat
IOT_DEV_064786,0.9866172383477251,1,High Threat
IOT_DEV_063390,0.00025161094127117595,0,Low Threat
IOT_DEV_073704,7.949172414812287e-05,0,Low Threat
IOT_DEV_043705,0.0001817318543535528,0,Low Threat
IOT_DEV_020155,0.0001046573753751647,0,Low Threat
IOT_DEV_076634,0.00028849185092087894,0,Low Threat
IOT_DEV_065607,0.0002771101960308295,0,Low Threat
IOT_DEV_038626,9.435894558164747e-05,0,Low Threat
IOT_DEV_010736,0.00010753878598917925,0,Low Threat
IOT_DEV_001671,8.193983752774367e-05,0,Low Threat
IOT_DEV_071061,8.910858586778755e-05,0,Low Threat
IOT_DEV_058322,0.00026743084951444586,0,Low Threat
IOT_DEV_004266,0.000118599302078416,0,Low Threat
IOT_DEV_071141,7.395497688924463e-05,0,Low Threat
IOT_DEV_009698,0.00026476345500450987,0,Low Threat
IOT_DEV_048241,4.442208867252117e-05,0,Low Threat
IOT_DEV_019932,0.00028632621067415656,0,Low Threat
IOT_DEV_071343,0.0006172780710082077,0,Low Threat
IOT_DEV_015603,8.384717689943938e-05,0,Low Threat
IOT_DEV_057615,0.00024359328254475147,0,Low Threat
IOT_DEV_076038,0.000269749722609739,0,Low Threat
IOT_DEV_018876,7.084344265420226e-05,0,Low Threat
IOT_DEV_014949,6.86646765014176e-05,0,Low Threat
IOT_DEV_039660,0.00019339935575723335,0,Low Threat
IOT_DEV_036195,7.463711674650494e-05,0,Low Threat
IOT_DEV_005873,0.0005446525922357529,0,Low Threat
IOT_DEV_015888,5.903866759971518e-05,0,Low Threat
IOT_DEV_025807,8.310028931729142e-05,0,Low Threat
IOT_DEV_019332,8.837557552748448e-05,0,Low Threat
IOT_DEV_056898,0.0002813658548098007,0,Low Threat
IOT_DEV_021505,0.0002034140284777243,0,Low Threat
IOT_DEV_031921,0.0002562476440103277,0,Low Threat
IOT_DEV_023492,4.509598917669018e-05,0,Low Threat
IOT_DEV_036746,6.880073097848168e-05,0,Low Threat
IOT_DEV_047295,8.948403716893638e-05,0,Low Threat
IOT_DEV_024934,5.753299300355125e-05,0,Low Threat
IOT_DEV_047626,0.00010929668276975849,0,Low Threat
IOT_DEV_005740,7.431099392620277e-05,0,Low Threat
IOT_DEV_057431,0.00017360404426712542,0,Low Threat
IOT_DEV_039429,0.0001029038305387819,0,Low Threat
IOT_DEV_046893,9.613338772002027e-05,0,Low Threat
IOT_DEV_059877,8.70488278673355e-05,0,Low Threat
IOT_DEV_006693,0.001787303361089325,0,Low Threat
IOT_DEV_073599,8.651784917652536e-05,0,Low Threat
IOT_DEV_006725,0.0003279996020145353,0,Low Threat
IOT_DEV_013758,0.00040456266956479377,0,Low Threat
IOT_DEV_072619,8.448315582575768e-05,0,Low Threat
IOT_DEV_018505,8.128766994069173e-05,0,Low Threat
IOT_DEV_072742,0.0003472009344501544,0,Low Threat
IOT_DEV_057055,0.0003477141732710033,0,Low Threat
IOT_DEV_049921,0.00010408344873746682,0,Low Threat
IOT_DEV_074599,5.546515240749595e-05,0,Low Threat
IOT_DEV_057540,0.00015760754075746955,0,Low Threat
IOT_DEV_051775,0.0005218211010839396,0,Low Threat
IOT_DEV_027698,5.061968631467888e-05,0,Low Threat
IOT_DEV_017327,0.0003570093719801987,0,Low Threat
IOT_DEV_020941,4.595404747284288e-05,0,Low Threat
IOT_DEV_036238,0.00017750329634989633,0,Low Threat
IOT_DEV_013869,0.0005732118088119249,0,Low Threat
IOT_DEV_071002,0.0004599608589649961,0,Low Threat
IOT_DEV_058983,8.206963290532159e-05,0,Low Threat
IOT_DEV_048098,0.00023993151632573475,0,Low Threat
IOT_DEV_036553,0.0006653854248684529,0,Low Threat
IOT_DEV_022787,0.00035256306422655123,0,Low Threat
IOT_DEV_063897,0.0010808447506900547,0,Low Threat
IOT_DEV_032761,0.00022740400888055578,0,Low Threat
IOT_DEV_013843,9.057747041743717e-05,0,Low Threat
IOT_DEV_060836,6.753570266394295e-05,0,Low Threat
IOT_DEV_075712,9.626872056074241e-05,0,Low Threat
IOT_DEV_016760,6.971347049389225e-05,0,Low Threat
IOT_DEV_041141,0.0002476403500808857,0,Low Threat
IOT_DEV_012054,0.00011615530814505263,0,Low Threat
IOT_DEV_008689,0.00021680650224966219,0,Low Threat
IOT_DEV_056805,0.00011385620389293204,0,Low Threat
IOT_DEV_002881,4.567983147787308e-05,0,Low Threat
IOT_DEV_016403,0.00012392347731256045,0,Low Threat
IOT_DEV_020950,6.611479394626353e-05,0,Low Threat
IOT_DEV_053508,0.0001597095671660234,0,Low Threat
IOT_DEV_051514,0.9999988928578573,1,High Threat
IOT_DEV_061670,0.00029898180078643204,0,Low Threat
IOT_DEV_019497,0.00012507801644539478,0,Low Threat
IOT_DEV_059312,0.00041384449364368774,0,Low Threat
IOT_DEV_026772,0.0012902106338813714,0,Low Threat
IOT_DEV_011667,0.000504158233496268,0,Low Threat
IOT_DEV_044559,8.871996537178089e-05,0,Low Threat
IOT_DEV_029139,0.0008049836123704508,0,Low Threat
IOT_DEV_077131,0.0002416673053366862,0,Low Threat
IOT_DEV_017129,6.798524944724615e-05,0,Low Threat
IOT_DEV_013469,8.904396349253651e-05,0,Low Threat
IOT_DEV_017135,0.00010327411445209217,0,Low Threat
IOT_DEV_054414,0.0001651477965455402,0,Low Threat
IOT_DEV_037624,0.000366809083643907,0,Low Threat
IOT_DEV_075080,0.00021346964785311256,0,Low Threat
IOT_DEV_002783,0.0002783862436882752,0,Low Threat
IOT_DEV_060984,0.0002009774598602754,0,Low Threat
IOT_DEV_034012,0.00019239761205785855,0,Low Threat
IOT_DEV_008627,0.0001407556256697482,0,Low Threat
IOT_DEV_027068,0.0005993203041798125,0,Low Threat
IOT_DEV_053937,0.0003142602244750908,0,Low Threat
IOT_DEV_031550,0.0008897246702999289,0,Low Threat
IOT_DEV_032902,0.00012533716412747067,0,Low Threat
IOT_DEV_055147,0.00012576674631079772,0,Low Threat
IOT_DEV_072121,5.4865997379977514e-05,0,Low Threat
IOT_DEV_008751,0.964915767046751,1,High Threat
IOT_DEV_037659,0.00010689900892638408,0,Low Threat
IOT_DEV_073877,0.0007764174605955634,0,Low Threat
IOT_DEV_045835,0.0002284098327216888,0,Low Threat
IOT_DEV_015558,0.000633249547766825,0,Low Threat
IOT_DEV_012529,0.00010745254561103452,0,Low Threat
IOT_DEV_035124,8.35533469882512e-05,0,Low Threat
IOT_DEV_007028,0.0002701414360846219,0,Low Threat
IOT_DEV_055906,8.103682566862622e-05,0,Low Threat
IOT_DEV_021912,0.0003457488398768231,0,Low Threat
IOT_DEV_059509,0.0003804764593283844,0,Low Threat
IOT_DEV_000457,0.0005965154781312302,0,Low Threat
IOT_DEV_059365,0.00015744970106242647,0,Low Threat
IOT_DEV_019541,0.9999312731761627,1,High Threat
IOT_DEV_011114,0.00021896492595663603,0,Low Threat
IOT_DEV_011515,5.700232666218666e-05,0,Low Threat
IOT_DEV_069568,0.00011522121190605818,0,Low Threat
IOT_DEV_068257,0.0008348611581401448,0,Low Threat
IOT_DEV_062809,0.00018542379121911935,0,Low Threat
IOT_DEV_033868,0.00013413874410790518,0,Low Threat
IOT_DEV_075288,0.0001058537247670478,0,Low Threat
IOT_DEV_034583,0.00011851435982698731,0,Low Threat
IOT_DEV_044075,0.00017875919390068762,0,Low Threat
IOT_DEV_067180,0.00010943024238710598,0,Low Threat
IOT_DEV_040498,0.0001712765371635441,0,Low Threat
IOT_DEV_064753,3.166672187387332e-05,0,Low Threat
IOT_DEV_013877,0.0001692049318847317,0,Low Threat
IOT_DEV_029079,0.00043983901943943176,0,Low Threat
IOT_DEV_020092,0.00035699314883204993,0,Low Threat
IOT_DEV_077400,0.0001548239773092472,0,Low Threat
IOT_DEV_017080,0.0003068840176425877,0,Low Threat
IOT_DEV_062651,0.0014151642211425925,0,Low Threat
IOT_DEV_001214,5.6659632940410926e-05,0,Low Threat
IOT_DEV_020165,0.0005999625947466524,0,Low Threat
IOT_DEV_043863,0.0003391355604073449,0,Low Threat
IOT_DEV_058987,0.0004965444394783903,0,Low Threat
IOT_DEV_028448,0.00020716825359234586,0,Low Threat
IOT_DEV_063018,0.0005124800075324107,0,Low Threat
IOT_DEV_000837,0.0005242713114276873,0,Low Threat
IOT_DEV_039489,0.00010351063577418193,0,Low Threat
IOT_DEV_003827,8.681126562673184e-05,0,Low Threat
IOT_DEV_035469,3.667341477336076e-05,0,Low Threat
IOT_DEV_067098,0.000296485818336738,0,Low Threat
IOT_DEV_072551,8.037238497138917e-05,0,Low Threat
IOT_DEV_029262,0.9999893578829306,1,High Threat
IOT_DEV_031760,0.00035137337554062137,0,Low Threat
IOT_DEV_034081,3.018207756227165e-05,0,Low Threat
IOT_DEV_014088,0.00010420374034301956,0,Low Threat
IOT_DEV_059307,0.9998655043962131,1,High Threat
IOT_DEV_066917,0.00032378568326624533,0,Low Threat
IOT_DEV_064972,0.00011837159621953077,0,Low Threat
IOT_DEV_059324,9.341450738746631e-05,0,Low Threat
IOT_DEV_023599,8.870307012978427e-05,0,Low Threat
IOT_DEV_055627,5.053833432587613e-05,0,Low Threat
IOT_DEV_062342,6.266296047930788e-05,0,Low Threat
IOT_DEV_019393,0.00010253136252482904,0,Low Threat
IOT_DEV_030469,0.0003645389719616323,0,Low Threat
IOT_DEV_029414,0.0002949769455008364,0,Low Threat
IOT_DEV_026523,0.00022394837528143155,0,Low Threat
IOT_DEV_034217,0.00032004814502854947,0,Low Threat
IOT_DEV_054508,0.0001247922149366976,0,Low Threat
IOT_DEV_007476,0.000265267519678267,0,Low Threat
IOT_DEV_017543,0.0002002991729171204,0,Low Threat
IOT_DEV_020017,0.00011046009707235964,0,Low Threat
IOT_DEV_033292,0.0003448846717174577,0,Low Threat
IOT_DEV_034136,0.9991053457320633,1,High Threat
IOT_DEV_072594,9.870461196279104e-05,0,Low Threat
IOT_DEV_055286,0.00032516302400269697,0,Low Threat
IOT_DEV_074723,6.670996417674985e-05,0,Low Threat
IOT_DEV_049592,3.830198303754039e-05,0,Low Threat
IOT_DEV_000238,0.00012632506104330653,0,Low Threat
IOT_DEV_049658,0.00036123686623535723,0,Low Threat
IOT_DEV_024372,0.0002636817816675969,0,Low Threat
IOT_DEV_069089,8.949218977964408e-05,0,Low Threat
IOT_DEV_003581,0.00037895483066806887,0,Low Threat
IOT_DEV_062302,6.727672613575391e-05,0,Low Threat
IOT_DEV_068196,0.00029699653212569865,0,Low Threat
IOT_DEV_011988,5.1553953270305716e-05,0,Low Threat
IOT_DEV_045963,0.00011956099473156451,0,Low Threat
IOT_DEV_044215,6.0915806223279755e-05,0,Low Threat
IOT_DEV_075748,0.00013393439603919086,0,Low Threat
IOT_DEV_073492,9.009579332854875e-05,0,Low Threat
IOT_DEV_049130,0.00010053061062086438,0,Low Threat
IOT_DEV_052942,0.00026065705835770064,0,Low Threat
IOT_DEV_049526,4.0244751872908534e-05,0,Low Threat
IOT_DEV_045015,0.00048033150829016714,0,Low Threat
IOT_DEV_067916,0.0001421404808318442,0,Low Threat
IOT_DEV_045131,4.105089820195054e-05,0,Low Threat
IOT_DEV_007441,5.747529912321515e-05,0,Low Threat
IOT_DEV_042049,0.0002373539915956091,0,Low Threat
IOT_DEV_056430,0.00022572870346041963,0,Low Threat
IOT_DEV_005541,0.0001430800835397232,0,Low Threat
IOT_DEV_010056,0.00018281518000712294,0,Low Threat
IOT_DEV_059481,0.00012156771762004066,0,Low Threat
IOT_DEV_045883,8.303784696182469e-05,0,Low Threat
IOT_DEV_068184,0.00020337456697093129,0,Low Threat
IOT_DEV_044890,0.0006579018867421608,0,Low Threat
IOT_DEV_049164,0.0002446677337530205,0,Low Threat
IOT_DEV_061983,0.00018011769533734476,0,Low Threat
IOT_DEV_034934,0.9999881526945967,1,High Threat
IOT_DEV_065933,5.118618814719011e-05,0,Low Threat
IOT_DEV_045628,0.0001652723466194977,0,Low Threat
IOT_DEV_014555,0.0004929824677509463,0,Low Threat
IOT_DEV_078011,0.00018383046090193658,0,Low Threat
IOT_DEV_042712,0.0006643888218670335,0,Low Threat
IOT_DEV_013127,0.0004352595177716663,0,Low Threat
IOT_DEV_054537,0.00017613605905871177,0,Low Threat
IOT_DEV_044435,3.491467379646479e-05,0,Low Threat
IOT_DEV_031288,0.00010520526602643788,0,Low Threat
IOT_DEV_013960,0.00019900136384196863,0,Low Threat
IOT_DEV_036284,9.52382000771708e-05,0,Low Threat
IOT_DEV_033275,0.00014599053382824894,0,Low Threat
IOT_DEV_072662,0.00015783675064369842,0,Low Threat
IOT_DEV_005690,8.413320256959284e-05,0,Low Threat
IOT_DEV_011584,0.00018242794128902064,0,Low Threat
IOT_DEV_023434,0.00015693294475858607,0,Low Threat
IOT_DEV_066010,5.294356857915835e-05,0,Low Threat
IOT_DEV_057860,0.00010148327092702772,0,Low Threat
IOT_DEV_048278,7.308533378153238e-05,0,Low Threat
IOT_DEV_033628,0.00022918049483721558,0,Low Threat
IOT_DEV_078246,0.00016774632984460628,0,Low Threat
IOT_DEV_028904,0.0001129570558955717,0,Low Threat
IOT_DEV_027992,0.0004001162621993521,0,Low Threat
IOT_DEV_026187,0.00023169349684039285,0,Low Threat
IOT_DEV_061696,0.00011516025800584282,0,Low Threat
IOT_DEV_038092,0.00022186785811023583,0,Low Threat
IOT_DEV_034363,8.199610086113886e-05,0,Low Threat
IOT_DEV_045506,5.770237813565129e-05,0,Low Threat
IOT_DEV_020677,3.274242152950385e-05,0,Low Threat
IOT_DEV_024897,0.00012699079322975554,0,Low Threat
IOT_DEV_031198,0.00031838212309223874,0,Low Threat
IOT_DEV_067641,5.8856363256902145e-05,0,Low Threat
IOT_DEV_050197,0.0005577865888859242,0,Low Threat
IOT_DEV_009159,0.00018306633584513028,0,Low Threat
IOT_DEV_046134,0.0008193084527197288,0,Low Threat
IOT_DEV_069771,0.0005597060576624146,0,Low Threat
IOT_DEV_057769,0.0004858155551486782,0,Low Threat
IOT_DEV_013776,0.0002034397995821843,0,Low Threat
IOT_DEV_045632,6.957671772160937e-05,0,Low Threat
IOT_DEV_010743,0.00020791201720517228,0,Low Threat
IOT_DEV_016425,0.00018355004676501695,0,Low Threat
IOT_DEV_027397,5.896908959909662e-05,0,Low Threat
IOT_DEV_062862,7.802127087984541e-05,0,Low Threat
IOT_DEV_067297,0.00019971052541959067,0,Low Threat
IOT_DEV_064983,0.0006863459148425954,0,Low Threat
IOT_DEV_069547,0.0002266667170040264,0,Low Threat
IOT_DEV_037776,0.0006378351016535582,0,Low Threat
IOT_DEV_049746,0.00012678562341435448,0,Low Threat
IOT_DEV_072543,0.00010266533783098272,0,Low Threat
IOT_DEV_060173,0.0004277389399825051,0,Low Threat
IOT_DEV_078086,7.026611003480002e-05,0,Low Threat
IOT_DEV_062468,0.00021570866884694826,0,Low Threat
IOT_DEV_070535,8.815446918094415e-05,0,Low Threat
IOT_DEV_016862,0.00020402744011921615,0,Low Threat
IOT_DEV_054403,2.150440998841581e-05,0,Low Threat
IOT_DEV_007135,4.270405122555373e-05,0,Low Threat
IOT_DEV_044998,0.00024933609506762837,0,Low Threat
IOT_DEV_045768,0.00013575454759928777,0,Low Threat
IOT_DEV_016166,0.0003219859674593531,0,Low Threat
IOT_DEV_023287,0.00032459116219705965,0,Low Threat
IOT_DEV_073421,0.00036362873566817423,0,Low Threat
IOT_DEV_008356,0.00024921878264527725,0,Low Threat
IOT_DEV_076236,0.0002805410557696726,0,Low Threat
IOT_DEV_019162,0.00013709983444322492,0,Low Threat
IOT_DEV_016431,0.00023940485942151345,0,Low Threat
IOT_DEV_066756,9.769558079550212e-05,0,Low Threat
IOT_DEV_051741,0.00018096540943655676,0,Low Threat
IOT_DEV_046393,0.00010872869939821551,0,Low Threat
IOT_DEV_047206,0.00014048630928812421,0,Low Threat
IOT_DEV_060911,0.0007590866486787908,0,Low Threat
IOT_DEV_021610,0.00010133871412733084,0,Low Threat
IOT_DEV_054950,0.0008666969416657304,0,Low Threat
IOT_DEV_009895,0.000328566075047447,0,Low Threat
IOT_DEV_051327,9.926057712085738e-05,0,Low Threat
IOT_DEV_049342,0.00013433607013007296,0,Low Threat
IOT_DEV_012830,8.062403172981553e-05,0,Low Threat
IOT_DEV_044690,0.0004527920646597283,0,Low Threat
IOT_DEV_040215,0.00022666790423448945,0,Low Threat
IOT_DEV_059774,0.0003921633118958389,0,Low Threat
IOT_DEV_006526,3.752086266166792e-05,0,Low Threat
IOT_DEV_022859,0.0005457321531172517,0,Low Threat
IOT_DEV_025777,0.00013673152028113815,0,Low Threat
IOT_DEV_078800,0.00010544574655830529,0,Low Threat
IOT_DEV_047425,0.00014371375132766443,0,Low Threat
IOT_DEV_000474,0.00011842666125230905,0,Low Threat
IOT_DEV_040718,0.0003476523214403268,0,Low Threat
IOT_DEV_003695,0.00022289174259025596,0,Low Threat
IOT_DEV_022612,0.0002985563381233177,0,Low Threat
IOT_DEV_047282,0.0018837596523994884,0,Low Threat
IOT_DEV_073235,0.00019556132568989855,0,Low Threat
IOT_DEV_061113,4.407470193741298e-05,0,Low Threat
IOT_DEV_065111,5.4822357753758216e-05,0,Low Threat
IOT_DEV_072847,0.00012142312761564271,0,Low Threat
IOT_DEV_033671,0.00012505936097638193,0,Low Threat
IOT_DEV_027079,9.371471697724196e-05,0,Low Threat
IOT_DEV_046681,0.00011199600843130892,0,Low Threat
IOT_DEV_075283,0.00019115859239297146,0,Low Threat
IOT_DEV_011648,0.0004463851588933111,0,Low Threat
IOT_DEV_009294,0.00010084647510081312,0,Low Threat
IOT_DEV_028580,0.00013259857643481304,0,Low Threat
IOT_DEV_013381,0.0005609280374618913,0,Low Threat
IOT_DEV_032930,0.00010593490558603154,0,Low Threat
IOT_DEV_050448,0.00014393117461155737,0,Low Threat
IOT_DEV_001796,0.0003296112789470535,0,Low Threat
IOT_DEV_007636,3.1928804023787324e-05,0,Low Threat
IOT_DEV_044299,6.898530321975023e-05,0,Low Threat
IOT_DEV_044544,0.00012177970202814269,0,Low Threat
IOT_DEV_070783,0.00010008405428505024,0,Low Threat
IOT_DEV_062938,0.00022374542024832376,0,Low Threat
IOT_DEV_075342,0.9902770356516074,1,High Threat
IOT_DEV_061235,0.00035069285588023105,0,Low Threat
IOT_DEV_025648,0.00020015378672137634,0,Low Threat
IOT_DEV_068069,0.00029577661458563855,0,Low Threat
IOT_DEV_048361,0.0002689740828049054,0,Low Threat
IOT_DEV_018946,0.00010964238596198265,0,Low Threat
IOT_DEV_058156,0.0001302487685115237,0,Low Threat
IOT_DEV_048526,0.00027167991686659625,0,Low Threat
IOT_DEV_079153,0.00026599023187653834,0,Low Threat
IOT_DEV_014595,0.0004248579733808203,0,Low Threat
IOT_DEV_079542,0.0001115711378220969,0,Low Threat
IOT_DEV_037688,8.858356476299267e-05,0,Low Threat
IOT_DEV_077337,0.00043528716328769,0,Low Threat
IOT_DEV_050564,0.00011043869676374172,0,Low Threat
IOT_DEV_018144,7.038310287583638e-05,0,Low Threat
IOT_DEV_042048,2.802902497663651e-05,0,Low Threat
IOT_DEV_056761,0.0001498183499724823,0,Low Threat
IOT_DEV_041798,0.0011100663420917614,0,Low Threat
IOT_DEV_035203,0.0003029394589565352,0,Low Threat
IOT_DEV_025040,0.0006426970550651103,0,Low Threat
IOT_DEV_021127,0.00053576952214476,0,Low Threat
IOT_DEV_030065,0.00018037392091872821,0,Low Threat
IOT_DEV_063230,0.0002909039788564645,0,Low Threat
IOT_DEV_052765,0.00010349512081478943,0,Low Threat
IOT_DEV_051158,0.0002531218314564143,0,Low Threat
IOT_DEV_008778,0.00019781971545083498,0,Low Threat
IOT_DEV_038859,0.00021920333419746474,0,Low Threat
IOT_DEV_018860,0.00010072012301720925,0,Low Threat
IOT_DEV_029004,0.00024921194445724824,0,Low Threat
IOT_DEV_009282,8.258405937500968e-05,0,Low Threat
IOT_DEV_043295,0.0001971324443263776,0,Low Threat
IOT_DEV_056835,8.584946698646417e-05,0,Low Threat
IOT_DEV_022108,9.897067824862439e-05,0,Low Threat
IOT_DEV_004640,3.503359764904903e-05,0,Low Threat
IOT_DEV_054928,0.000883429718757838,0,Low Threat
IOT_DEV_005763,0.0003909174025252891,0,Low Threat
IOT_DEV_005822,0.000221865021451992,0,Low Threat
IOT_DEV_025226,0.00023271359235451037,0,Low Threat
IOT_DEV_025927,0.00013209333707783064,0,Low Threat
IOT_DEV_003907,9.382400133802576e-05,0,Low Threat
IOT_DEV_041805,0.0001316988335725317,0,Low Threat
IOT_DEV_010263,0.002244037967303829,0,Low Threat
IOT_DEV_030829,0.00015387776338705785,0,Low Threat
IOT_DEV_075501,0.00013627637709690297,0,Low Threat
IOT_DEV_020628,8.287765144203137e-05,0,Low Threat
IOT_DEV_051055,0.00013197966054592935,0,Low Threat
IOT_DEV_026789,0.00014379813643752406,0,Low Threat
IOT_DEV_019067,0.999951603347139,1,High Threat
IOT_DEV_045485,0.000808226177536849,0,Low Threat
IOT_DEV_037251,0.0002664694484663563,0,Low Threat
IOT_DEV_034698,9.149219239448947e-05,0,Low Threat
IOT_DEV_054030,0.00018740921882357315,0,Low Threat
IOT_DEV_012275,9.561264954312762e-05,0,Low Threat
IOT_DEV_037767,0.0011228159054635742,0,Low Threat
IOT_DEV_050769,7.595870441685858e-05,0,Low Threat
IOT_DEV_009268,0.0007472823421914935,0,Low Threat
IOT_DEV_038351,6.103601157952761e-05,0,Low Threat
IOT_DEV_009901,9.105606243683317e-05,0,Low Threat
IOT_DEV_021861,0.0006499518825624929,0,Low Threat
IOT_DEV_007162,5.39913946215745e-05,0,Low Threat
IOT_DEV_070368,0.0002805302618462947,0,Low Threat
IOT_DEV_060695,0.00010010296777997284,0,Low Threat
IOT_DEV_023925,7.455750145673658e-05,0,Low Threat
IOT_DEV_021176,0.0004654809400836388,0,Low Threat
IOT_DEV_034278,0.0003205110313556601,0,Low Threat
IOT_DEV_060251,0.00011037044358535636,0,Low Threat
IOT_DEV_023870,0.000173045053266043,0,Low Threat
IOT_DEV_066687,0.00013943487226053777,0,Low Threat
IOT_DEV_024907,5.5227888877083244e-05,0,Low Threat
IOT_DEV_001350,0.00031056657218872296,0,Low Threat
IOT_DEV_066480,3.1698867530613495e-05,0,Low Threat
IOT_DEV_021951,0.0004332145339684934,0,Low Threat
IOT_DEV_003065,0.00011682278794229809,0,Low Threat
IOT_DEV_064054,0.00010092076519244055,0,Low Threat
IOT_DEV_046965,0.00012600821696814312,0,Low Threat
IOT_DEV_015952,9.321907909449352e-05,0,Low Threat
IOT_DEV_075728,0.0006204258538249057,0,Low Threat
IOT_DEV_039832,0.0004143297675872764,0,Low Threat
IOT_DEV_075657,0.00018114609384257925,0,Low Threat
IOT_DEV_044979,0.0001716590758134913,0,Low Threat
IOT_DEV_035074,8.525723697693001e-05,0,Low Threat
IOT_DEV_010853,0.00010944518619155484,0,Low Threat
IOT_DEV_030515,0.00024491251487339464,0,Low Threat
IOT_DEV_038041,0.00035206730273769615,0,Low Threat
IOT_DEV_010633,0.00020867355093682355,0,Low Threat
IOT_DEV_026870,0.00035559268386628343,0,Low Threat
IOT_DEV_015072,0.00012400014867317905,0,Low Threat
IOT_DEV_055947,3.8478915913659654e-05,0,Low Threat
IOT_DEV_035238,0.0008060199048445327,0,Low Threat
IOT_DEV_061045,0.00041567119261024546,0,Low Threat
IOT_DEV_076519,0.0002069379945388714,0,Low Threat
IOT_DEV_004734,0.0001963075252403727,0,Low Threat
IOT_DEV_072219,0.00016979602442194832,0,Low Threat
IOT_DEV_050191,8.252200949390954e-05,0,Low Threat
IOT_DEV_009147,3.3327253658429406e-05,0,Low Threat
IOT_DEV_058444,0.000288176166228402,0,Low Threat
IOT_DEV_031727,0.0007132321752081888,0,Low Threat
IOT_DEV_013644,0.00018587109195203225,0,Low Threat
IOT_DEV_016195,5.1902891329154336e-05,0,Low Threat
IOT_DEV_011376,0.0005669633380623264,0,Low Threat
IOT_DEV_007912,0.000132672098030357,0,Low Threat
IOT_DEV_017877,0.0003623239806584515,0,Low Threat
IOT_DEV_019620,0.0005501117416824878,0,Low Threat
IOT_DEV_058473,0.0003075388558861989,0,Low Threat
IOT_DEV_025360,0.00014044859516189605,0,Low Threat
IOT_DEV_051779,0.000322764593798414,0,Low Threat
IOT_DEV_016047,4.136996080780974e-05,0,Low Threat
IOT_DEV_026654,0.00010411547713525389,0,Low Threat
IOT_DEV_020042,0.00016184972646713462,0,Low Threat
IOT_DEV_014399,9.968038183448133e-05,0,Low Threat
IOT_DEV_005880,0.00012624145712540234,0,Low Threat
IOT_DEV_035680,0.00032687692038978525,0,Low Threat
IOT_DEV_015895,0.00017906749693131718,0,Low Threat
IOT_DEV_065346,0.00015993927372395423,0,Low Threat
IOT_DEV_043539,0.0002407358958859022,0,Low Threat
IOT_DEV_026162,7.161692792215033e-05,0,Low Threat
IOT_DEV_071984,3.22743049094531e-05,0,Low Threat
IOT_DEV_029469,0.00023531115534476012,0,Low Threat
IOT_DEV_047187,0.00027737500085821823,0,Low Threat
IOT_DEV_022042,0.00034968894219141085,0,Low Threat
IOT_DEV_068190,0.00029184917413672826,0,Low Threat
IOT_DEV_041893,8.65178947892091e-05,0,Low Threat
IOT_DEV_059459,6.349325269442747e-05,0,Low Threat
IOT_DEV_040394,6.069060222994001e-05,0,Low Threat
IOT_DEV_040019,0.0009262704728819716,0,Low Threat
IOT_DEV_044850,0.00016328806552916387,0,Low Threat
IOT_DEV_071785,7.994921015604597e-05,0,Low Threat
IOT_DEV_036683,0.00011301860030526502,0,Low Threat
IOT_DEV_035321,0.0002276047585057302,0,Low Threat
IOT_DEV_035686,0.00018717087722297407,0,Low Threat
IOT_DEV_022639,0.00033759264618759416,0,Low Threat
IOT_DEV_053202,0.9998940582733962,1,High Threat
IOT_DEV_010513,0.985284356365214,1,High Threat
IOT_DEV_077469,0.00015362155554694696,0,Low Threat
IOT_DEV_053691,0.9998824139638492,1,High Threat
IOT_DEV_029187,7.496269670698162e-05,0,Low Threat
IOT_DEV_018338,4.997367960013495e-05,0,Low Threat
IOT_DEV_012507,8.367728340073661e-05,0,Low Threat
IOT_DEV_017486,4.9117731327819874e-05,0,Low Threat
IOT_DEV_078852,0.00013922961846294857,0,Low Threat
IOT_DEV_071449,0.0003258467352697256,0,Low Threat
IOT_DEV_038015,5.6594362450477076e-05,0,Low Threat
IOT_DEV_079502,0.0003273811955872194,0,Low Threat
IOT_DEV_060317,0.00027112823463934174,0,Low Threat
IOT_DEV_006405,0.00033860388551405367,0,Low Threat
IOT_DEV_072861,8.224917062637375e-05,0,Low Threat
IOT_DEV_027353,0.0001320377617162219,0,Low Threat
IOT_DEV_005246,0.9985342823023944,1,High Threat
IOT_DEV_057490,9.873112177364703e-05,0,Low Threat
IOT_DEV_055922,0.0001947830327096919,0,Low Threat
IOT_DEV_077102,0.00034060051832808134,0,Low Threat
IOT_DEV_025289,8.755629152160796e-05,0,Low Threat
IOT_DEV_014052,0.0002393392319750255,0,Low Threat
IOT_DEV_073849,0.00011094122128422503,0,Low Threat
IOT_DEV_002351,0.00011441360799035571,0,Low Threat
IOT_DEV_033450,0.00012304166828144876,0,Low Threat
IOT_DEV_061339,5.411622853218025e-05,0,Low Threat
IOT_DEV_070167,0.00022461568734001523,0,Low Threat
IOT_DEV_076383,0.001350469351686889,0,Low Threat
IOT_DEV_014155,4.338476617646578e-05,0,Low Threat
IOT_DEV_051678,7.55485532913472e-05,0,Low Threat
IOT_DEV_045862,0.0006152667894842208,0,Low Threat
IOT_DEV_071368,0.0007151007957660934,0,Low Threat
IOT_DEV_024751,0.0005361585691316906,0,Low Threat
IOT_DEV_055647,5.371155574269998e-05,0,Low Threat
IOT_DEV_057512,6.912914928812561e-05,0,Low Threat
IOT_DEV_069302,0.00029276432577061403,0,Low Threat
IOT_DEV_058851,0.0004089821079973402,0,Low Threat
IOT_DEV_070519,0.0020709006739180226,0,Low Threat
IOT_DEV_066208,0.00030466517012256385,0,Low Threat
IOT_DEV_038145,0.0001767040799036904,0,Low Threat
IOT_DEV_046796,9.36734567938687e-05,0,Low Threat
IOT_DEV_041266,0.00036745186781193947,0,Low Threat
IOT_DEV_035876,7.633628202800767e-05,0,Low Threat
IOT_DEV_007542,0.00015938282872806413,0,Low Threat
IOT_DEV_010103,0.00016770066758902514,0,Low Threat
IOT_DEV_029441,4.1509192856124366e-05,0,Low Threat
IOT_DEV_020633,0.0004949019655535729,0,Low Threat
IOT_DEV_031715,0.00016297441983575023,0,Low Threat
IOT_DEV_064159,4.5966282884486886e-05,0,Low Threat
IOT_DEV_034192,0.0003770417675561612,0,Low Threat
IOT_DEV_033883,0.00016296446307971981,0,Low Threat
IOT_DEV_044059,7.143162306719032e-05,0,Low Threat
IOT_DEV_000780,0.0003771873243946412,0,Low Threat
IOT_DEV_061250,0.0004290921022365184,0,Low Threat
IOT_DEV_035796,0.00019306542900691275,0,Low Threat
IOT_DEV_043580,7.409671139543132e-05,0,Low Threat
IOT_DEV_058114,0.0005829389875249611,0,Low Threat
IOT_DEV_032511,0.00012147188262894258,0,Low Threat
IOT_DEV_053899,8.4654802933858e-05,0,Low Threat
IOT_DEV_025149,5.304185702249016e-05,0,Low Threat
IOT_DEV_067105,0.0002655339828650697,0,Low Threat
IOT_DEV_004094,0.00015972588827789798,0,Low Threat
IOT_DEV_064684,0.9943758401811963,1,High Threat
IOT_DEV_058768,0.0004911052435628451,0,Low Threat
IOT_DEV_050330,0.00027392864913880786,0,Low Threat
IOT_DEV_023658,0.0002087553567256327,0,Low Threat
IOT_DEV_015664,0.00011761114188007206,0,Low Threat
IOT_DEV_043213,0.0004510396139285898,0,Low Threat
IOT_DEV_040783,0.00012649642706388312,0,Low Threat
IOT_DEV_036048,0.0003265515635860345,0,Low Threat
IOT_DEV_019892,3.5998272626165726e-05,0,Low Threat
IOT_DEV_001683,2.9030849553089154e-05,0,Low Threat
IOT_DEV_027848,0.0001895582420748996,0,Low Threat
IOT_DEV_052498,0.0004687583996000784,0,Low Threat
IOT_DEV_037454,0.00016356063284402565,0,Low Threat
IOT_DEV_058139,0.00041118502341981475,0,Low Threat
IOT_DEV_049973,6.027908514946013e-05,0,Low Threat
IOT_DEV_004802,0.00022886604501949216,0,Low Threat
IOT_DEV_059272,0.0001493992780658361,0,Low Threat
IOT_DEV_078970,0.0005247164707604549,0,Low Threat
IOT_DEV_039339,0.0006479044467068949,0,Low Threat
IOT_DEV_013144,0.0001756566270580016,0,Low Threat
IOT_DEV_079585,0.0001744496020496372,0,Low Threat
IOT_DEV_070921,0.0001536403146470334,0,Low Threat
IOT_DEV_027299,8.14650515920333e-05,0,Low Threat
IOT_DEV_050732,0.00012113588238715946,0,Low Threat
IOT_DEV_057130,0.00028220065586826543,0,Low Threat
IOT_DEV_012111,0.0002873373056615691,0,Low Threat
IOT_DEV_038688,0.0002735213709540715,0,Low Threat
IOT_DEV_054264,0.00014952306282863141,0,Low Threat
IOT_DEV_058478,0.00017879306775020321,0,Low Threat
IOT_DEV_079247,0.00018234913572173374,0,Low Threat
IOT_DEV_078796,0.00032288186235042464,0,Low Threat
IOT_DEV_032777,0.00012929767766743335,0,Low Threat
IOT_DEV_063572,0.9999260016029223,1,High Threat
IOT_DEV_000400,0.0004377215006564239,0,Low Threat
IOT_DEV_009288,0.0002635577188443779,0,Low Threat
IOT_DEV_063949,0.9999843897484313,1,High Threat
IOT_DEV_068239,0.0005917208513528898,0,Low Threat
IOT_DEV_003612,0.00012834171013300958,0,Low Threat
IOT_DEV_064239,0.0001071488154945138,0,Low Threat
IOT_DEV_061689,5.19840704664583e-05,0,Low Threat
IOT_DEV_022910,0.0009327979399506518,0,Low Threat
IOT_DEV_079270,0.0002166079275925992,0,Low Threat
IOT_DEV_027926,0.00014234685531171946,0,Low Threat
IOT_DEV_054142,9.528487773048086e-05,0,Low Threat
IOT_DEV_043864,8.334112071021887e-05,0,Low Threat
IOT_DEV_023767,0.00030080695176510177,0,Low Threat
IOT_DEV_009027,0.00027081235436335094,0,Low Threat
IOT_DEV_041866,0.0001406554093700201,0,Low Threat
IOT_DEV_035218,0.0004006160766668415,0,Low Threat
IOT_DEV_055680,5.388954549000907e-05,0,Low Threat
IOT_DEV_010826,0.00012685297100293135,0,Low Threat
IOT_DEV_031096,7.701656081356481e-05,0,Low Threat
IOT_DEV_074988,8.751578837005631e-05,0,Low Threat
IOT_DEV_029032,0.0008584285299440996,0,Low Threat
IOT_DEV_030821,0.0001242815113504654,0,Low Threat
IOT_DEV_038441,0.000283763002869922,0,Low Threat
IOT_DEV_074670,0.00014671891858600506,0,Low Threat
IOT_DEV_032775,4.227429563258568e-05,0,Low Threat
IOT_DEV_020466,0.00014637092287860616,0,Low Threat
IOT_DEV_021274,0.0001973245908146748,0,Low Threat
IOT_DEV_001991,0.0001057275194433825,0,Low Threat
IOT_DEV_060209,0.00034264569938847203,0,Low Threat
IOT_DEV_020603,0.0001368669615445711,0,Low Threat
IOT_DEV_011258,0.00017989703933562887,0,Low Threat
IOT_DEV_059392,0.00032018538989702,0,Low Threat
IOT_DEV_023401,0.00015391459057606782,0,Low Threat
IOT_DEV_043977,0.00021443744226464935,0,Low Threat
IOT_DEV_029519,9.048944803982487e-05,0,Low Threat
IOT_DEV_065829,0.0001060581228911946,0,Low Threat
IOT_DEV_010531,7.314968810853782e-05,0,Low Threat
IOT_DEV_048593,0.0001409037963506918,0,Low Threat
IOT_DEV_020175,0.999763925348985,1,High Threat
IOT_DEV_060800,0.0002594111889644882,0,Low Threat
IOT_DEV_066786,0.00012630378119341998,0,Low Threat
IOT_DEV_032660,3.9550904947139575e-05,0,Low Threat
IOT_DEV_042350,0.00014121781530164595,0,Low Threat
IOT_DEV_018648,5.493523370952224e-05,0,Low Threat
IOT_DEV_044935,0.000172712606115887,0,Low Threat
IOT_DEV_016751,0.00035065014838147793,0,Low Threat
IOT_DEV_060075,0.00013369479185122292,0,Low Threat
IOT_DEV_054288,0.00013475932913482503,0,Low Threat
IOT_DEV_020620,5.675778618117588e-05,0,Low Threat
IOT_DEV_033278,0.0006064097407524782,0,Low Threat
IOT_DEV_063106,6.682749566493764e-05,0,Low Threat
IOT_DEV_056440,0.0012004104287272632,0,Low Threat
IOT_DEV_041481,0.0001629500696467709,0,Low Threat
IOT_DEV_007384,8.700041122532808e-05,0,Low Threat
IOT_DEV_005115,0.00011455339640753046,0,Low Threat
IOT_DEV_014895,1.2407689934002995e-05,0,Low Threat
IOT_DEV_027097,0.9988938998996325,1,High Threat
IOT_DEV_079244,0.0009045509225951995,0,Low Threat
IOT_DEV_060681,0.000383165612047828,0,Low Threat
IOT_DEV_031867,6.234273677918061e-05,0,Low Threat
IOT_DEV_045961,3.414584187679572e-05,0,Low Threat
IOT_DEV_019091,0.0001730192930598337,0,Low Threat
IOT_DEV_003289,0.00013929037851498883,0,Low Threat
IOT_DEV_057369,0.00011094742440801491,0,Low Threat
IOT_DEV_074888,9.080485844341518e-05,0,Low Threat
IOT_DEV_060909,0.00039766045901221554,0,Low Threat
IOT_DEV_071160,0.0003936880786584816,0,Low Threat
IOT_DEV_046797,8.323987992992143e-05,0,Low Threat
IOT_DEV_075513,0.0004956125816597901,0,Low Threat
IOT_DEV_012650,0.0003992856927280629,0,Low Threat
IOT_DEV_079673,0.00035974765088848373,0,Low Threat
IOT_DEV_079180,0.00020846974579685532,0,Low Threat
IOT_DEV_058086,0.000162489098642381,0,Low Threat
IOT_DEV_069064,0.00033791079155974177,0,Low Threat
IOT_DEV_074155,0.0011433219619068845,0,Low Threat
IOT_DEV_061384,5.23203819269275e-05,0,Low Threat
IOT_DEV_018714,0.00019003863282206717,0,Low Threat
IOT_DEV_021056,0.00038900968082298957,0,Low Threat
IOT_DEV_014620,0.00022908417277574844,0,Low Threat
IOT_DEV_048061,0.0006288141455244007,0,Low Threat
IOT_DEV_058496,0.00013039637082058525,0,Low Threat
IOT_DEV_072116,4.969367438967556e-05,0,Low Threat
IOT_DEV_008876,0.0003275754207327547,0,Low Threat
IOT_DEV_057995,0.0009035981077716584,0,Low Threat
IOT_DEV_061909,0.0002981143719651892,0,Low Threat
IOT_DEV_051546,0.0006657184262145067,0,Low Threat
IOT_DEV_018665,4.155557797594665e-05,0,Low Threat
IOT_DEV_035558,0.0003445365185098327,0,Low Threat
IOT_DEV_061964,0.0002042125424187005,0,Low Threat
IOT_DEV_073755,0.00027304926825850225,0,Low Threat
IOT_DEV_061967,0.9999991991209357,1,High Threat
IOT_DEV_052142,5.4689679350399826e-05,0,Low Threat
IOT_DEV_061507,0.00022324531877897276,0,Low Threat
IOT_DEV_070910,0.00010084807515058436,0,Low Threat
IOT_DEV_071390,0.00037746050192407726,0,Low Threat
IOT_DEV_071205,0.00011826881514014372,0,Low Threat
IOT_DEV_074587,3.328385606974713e-05,0,Low Threat
IOT_DEV_063515,0.0006942411718987311,0,Low Threat
IOT_DEV_008939,0.0007704892284605856,0,Low Threat
IOT_DEV_033451,5.5666283661906544e-05,0,Low Threat
IOT_DEV_004666,9.660904106312248e-05,0,Low Threat
IOT_DEV_020622,0.00033081716685007164,0,Low Threat
IOT_DEV_018119,6.692860627281488e-05,0,Low Threat
IOT_DEV_053034,0.0002023390967134814,0,Low Threat
IOT_DEV_053023,0.00011169900840049043,0,Low Threat
IOT_DEV_053980,0.00037786062253584106,0,Low Threat
IOT_DEV_021112,0.00011324211885415603,0,Low Threat
IOT_DEV_037410,7.717092175712025e-05,0,Low Threat
IOT_DEV_075825,0.0002684545582643528,0,Low Threat
IOT_DEV_042847,9.471233071030667e-05,0,Low Threat
IOT_DEV_012504,6.786784281103848e-05,0,Low Threat
IOT_DEV_029774,0.0007943399981049614,0,Low Threat
IOT_DEV_069387,0.9995086374280213,1,High Threat
IOT_DEV_002841,8.441102707594224e-05,0,Low Threat
IOT_DEV_077532,0.00015625000672099185,0,Low Threat
IOT_DEV_042199,0.0002237437319938642,0,Low Threat
IOT_DEV_070244,0.0002853881131594868,0,Low Threat
IOT_DEV_023522,0.00011804488684896609,0,Low Threat
IOT_DEV_000964,0.00018427707545804264,0,Low Threat
IOT_DEV_044369,0.00011911721091835569,0,Low Threat
IOT_DEV_051062,0.00026149903337034533,0,Low Threat
IOT_DEV_050457,0.00021732739796042746,0,Low Threat
IOT_DEV_057233,0.0006832796199400551,0,Low Threat
IOT_DEV_033455,0.9547560913224526,1,High Threat
IOT_DEV_051021,0.00021806255373060945,0,Low Threat
IOT_DEV_046189,5.4394906365966676e-05,0,Low Threat
IOT_DEV_043249,0.00023346698324424052,0,Low Threat
IOT_DEV_042756,0.00044460780810430723,0,Low Threat
IOT_DEV_058899,0.00029346456285666135,0,Low Threat
IOT_DEV_058138,7.166053490009705e-05,0,Low Threat
IOT_DEV_066304,7.327147833967692e-05,0,Low Threat
IOT_DEV_052569,0.000106296636861668,0,Low Threat
IOT_DEV_078693,3.709189069867935e-05,0,Low Threat
IOT_DEV_040419,9.283208954809455e-05,0,Low Threat
IOT_DEV_076212,0.0005423780129073419,0,Low Threat
IOT_DEV_006962,5.5940699679356645e-05,0,Low Threat
IOT_DEV_036570,0.00034647910927975957,0,Low Threat
IOT_DEV_008023,0.00016078107270720447,0,Low Threat
IOT_DEV_079093,0.00037361277461490634,0,Low Threat
IOT_DEV_015673,0.00032110673312698895,0,Low Threat
IOT_DEV_041896,0.0001358658816520864,0,Low Threat
IOT_DEV_058533,0.00010728700100198459,0,Low Threat
IOT_DEV_070349,5.552256026814691e-05,0,Low Threat
IOT_DEV_034860,8.048315139574664e-05,0,Low Threat
IOT_DEV_049398,6.452471799973812e-05,0,Low Threat
IOT_DEV_077756,0.00013978527970624728,0,Low Threat
IOT_DEV_031581,0.0006312279432455285,0,Low Threat
IOT_DEV_056833,4.248305777131539e-05,0,Low Threat
IOT_DEV_051111,0.00019225597654378345,0,Low Threat
IOT_DEV_004326,0.0007231183498401409,0,Low Threat
IOT_DEV_050450,0.0005273406391717458,0,Low Threat
IOT_DEV_030729,0.0003076929009551858,0,Low Threat
IOT_DEV_052383,0.0005088492327636,0,Low Threat
IOT_DEV_061821,0.00013032431961008825,0,Low Threat
IOT_DEV_003428,0.00040299183590671424,0,Low Threat
IOT_DEV_035221,0.00017521377928359777,0,Low Threat
IOT_DEV_006425,0.0002788726446607895,0,Low Threat
IOT_DEV_006418,0.00041120889715813965,0,Low Threat
IOT_DEV_070947,0.0007809132950498826,0,Low Threat
IOT_DEV_077050,5.297949293219161e-05,0,Low Threat
IOT_DEV_001231,8.813739566856798e-05,0,Low Threat
IOT_DEV_034629,0.9999082773852349,1,High Threat
IOT_DEV_062219,0.00012758408681013965,0,Low Threat
IOT_DEV_033323,0.0001429458699694233,0,Low Threat
IOT_DEV_002942,0.0004607840995944128,0,Low Threat
IOT_DEV_058107,3.0887577237859485e-05,0,Low Threat
IOT_DEV_070433,0.00018005889494527598,0,Low Threat
IOT_DEV_013621,2.381409838296386e-05,0,Low Threat
IOT_DEV_057828,0.0006305380813353142,0,Low Threat
IOT_DEV_076890,0.0004983698572612946,0,Low Threat
IOT_DEV_061184,0.0001167701686836686,0,Low Threat
IOT_DEV_073742,0.0003344318451570268,0,Low Threat
IOT_DEV_074111,0.0002943279209030708,0,Low Threat
IOT_DEV_033653,0.000550467216207297,0,Low Threat
IOT_DEV_065144,0.00029879839541797665,0,Low Threat
IOT_DEV_000941,0.0003447130254233689,0,Low Threat
IOT_DEV_073430,9.33027239616913e-05,0,Low Threat
IOT_DEV_071543,0.0001639187320669812,0,Low Threat
IOT_DEV_022979,0.00012219489655452079,0,Low Threat
IOT_DEV_027287,0.0003203634682005698,0,Low Threat
IOT_DEV_050343,0.9985875889288628,1,High Threat
IOT_DEV_078508,0.00014400147230964503,0,Low Threat
IOT_DEV_077154,0.00012152518069382978,0,Low Threat
IOT_DEV_024335,0.00018839490041615907,0,Low Threat
IOT_DEV_069842,0.00022406883461443478,0,Low Threat
IOT_DEV_057189,4.776184512486972e-05,0,Low Threat
IOT_DEV_048610,7.20046673176623e-05,0,Low Threat
IOT_DEV_005538,0.00031493453421509924,0,Low Threat
IOT_DEV_007279,0.00021657180318870664,0,Low Threat
IOT_DEV_079154,5.218262373708269e-05,0,Low Threat
IOT_DEV_039295,5.724953954918921e-05,0,Low Threat
IOT_DEV_028323,0.000535609809650204,0,Low Threat
IOT_DEV_053869,0.00017726948506532832,0,Low Threat
IOT_DEV_035732,3.326275989267317e-05,0,Low Threat
IOT_DEV_004013,0.00021468562849176332,0,Low Threat
IOT_DEV_043390,4.165881433229983e-05,0,Low Threat
IOT_DEV_001327,2.3938583616764084e-05,0,Low Threat
IOT_DEV_022654,3.2813676086832066e-05,0,Low Threat
IOT_DEV_045194,0.9999962864521172,1,High Threat
IOT_DEV_010591,0.00022939347557246503,0,Low Threat
IOT_DEV_015183,0.000744067935848687,0,Low Threat
IOT_DEV_026600,0.00021682374947038925,0,Low Threat
IOT_DEV_034633,0.00013776940192771216,0,Low Threat
IOT_DEV_036476,0.00017490383976075013,0,Low Threat
IOT_DEV_025589,0.00019978396218815867,0,Low Threat
IOT_DEV_044867,3.850389337033386e-05,0,Low Threat
IOT_DEV_029650,5.84961989863968e-05,0,Low Threat
IOT_DEV_013947,0.9999996432721319,1,High Threat
IOT_DEV_058789,0.00011344262342296516,0,Low Threat
IOT_DEV_024916,0.0007837755030505435,0,Low Threat
IOT_DEV_060420,0.00034701920347858213,0,Low Threat
IOT_DEV_016362,8.808780885968982e-05,0,Low Threat
IOT_DEV_058813,0.0003836326262618278,0,Low Threat
IOT_DEV_054466,0.00021184022104277052,0,Low Threat
IOT_DEV_030719,9.80897850563852e-05,0,Low Threat
IOT_DEV_031799,0.00013143800693503598,0,Low Threat
IOT_DEV_006760,5.113400348349203e-05,0,Low Threat
IOT_DEV_059388,4.551081506161048e-05,0,Low Threat
IOT_DEV_002993,0.00018354491014695284,0,Low Threat
IOT_DEV_050319,0.00046342352546487796,0,Low Threat
IOT_DEV_036972,6.948519664407958e-05,0,Low Threat
IOT_DEV_069243,0.00014738338050082205,0,Low Threat
IOT_DEV_066443,0.0001845129851352316,0,Low Threat
IOT_DEV_042201,0.0009353929221870691,0,Low Threat
IOT_DEV_021838,8.564753331821738e-05,0,Low Threat
IOT_DEV_015684,0.00034470902995624984,0,Low Threat
IOT_DEV_065799,0.0002059662408265698,0,Low Threat
IOT_DEV_065399,2.525675191838228e-05,0,Low Threat
IOT_DEV_053906,0.9979085436958045,1,High Threat
IOT_DEV_068375,0.001285031179292285,0,Low Threat
IOT_DEV_009946,0.00012469047077692352,0,Low Threat
IOT_DEV_036756,0.0001685426547543417,0,Low Threat
IOT_DEV_069888,0.00010597906057469265,0,Low Threat
IOT_DEV_077879,7.103288638922475e-05,0,Low Threat
IOT_DEV_002387,9.462647510173773e-05,0,Low Threat
IOT_DEV_025077,0.00011527979533704663,0,Low Threat
IOT_DEV_028374,5.3971361136952e-05,0,Low Threat
IOT_DEV_052389,7.294454828130447e-05,0,Low Threat
IOT_DEV_050568,0.00024007319582081447,0,Low Threat
IOT_DEV_017650,0.00027223096878138984,0,Low Threat
IOT_DEV_062486,0.0001732477488385298,0,Low Threat
IOT_DEV_073276,0.00012293910250000555,0,Low Threat
IOT_DEV_033138,0.00044498011864906506,0,Low Threat
IOT_DEV_051709,0.00020606812995692638,0,Low Threat
IOT_DEV_048723,8.270358690481943e-05,0,Low Threat
IOT_DEV_069781,0.0001740104079564276,0,Low Threat
IOT_DEV_026780,0.00024254134363897484,0,Low Threat
IOT_DEV_072737,0.00019463346382577872,0,Low Threat
IOT_DEV_016055,0.0002701354872119398,0,Low Threat
IOT_DEV_021082,0.00020579769176684465,0,Low Threat
IOT_DEV_075705,0.00018295256907607514,0,Low Threat
IOT_DEV_002352,0.0002150086522006471,0,Low Threat
IOT_DEV_065173,5.950641774694748e-05,0,Low Threat
IOT_DEV_033005,6.382803141259598e-05,0,Low Threat
IOT_DEV_010525,0.0002082533905906086,0,Low Threat
IOT_DEV_066343,0.00032288461793430557,0,Low Threat
IOT_DEV_029647,0.9999950922280452,1,High Threat
IOT_DEV_053984,0.0004011638581894532,0,Low Threat
IOT_DEV_016306,0.00028475128302887684,0,Low Threat
IOT_DEV_003452,0.0005417824718571574,0,Low Threat
IOT_DEV_027751,0.00011693124302363809,0,Low Threat
IOT_DEV_047876,0.0008304316980295703,0,Low Threat
IOT_DEV_051137,9.634171822418259e-05,0,Low Threat
IOT_DEV_036679,9.391185182221941e-05,0,Low Threat
IOT_DEV_047910,0.00012316642339531639,0,Low Threat
IOT_DEV_006431,0.9994872659852448,1,High Threat
IOT_DEV_008539,0.00014369466183742857,0,Low Threat
IOT_DEV_062930,0.0003163173579493707,0,Low Threat
IOT_DEV_013207,9.991052857076073e-05,0,Low Threat
IOT_DEV_016582,8.237323489595889e-05,0,Low Threat
IOT_DEV_041378,0.0005743937567538996,0,Low Threat
IOT_DEV_043801,0.0002408774826853024,0,Low Threat
IOT_DEV_039550,4.8390262741862334e-05,0,Low Threat
IOT_DEV_064068,0.0017922464440272624,0,Low Threat
IOT_DEV_070644,8.091141519094914e-05,0,Low Threat
IOT_DEV_056840,0.0001514143670897066,0,Low Threat
IOT_DEV_026224,0.0001308286902837637,0,Low Threat
IOT_DEV_016371,0.00012188587472351429,0,Low Threat
IOT_DEV_056991,0.0004357715651360927,0,Low Threat
IOT_DEV_061543,0.00026959649937258586,0,Low Threat
IOT_DEV_033672,0.0003204975827088119,0,Low Threat
IOT_DEV_062294,0.0004599103769274002,0,Low Threat
IOT_DEV_024966,0.00011880918683162148,0,Low Threat
IOT_DEV_076799,0.00017936153480273541,0,Low Threat
IOT_DEV_002998,2.828989116766158e-05,0,Low Threat
IOT_DEV_009956,0.0003062476030235803,0,Low Threat
IOT_DEV_023602,0.00021433522434568527,0,Low Threat
IOT_DEV_064544,6.547033987621403e-05,0,Low Threat
IOT_DEV_020328,7.444659632326899e-05,0,Low Threat
IOT_DEV_032674,0.0006534334699416261,0,Low Threat
IOT_DEV_054450,9.45468566361873e-05,0,Low Threat
IOT_DEV_008789,9.087327653607428e-05,0,Low Threat
IOT_DEV_020280,8.096218919854018e-05,0,Low Threat
IOT_DEV_004073,7.044219884406751e-05,0,Low Threat
IOT_DEV_053175,0.0002492538142574372,0,Low Threat
IOT_DEV_019718,0.00014532284969546089,0,Low Threat
IOT_DEV_017680,0.0001683230533985904,0,Low Threat
IOT_DEV_047064,0.00014519407169720055,0,Low Threat
IOT_DEV_071016,0.00012428473530584988,0,Low Threat
IOT_DEV_008094,7.47182486977615e-05,0,Low Threat
IOT_DEV_054084,0.000153896832610017,0,Low Threat
IOT_DEV_005397,0.0006569562514596076,0,Low Threat
IOT_DEV_051455,0.0006774136090118649,0,Low Threat
IOT_DEV_045454,0.0004182702813070753,0,Low Threat
IOT_DEV_038491,0.0001483778142115572,0,Low Threat
IOT_DEV_022224,0.0002147504139388016,0,Low Threat
IOT_DEV_046056,0.0003108376221305969,0,Low Threat
IOT_DEV_038457,0.0004114614783164276,0,Low Threat
IOT_DEV_069821,0.0001354177995502851,0,Low Threat
IOT_DEV_050387,0.00018947031829034025,0,Low Threat
IOT_DEV_022228,0.00014883878914889113,0,Low Threat
IOT_DEV_052201,0.0005660545058522789,0,Low Threat
IOT_DEV_032093,0.00025487341980744133,0,Low Threat
IOT_DEV_064899,0.0002490004447263351,0,Low Threat
IOT_DEV_034445,0.00018567493489735326,0,Low Threat
IOT_DEV_007168,0.0003970340323550388,0,Low Threat
IOT_DEV_023643,0.0001109338276029385,0,Low Threat
IOT_DEV_007996,0.0002775571383874718,0,Low Threat
IOT_DEV_077357,0.0002020509403976181,0,Low Threat
IOT_DEV_025129,0.00010974831003490113,0,Low Threat
IOT_DEV_040716,0.0002874467085654549,0,Low Threat
IOT_DEV_079203,0.00032550732259847793,0,Low Threat
IOT_DEV_037332,6.625880972450523e-05,0,Low Threat
IOT_DEV_042523,6.616472962663171e-05,0,Low Threat
IOT_DEV_062026,0.00028128537985787995,0,Low Threat
IOT_DEV_002772,0.00013446719434596829,0,Low Threat
IOT_DEV_001672,0.00016938314062593071,0,Low Threat
IOT_DEV_020352,0.00015656894539442786,0,Low Threat
IOT_DEV_044843,6.844703657700636e-05,0,Low Threat
IOT_DEV_016872,0.0001953799836527752,0,Low Threat
IOT_DEV_033790,0.00031761150484868063,0,Low Threat
IOT_DEV_075261,0.0006049026653083149,0,Low Threat
IOT_DEV_027999,0.00018739705081202194,0,Low Threat
IOT_DEV_025687,0.0001486620619564034,0,Low Threat
IOT_DEV_057089,0.00015498499658758602,0,Low Threat
IOT_DEV_044518,9.926679827333865e-05,0,Low Threat
IOT_DEV_043887,0.9999990377098856,1,High Threat
IOT_DEV_037578,0.00016489346462076032,0,Low Threat
IOT_DEV_024673,0.0001940485404152602,0,Low Threat
IOT_DEV_034997,9.282910750241298e-05,0,Low Threat
IOT_DEV_076892,0.00012598724671150394,0,Low Threat
IOT_DEV_023310,0.0001437799720378723,0,Low Threat
IOT_DEV_074289,0.0002652215437832837,0,Low Threat
IOT_DEV_045494,5.787259566723899e-05,0,Low Threat
IOT_DEV_079052,0.00040016364982550383,0,Low Threat
IOT_DEV_035323,0.0001654181574153908,0,Low Threat
IOT_DEV_039298,9.53584142533771e-05,0,Low Threat
IOT_DEV_078290,0.00013875825777561357,0,Low Threat
IOT_DEV_041460,0.0001823467383607461,0,Low Threat
IOT_DEV_008672,6.932983962910053e-05,0,Low Threat
IOT_DEV_036942,7.543232876783553e-05,0,Low Threat
IOT_DEV_003525,0.00046970336168709436,0,Low Threat
IOT_DEV_011273,0.00014498075043193237,0,Low Threat
IOT_DEV_069700,5.104832436637713e-05,0,Low Threat
IOT_DEV_066280,3.981371240603117e-05,0,Low Threat
IOT_DEV_000453,0.00013751851704387505,0,Low Threat
IOT_DEV_072317,0.00040893186473724597,0,Low Threat
IOT_DEV_011381,7.2055847254879e-05,0,Low Threat
IOT_DEV_004786,0.0003543414273460505,0,Low Threat
IOT_DEV_028617,8.952851760255098e-05,0,Low Threat
IOT_DEV_008747,0.00027748613772291583,0,Low Threat
IOT_DEV_045405,0.00012282896811022148,0,Low Threat
IOT_DEV_003236,0.000303955099273522,0,Low Threat
IOT_DEV_071054,0.00016188615983833324,0,Low Threat
IOT_DEV_056692,0.00012929403608643385,0,Low Threat
IOT_DEV_034514,0.0012493243904756497,0,Low Threat
IOT_DEV_019137,0.00023152975760379723,0,Low Threat
IOT_DEV_033408,0.00022582113641497837,0,Low Threat
IOT_DEV_022713,0.00020561810559740083,0,Low Threat
IOT_DEV_071749,4.717891797948072e-05,0,Low Threat
IOT_DEV_039407,0.0002271515748014664,0,Low Threat
IOT_DEV_036240,0.0001905292325015138,0,Low Threat
IOT_DEV_076893,4.905517597317799e-05,0,Low Threat
IOT_DEV_075752,0.0006018321330684552,0,Low Threat
IOT_DEV_048754,0.0001884395120651159,0,Low Threat
IOT_DEV_048290,0.00011654718483910796,0,Low Threat
IOT_DEV_051322,0.0004536676722818483,0,Low Threat
IOT_DEV_023298,0.00026473129808209767,0,Low Threat
IOT_DEV_015747,0.00011081870272820219,0,Low Threat
IOT_DEV_076552,2.5755359113707135e-05,0,Low Threat
IOT_DEV_045950,0.0003255430673430328,0,Low Threat
IOT_DEV_072184,0.00018141364571292733,0,Low Threat
IOT_DEV_019335,0.0001602694286229256,0,Low Threat
IOT_DEV_027143,0.00016101117305643097,0,Low Threat
IOT_DEV_035803,0.00015619810022051174,0,Low Threat
IOT_DEV_035668,0.0001858963201535039,0,Low Threat
IOT_DEV_032249,0.0002576638257068915,0,Low Threat
IOT_DEV_015324,4.906040193856232e-05,0,Low Threat
IOT_DEV_066497,0.00014018067119255336,0,Low Threat
IOT_DEV_055489,0.00037665949147683357,0,Low Threat
IOT_DEV_038702,0.00023910488124763885,0,Low Threat
IOT_DEV_015882,0.0003115619774484053,0,Low Threat
IOT_DEV_030748,0.0001051645943067993,0,Low Threat
IOT_DEV_027979,0.0002908684979415282,0,Low Threat
IOT_DEV_005012,0.00024943550627805485,0,Low Threat
IOT_DEV_044301,0.00012317021267104297,0,Low Threat
IOT_DEV_005925,0.00015127085295132888,0,Low Threat
IOT_DEV_069421,0.00040065750063849063,0,Low Threat
IOT_DEV_037408,0.0009917234557664993,0,Low Threat
IOT_DEV_073090,0.0008900361405221047,0,Low Threat
IOT_DEV_062087,3.132259523166906e-05,0,Low Threat
IOT_DEV_072984,5.586261331131783e-05,0,Low Threat
IOT_DEV_015236,0.00019688305822068865,0,Low Threat
IOT_DEV_048768,0.00012023411638141198,0,Low Threat
IOT_DEV_023871,0.00010682513684149208,0,Low Threat
IOT_DEV_055440,9.974345291078285e-05,0,Low Threat
IOT_DEV_031937,0.00012455042268378694,0,Low Threat
IOT_DEV_006667,0.0006498635890572521,0,Low Threat
IOT_DEV_015198,0.00015764938167036114,0,Low Threat
IOT_DEV_034555,7.712966362209104e-05,0,Low Threat
IOT_DEV_009200,9.736191000641977e-05,0,Low Threat
IOT_DEV_076731,0.00041146374211763117,0,Low Threat
IOT_DEV_074742,0.00018954765264198105,0,Low Threat
IOT_DEV_035453,8.186529436766775e-05,0,Low Threat
IOT_DEV_013952,0.0004947554730144443,0,Low Threat
IOT_DEV_054816,9.527474283036159e-05,0,Low Threat
IOT_DEV_026006,0.0008517530829284956,0,Low Threat
IOT_DEV_018179,0.0007547057313744623,0,Low Threat
IOT_DEV_017836,0.00022028164273974103,0,Low Threat
IOT_DEV_072713,0.00012447403781656963,0,Low Threat
IOT_DEV_000213,0.9999990788815107,1,High Threat
IOT_DEV_023981,4.9894771767036285e-05,0,Low Threat
IOT_DEV_068103,0.0013076253510939972,0,Low Threat
IOT_DEV_006618,0.00014638466603785063,0,Low Threat
IOT_DEV_019215,0.00022372815094070733,0,Low Threat
IOT_DEV_025478,0.0003156132226567644,0,Low Threat
IOT_DEV_013459,7.812736016299564e-05,0,Low Threat
IOT_DEV_071707,5.412156614934246e-05,0,Low Threat
IOT_DEV_036668,0.0005574034065330279,0,Low Threat
IOT_DEV_051923,0.0005118542006413981,0,Low Threat
IOT_DEV_008924,0.0005929559050531995,0,Low Threat
IOT_DEV_076675,4.9346283479202695e-05,0,Low Threat
IOT_DEV_077477,5.993379298050657e-05,0,Low Threat
IOT_DEV_043491,0.00025900895410804997,0,Low Threat
IOT_DEV_079045,0.9999913642111982,1,High Threat
IOT_DEV_012688,3.9957627919353277e-05,0,Low Threat
IOT_DEV_044989,0.00017696761920686389,0,Low Threat
IOT_DEV_001036,0.0003453520944974253,0,Low Threat
IOT_DEV_008386,0.0001969076882120643,0,Low Threat
IOT_DEV_071528,0.0003972281403080115,0,Low Threat
IOT_DEV_023651,0.00015014953773745778,0,Low Threat
IOT_DEV_059998,0.9998534977141161,1,High Threat
IOT_DEV_043386,0.00018631600567290505,0,Low Threat
IOT_DEV_024982,3.888432000018014e-05,0,Low Threat
IOT_DEV_028145,0.000594492313923472,0,Low Threat
IOT_DEV_025305,0.00012647572192969641,0,Low Threat
IOT_DEV_026689,0.00018309684632451172,0,Low Threat
IOT_DEV_057438,0.00028977884247532185,0,Low Threat
IOT_DEV_035472,0.000186999491438063,0,Low Threat
IOT_DEV_076873,0.0005790922515011652,0,Low Threat
IOT_DEV_072771,0.0001203500628574235,0,Low Threat
IOT_DEV_039187,0.00032168887911493286,0,Low Threat
IOT_DEV_012285,0.0005721867654239702,0,Low Threat
IOT_DEV_064099,0.00011713200209210273,0,Low Threat
IOT_DEV_031149,0.00015899499085126896,0,Low Threat
IOT_DEV_049426,0.00025098655431751623,0,Low Threat
IOT_DEV_035888,0.000177081980031007,0,Low Threat
IOT_DEV_057767,8.327197605369269e-05,0,Low Threat
IOT_DEV_000437,0.00014936548147859396,0,Low Threat
IOT_DEV_060085,0.0001612357530748763,0,Low Threat
IOT_DEV_051957,9.162486301025278e-05,0,Low Threat
IOT_DEV_020377,0.00039513249994908037,0,Low Threat
IOT_DEV_038881,0.0001263899373188152,0,Low Threat
IOT_DEV_024302,0.00019840224457580232,0,Low Threat
IOT_DEV_043160,0.00038361324304232,0,Low Threat
IOT_DEV_055127,0.00023951346565315369,0,Low Threat
IOT_DEV_019684,0.00010065298919085325,0,Low Threat
IOT_DEV_037666,0.9999382476464483,1,High Threat
IOT_DEV_050997,0.00044459588553628356,0,Low Threat
IOT_DEV_007680,0.00029300404123861455,0,Low Threat
IOT_DEV_054925,0.00019107975940171537,0,Low Threat
IOT_DEV_041902,0.00010412222183096824,0,Low Threat
IOT_DEV_023081,0.00015062002444557056,0,Low Threat
IOT_DEV_052933,0.00013654133260769622,0,Low Threat
IOT_DEV_069580,0.00015119677974076857,0,Low Threat
IOT_DEV_051207,5.155624562462949e-05,0,Low Threat
IOT_DEV_023948,8.828130161492546e-05,0,Low Threat
IOT_DEV_008052,0.0003096624459255485,0,Low Threat
IOT_DEV_041524,8.558337524940242e-05,0,Low Threat
IOT_DEV_070536,7.072462126160403e-05,0,Low Threat
IOT_DEV_033544,4.626615685693525e-05,0,Low Threat
IOT_DEV_074981,0.000163554292090275,0,Low Threat
IOT_DEV_029458,9.709705877544391e-05,0,Low Threat
IOT_DEV_054659,0.00023539861793835256,0,Low Threat
IOT_DEV_021873,8.073994750607883e-05,0,Low Threat
IOT_DEV_077937,0.0001445802244876049,0,Low Threat
IOT_DEV_069735,0.00030883974232284766,0,Low Threat
IOT_DEV_032201,0.0003238792442692509,0,Low Threat
IOT_DEV_027700,5.627742888641248e-05,0,Low Threat
IOT_DEV_077747,4.608019784736192e-05,0,Low Threat
IOT_DEV_053169,0.9446314652573831,1,High Threat
IOT_DEV_018046,0.00010856362921019212,0,Low Threat
IOT_DEV_069091,0.0001382766183973145,0,Low Threat
IOT_DEV_000211,0.00021025247070169465,0,Low Threat
IOT_DEV_027052,0.00035167239809986826,0,Low Threat
IOT_DEV_028642,2.4358567909167616e-05,0,Low Threat
IOT_DEV_016538,8.722848782066148e-05,0,Low Threat
IOT_DEV_075760,5.4242767321433254e-05,0,Low Threat
IOT_DEV_060975,8.680155676569844e-05,0,Low Threat
IOT_DEV_047934,0.00012059657104741534,0,Low Threat
IOT_DEV_019103,0.0020458568060152988,0,Low Threat
IOT_DEV_036412,0.0010688224027212893,0,Low Threat
IOT_DEV_009736,6.817461296650751e-05,0,Low Threat
IOT_DEV_066822,0.0003614208113320592,0,Low Threat
IOT_DEV_040055,0.00047753110461267443,0,Low Threat
IOT_DEV_079274,0.0003383630336079891,0,Low Threat
IOT_DEV_036667,0.0005409045714803954,0,Low Threat
IOT_DEV_004592,0.00020673877567545799,0,Low Threat
IOT_DEV_012751,8.197664649417382e-05,0,Low Threat
IOT_DEV_067964,0.000507011617019961,0,Low Threat
IOT_DEV_015551,0.0005926030807775949,0,Low Threat
IOT_DEV_059148,6.181153038416359e-05,0,Low Threat
IOT_DEV_040939,0.0002646677584824657,0,Low Threat
IOT_DEV_040222,0.0002923949260378317,0,Low Threat
IOT_DEV_005893,0.00014589410748593233,0,Low Threat
IOT_DEV_047440,0.0001372080165213735,0,Low Threat
IOT_DEV_053990,0.00016831549265801512,0,Low Threat
IOT_DEV_027657,0.0001559937872938239,0,Low Threat
IOT_DEV_036803,0.0002039363846441044,0,Low Threat
IOT_DEV_051877,0.9999811370924341,1,High Threat
IOT_DEV_015744,0.0004675027677325803,0,Low Threat
IOT_DEV_013941,0.00012078676058956071,0,Low Threat
IOT_DEV_048530,8.997631254271184e-05,0,Low Threat
IOT_DEV_004071,6.226089012642677e-05,0,Low Threat
IOT_DEV_055630,8.656806461592051e-05,0,Low Threat
IOT_DEV_057290,0.00015577540005880225,0,Low Threat
IOT_DEV_036545,3.475313443849768e-05,0,Low Threat
IOT_DEV_008732,0.00012727094059520637,0,Low Threat
IOT_DEV_078990,0.00011634758458734818,0,Low Threat
IOT_DEV_023608,0.0001318208738347075,0,Low Threat
IOT_DEV_041176,0.00011279466049089228,0,Low Threat
IOT_DEV_041943,0.00030005419678487497,0,Low Threat
IOT_DEV_004395,0.000339250152460726,0,Low Threat
IOT_DEV_027636,6.706344253109072e-05,0,Low Threat
IOT_DEV_003419,4.0894481914525245e-05,0,Low Threat
IOT_DEV_004212,0.0005835125288098305,0,Low Threat
IOT_DEV_054975,0.968921305852531,1,High Threat
IOT_DEV_030765,0.00017403072086497588,0,Low Threat
IOT_DEV_076202,0.0003821196511872307,0,Low Threat
IOT_DEV_070527,0.0008883201673875063,0,Low Threat
IOT_DEV_018259,0.0006703798135521323,0,Low Threat
IOT_DEV_006226,0.00016641283358675795,0,Low Threat
IOT_DEV_043671,0.00017022064233631018,0,Low Threat
IOT_DEV_071874,0.0001029220869870204,0,Low Threat
IOT_DEV_055309,0.0002943582585356607,0,Low Threat
IOT_DEV_078146,0.00046453089393823144,0,Low Threat
IOT_DEV_064353,0.0002681987325674379,0,Low Threat
IOT_DEV_007324,0.00043646777957449123,0,Low Threat
IOT_DEV_019475,5.852570698747192e-05,0,Low Threat
IOT_DEV_055219,0.00010980484796421727,0,Low Threat
IOT_DEV_067902,0.0005460687527796916,0,Low Threat
IOT_DEV_063491,0.0009639415873618132,0,Low Threat
IOT_DEV_064312,0.0002581070046948038,0,Low Threat
IOT_DEV_004338,0.00037132454082010715,0,Low Threat
IOT_DEV_024168,0.00026388893258082733,0,Low Threat
IOT_DEV_052930,0.0002005450217253871,0,Low Threat
IOT_DEV_048619,4.05931874792505e-05,0,Low Threat
IOT_DEV_075829,5.6865831586684156e-05,0,Low Threat
IOT_DEV_077402,7.035535611328633e-05,0,Low Threat
IOT_DEV_000972,0.0001543115815015715,0,Low Threat
IOT_DEV_037027,0.00012979871459732883,0,Low Threat
IOT_DEV_010285,5.62634244000464e-05,0,Low Threat
IOT_DEV_046984,5.578682875097637e-05,0,Low Threat
IOT_DEV_014355,8.362729520326444e-05,0,Low Threat
IOT_DEV_038172,0.00012070974217288215,0,Low Threat
IOT_DEV_033696,0.0002071875265026974,0,Low Threat
IOT_DEV_073120,0.00014631733028743063,0,Low Threat
IOT_DEV_025708,0.00028501698692207685,0,Low Threat
IOT_DEV_014535,0.00047872748408904904,0,Low Threat
IOT_DEV_016197,0.0003843201125231677,0,Low Threat
IOT_DEV_006895,0.0001494137715815809,0,Low Threat
IOT_DEV_071629,0.00019432311399752137,0,Low Threat
IOT_DEV_021591,0.0002659606968868074,0,Low Threat
IOT_DEV_026786,3.2769531676201916e-05,0,Low Threat
IOT_DEV_037042,0.00022616569722669986,0,Low Threat
IOT_DEV_026912,0.9671173429332518,1,High Threat
IOT_DEV_061633,2.671467243478202e-05,0,Low Threat
IOT_DEV_030051,0.0006782334398914721,0,Low Threat
IOT_DEV_023311,0.00020260933799893198,0,Low Threat
IOT_DEV_074747,0.00014025521975661153,0,Low Threat
IOT_DEV_061535,0.00017247941749926518,0,Low Threat
IOT_DEV_025357,3.2467790957436537e-05,0,Low Threat
IOT_DEV_016649,0.0004285227276096595,0,Low Threat
IOT_DEV_072971,0.996934748605226,1,High Threat
IOT_DEV_016126,0.0001501487339975391,0,Low Threat
IOT_DEV_010599,5.179998038474378e-05,0,Low Threat
IOT_DEV_020215,8.833179712423727e-05,0,Low Threat
IOT_DEV_061508,0.00016834516741390346,0,Low Threat
IOT_DEV_031641,0.00011597383719416523,0,Low Threat
IOT_DEV_054645,7.065619283990027e-05,0,Low Threat
IOT_DEV_026894,0.0004109331422874034,0,Low Threat
IOT_DEV_023057,0.00033241279666306514,0,Low Threat
IOT_DEV_029424,0.0002950260464280227,0,Low Threat
IOT_DEV_035895,0.0008666753068512698,0,Low Threat
IOT_DEV_023459,0.00016543384967958744,0,Low Threat
IOT_DEV_037769,0.0004350633433390703,0,Low Threat
IOT_DEV_060318,0.000232202032914061,0,Low Threat
IOT_DEV_038896,0.00012520036829462977,0,Low Threat
IOT_DEV_067465,0.00011988967948125792,0,Low Threat
IOT_DEV_070055,0.0002952206666363967,0,Low Threat
IOT_DEV_038358,0.0003622657420684028,0,Low Threat
IOT_DEV_053848,0.0005648559769065905,0,Low Threat
IOT_DEV_047339,0.00016145857726912474,0,Low Threat
IOT_DEV_051194,0.00042014215417662977,0,Low Threat
IOT_DEV_060481,0.0001272265786445737,0,Low Threat
IOT_DEV_075821,0.0006265524002867806,0,Low Threat
IOT_DEV_004067,0.00013643819600280558,0,Low Threat
IOT_DEV_033253,0.00022712564755163596,0,Low Threat
IOT_DEV_007402,0.999991891380521,1,High Threat
IOT_DEV_005091,0.00021383042802194864,0,Low Threat
IOT_DEV_014436,0.00012158051271948457,0,Low Threat
IOT_DEV_066981,0.00017586868196997328,0,Low Threat
IOT_DEV_021418,0.00031306389005569634,0,Low Threat
IOT_DEV_043195,0.00015417069641201868,0,Low Threat
IOT_DEV_047888,0.0006598541953085133,0,Low Threat
IOT_DEV_038632,0.0007840850396465614,0,Low Threat
IOT_DEV_031730,0.00043718888645345613,0,Low Threat
IOT_DEV_060813,0.0002959760796013993,0,Low Threat
IOT_DEV_039227,0.0001453471997077066,0,Low Threat
IOT_DEV_072066,6.817829453307894e-05,0,Low Threat
IOT_DEV_062056,0.00013779594352069627,0,Low Threat
IOT_DEV_021446,8.948452028447962e-05,0,Low Threat
IOT_DEV_035715,0.00015083062663316803,0,Low Threat
IOT_DEV_007519,6.43016458495253e-05,0,Low Threat
IOT_DEV_070172,3.098169436864493e-05,0,Low Threat
IOT_DEV_015898,5.98738566491889e-05,0,Low Threat
IOT_DEV_038364,0.0005161352222683185,0,Low Threat
IOT_DEV_066632,0.00026706799990411253,0,Low Threat
IOT_DEV_000511,0.0005337888112986757,0,Low Threat
IOT_DEV_028247,0.0001664494642328495,0,Low Threat
IOT_DEV_039499,8.380336843631768e-05,0,Low Threat
IOT_DEV_068953,0.00015638900531816336,0,Low Threat
IOT_DEV_075943,0.0001806793241204383,0,Low Threat
IOT_DEV_066875,0.00020484989648859953,0,Low Threat
IOT_DEV_045196,0.00019743875363577635,0,Low Threat
IOT_DEV_076927,2.0611978297135263e-05,0,Low Threat
IOT_DEV_023631,9.788650171369003e-05,0,Low Threat
IOT_DEV_078171,0.00022198071539370143,0,Low Threat
IOT_DEV_045826,0.00020968993255263146,0,Low Threat
IOT_DEV_079047,0.00023475208577007615,0,Low Threat
IOT_DEV_055644,0.00040694021809760546,0,Low Threat
IOT_DEV_013326,7.974816140897131e-05,0,Low Threat
IOT_DEV_026331,3.0138576702433365e-05,0,Low Threat
IOT_DEV_028084,0.0001453658862762258,0,Low Threat
IOT_DEV_069787,0.0012176801638766352,0,Low Threat
IOT_DEV_042886,0.00014138285638102922,0,Low Threat
IOT_DEV_011011,0.00025876772214914807,0,Low Threat
IOT_DEV_031157,0.00034069264011261837,0,Low Threat
IOT_DEV_066546,0.0001383938603121725,0,Low Threat
IOT_DEV_044272,0.0003251585317336797,0,Low Threat
IOT_DEV_073637,0.0005186053246011168,0,Low Threat
IOT_DEV_011266,6.695393909484528e-05,0,Low Threat
IOT_DEV_010677,2.649011293201911e-05,0,Low Threat
IOT_DEV_064455,9.456053495586856e-05,0,Low Threat
IOT_DEV_000701,0.00020757494660246596,0,Low Threat
IOT_DEV_049235,0.0001862073764535984,0,Low Threat
IOT_DEV_055234,0.00024190286578390085,0,Low Threat
IOT_DEV_032046,0.000265138829087924,0,Low Threat
IOT_DEV_026538,0.00019643958930121627,0,Low Threat
IOT_DEV_050444,0.0002793745976563162,0,Low Threat
IOT_DEV_050324,0.0005424346644633966,0,Low Threat
IOT_DEV_075516,7.781121386295377e-05,0,Low Threat
IOT_DEV_026203,4.042219567094514e-05,0,Low Threat
IOT_DEV_040674,0.00013985873610971228,0,Low Threat
IOT_DEV_028034,6.630213910711201e-05,0,Low Threat
IOT_DEV_017696,0.0001251821254588165,0,Low Threat
IOT_DEV_075236,0.00011155975293241457,0,Low Threat
IOT_DEV_050662,0.0001238704458067415,0,Low Threat
IOT_DEV_027122,7.553752470853281e-05,0,Low Threat
IOT_DEV_039555,1.835052493945503e-05,0,Low Threat
IOT_DEV_055197,0.00032858778364656857,0,Low Threat
IOT_DEV_056371,0.00010287257445236625,0,Low Threat
IOT_DEV_012065,0.962039556812181,1,High Threat
IOT_DEV_022664,0.00012859099598685287,0,Low Threat
IOT_DEV_024939,0.00021531467717144528,0,Low Threat
IOT_DEV_075289,0.00029538193576648686,0,Low Threat
IOT_DEV_030155,8.553583478051088e-05,0,Low Threat
IOT_DEV_078361,0.00027265686828746344,0,Low Threat
IOT_DEV_003804,0.0003359749217315973,0,Low Threat
IOT_DEV_073183,5.2928517293695894e-05,0,Low Threat
IOT_DEV_044013,0.00011060496443010304,0,Low Threat
IOT_DEV_057333,7.13148003628268e-05,0,Low Threat
IOT_DEV_025019,7.386120316085799e-05,0,Low Threat
IOT_DEV_064377,5.780518777523003e-05,0,Low Threat
IOT_DEV_063185,0.00032357876765556437,0,Low Threat
IOT_DEV_027879,7.713085857723382e-05,0,Low Threat
IOT_DEV_079989,0.0002289093964152405,0,Low Threat
IOT_DEV_011944,0.00039967559037431985,0,Low Threat
IOT_DEV_035793,9.688777467912634e-05,0,Low Threat
IOT_DEV_025804,7.383735734849207e-05,0,Low Threat
IOT_DEV_069939,9.476108704859013e-05,0,Low Threat
IOT_DEV_012725,7.646404110465902e-05,0,Low Threat
IOT_DEV_019490,0.00017291631045369038,0,Low Threat
IOT_DEV_055478,0.0008479894343388755,0,Low Threat
IOT_DEV_002183,0.0003304819213551487,0,Low Threat
IOT_DEV_010165,0.00010557039284459758,0,Low Threat
IOT_DEV_018521,0.0003158308984459103,0,Low Threat
IOT_DEV_056329,0.00023647461002938432,0,Low Threat
IOT_DEV_072388,0.00028512407875694735,0,Low Threat
IOT_DEV_045743,0.0005417399684632485,0,Low Threat
IOT_DEV_061723,0.0003309934873313484,0,Low Threat
IOT_DEV_049468,2.528911112781557e-05,0,Low Threat
IOT_DEV_072417,8.407432126923408e-05,0,Low Threat
IOT_DEV_028012,0.0001302195955060105,0,Low Threat
IOT_DEV_056016,9.23918470510855e-05,0,Low Threat
IOT_DEV_062328,0.00016557985254131202,0,Low Threat
IOT_DEV_005402,0.00014263159560481503,0,Low Threat
IOT_DEV_039440,0.9996652262053862,1,High Threat
IOT_DEV_008634,0.00043016410050636405,0,Low Threat
IOT_DEV_029160,8.16159002364184e-05,0,Low Threat
IOT_DEV_077778,0.9257559074768883,1,High Threat
IOT_DEV_020788,0.00047501635843236385,0,Low Threat
IOT_DEV_072427,5.971902091600369e-05,0,Low Threat
IOT_DEV_072247,0.00021682111548752765,0,Low Threat
IOT_DEV_005320,0.00031208124127684266,0,Low Threat
IOT_DEV_059824,0.0001599165201238753,0,Low Threat
IOT_DEV_016949,0.00019407299127186786,0,Low Threat
IOT_DEV_031788,0.00010588736073204498,0,Low Threat
IOT_DEV_025577,0.00042903170687278504,0,Low Threat
IOT_DEV_004450,0.0007190610890118732,0,Low Threat
IOT_DEV_004526,6.901811609407029e-05,0,Low Threat
IOT_DEV_015993,0.00015355307338337803,0,Low Threat
IOT_DEV_034715,0.00019436365299190818,0,Low Threat
IOT_DEV_070613,0.0005423007237545366,0,Low Threat
IOT_DEV_014524,0.00029225714509353927,0,Low Threat
IOT_DEV_001842,0.0005066602692858348,0,Low Threat
IOT_DEV_017027,0.00020817702057242802,0,Low Threat
IOT_DEV_018823,0.0002997840239636841,0,Low Threat
IOT_DEV_044010,8.714652616687618e-05,0,Low Threat
IOT_DEV_053723,7.738485553685996e-05,0,Low Threat
IOT_DEV_077521,0.0002739373649278415,0,Low Threat
IOT_DEV_026435,0.0002638080935465526,0,Low Threat
IOT_DEV_041938,0.0002538316700114534,0,Low Threat
IOT_DEV_001023,0.000593993835874265,0,Low Threat
IOT_DEV_006560,0.0004064389750315834,0,Low Threat
IOT_DEV_004161,7.436870948644503e-05,0,Low Threat
IOT_DEV_030865,0.00038024877178150445,0,Low Threat
IOT_DEV_012605,0.0003138671122501314,0,Low Threat
IOT_DEV_031382,0.0007352908734132978,0,Low Threat
IOT_DEV_027108,6.533364318674793e-05,0,Low Threat
IOT_DEV_049948,8.828483112243735e-05,0,Low Threat
IOT_DEV_066290,6.125299596721655e-05,0,Low Threat
IOT_DEV_030264,3.3537095621938096e-05,0,Low Threat
IOT_DEV_016094,0.0004702087738189026,0,Low Threat
IOT_DEV_059352,0.9999105532653291,1,High Threat
IOT_DEV_022533,0.00023764269873310527,0,Low Threat
IOT_DEV_076268,9.237343227722011e-05,0,Low Threat
IOT_DEV_002814,0.0003319597815726813,0,Low Threat
IOT_DEV_055560,9.943794708395846e-05,0,Low Threat
IOT_DEV_067431,0.00011902684661758659,0,Low Threat
IOT_DEV_055594,0.00015760696497676036,0,Low Threat
IOT_DEV_076451,0.00029327446531198,0,Low Threat
IOT_DEV_034952,0.00010340154262928736,0,Low Threat
IOT_DEV_079027,0.00013716569396061152,0,Low Threat
IOT_DEV_027668,0.000263014773144136,0,Low Threat
IOT_DEV_060810,5.365002410738344e-05,0,Low Threat
IOT_DEV_079600,0.00020154542644322654,0,Low Threat
IOT_DEV_050845,0.00023786992403707834,0,Low Threat
IOT_DEV_076258,0.0006221279818464303,0,Low Threat
IOT_DEV_040336,0.00041656194378555055,0,Low Threat
IOT_DEV_059390,3.9571024132032464e-05,0,Low Threat
IOT_DEV_060847,0.0002072223957892325,0,Low Threat
IOT_DEV_048309,5.137777009428978e-05,0,Low Threat
IOT_DEV_046833,0.00030386670308322854,0,Low Threat
IOT_DEV_010086,0.0004545063721534665,0,Low Threat
IOT_DEV_011987,0.00030606861350446565,0,Low Threat
IOT_DEV_033982,8.881414523637109e-05,0,Low Threat
IOT_DEV_059491,0.0003827336419009024,0,Low Threat
IOT_DEV_029111,0.9999977048245668,1,High Threat
IOT_DEV_076660,0.0003490581740601085,0,Low Threat
IOT_DEV_079396,0.0006059312065907969,0,Low Threat
IOT_DEV_005936,8.547210913492821e-05,0,Low Threat
IOT_DEV_023370,0.00025933027384435735,0,Low Threat
IOT_DEV_051510,0.00020541049938850697,0,Low Threat
IOT_DEV_014828,0.0001551756041415202,0,Low Threat
IOT_DEV_059443,0.00027980664450897105,0,Low Threat
IOT_DEV_055591,6.203968207027256e-05,0,Low Threat
IOT_DEV_046059,0.00040160951085729655,0,Low Threat
IOT_DEV_038349,3.378909303649191e-05,0,Low Threat
IOT_DEV_043593,0.0002936897872047915,0,Low Threat
IOT_DEV_078527,0.00023048019768458455,0,Low Threat
IOT_DEV_047431,9.161776542148752e-05,0,Low Threat
IOT_DEV_067481,0.0001589673886743798,0,Low Threat
IOT_DEV_039958,0.00013111426916083155,0,Low Threat
IOT_DEV_034966,0.00022060592269825728,0,Low Threat
IOT_DEV_064125,0.0006090897552781648,0,Low Threat
IOT_DEV_043021,0.000318494197695809,0,Low Threat
IOT_DEV_021373,0.0002519295546300685,0,Low Threat
IOT_DEV_042073,0.00024354490768238257,0,Low Threat
IOT_DEV_062129,0.000311012808918633,0,Low Threat
IOT_DEV_078905,0.000186694255142039,0,Low Threat
IOT_DEV_064306,7.719754435851122e-05,0,Low Threat
IOT_DEV_000275,0.00038096123061082186,0,Low Threat
IOT_DEV_042152,0.00021173179115101953,0,Low Threat
IOT_DEV_072072,0.00016444175468498647,0,Low Threat
IOT_DEV_022819,9.430905041882121e-05,0,Low Threat
IOT_DEV_078535,5.902257359984122e-05,0,Low Threat
IOT_DEV_062137,8.895903950418714e-05,0,Low Threat
IOT_DEV_014474,3.78340832035472e-05,0,Low Threat
IOT_DEV_041200,0.00036971855532915907,0,Low Threat
IOT_DEV_005786,0.0006260686656389902,0,Low Threat
IOT_DEV_023279,3.9124180426622326e-05,0,Low Threat
IOT_DEV_052627,9.495604448765902e-05,0,Low Threat
IOT_DEV_069363,8.851452783556328e-05,0,Low Threat
IOT_DEV_044887,0.00010133898260415012,0,Low Threat
IOT_DEV_066862,6.544583800084995e-05,0,Low Threat
IOT_DEV_069557,0.00030524398581710033,0,Low Threat
IOT_DEV_024293,0.0002874702703497892,0,Low Threat
IOT_DEV_074633,6.142306637320534e-05,0,Low Threat
IOT_DEV_019722,6.645536810519777e-05,0,Low Threat
IOT_DEV_075066,0.00012056040512938911,0,Low Threat
IOT_DEV_079170,7.624933323573878e-05,0,Low Threat
IOT_DEV_056044,0.00018420118690491358,0,Low Threat
IOT_DEV_045444,0.0004336064139023064,0,Low Threat
IOT_DEV_066399,0.00013177229121631235,0,Low Threat
IOT_DEV_069970,0.00044843256513238747,0,Low Threat
IOT_DEV_060325,9.226130801190292e-05,0,Low Threat
IOT_DEV_068213,0.0001200679050907443,0,Low Threat
IOT_DEV_018865,0.00013265593051851356,0,Low Threat
IOT_DEV_020441,0.000178129217237223,0,Low Threat
IOT_DEV_071006,0.00011612805901506349,0,Low Threat
IOT_DEV_064431,0.00020997477066778955,0,Low Threat
IOT_DEV_000445,0.0002598325456514899,0,Low Threat
IOT_DEV_079740,0.9975614422205136,1,High Threat
IOT_DEV_017769,0.00011363140833730071,0,Low Threat
IOT_DEV_052435,0.00011492170061413879,0,Low Threat
IOT_DEV_042828,6.734139207328067e-05,0,Low Threat
IOT_DEV_020904,0.00021650507899467295,0,Low Threat
IOT_DEV_075461,0.00011083028006683853,0,Low Threat
IOT_DEV_061128,9.018537343631806e-05,0,Low Threat
IOT_DEV_020386,0.00045755643479137935,0,Low Threat
IOT_DEV_073116,8.255016190902713e-05,0,Low Threat
IOT_DEV_035952,0.00031482451948387953,0,Low Threat
IOT_DEV_022315,0.00015332125859874817,0,Low Threat
IOT_DEV_048984,0.00032011899591042454,0,Low Threat
IOT_DEV_059929,1.0994410520897244e-05,0,Low Threat
IOT_DEV_000612,0.00035074036212054887,0,Low Threat
IOT_DEV_072822,0.9985069818654562,1,High Threat
IOT_DEV_058201,5.442085678047452e-05,0,Low Threat
IOT_DEV_047670,0.00029815251883050643,0,Low Threat
IOT_DEV_012910,0.00016431882272926023,0,Low Threat
IOT_DEV_058539,9.879777753358879e-05,0,Low Threat
IOT_DEV_015960,0.00010316978243951726,0,Low Threat
IOT_DEV_078418,0.00015366433243837354,0,Low Threat
IOT_DEV_035636,0.00048771840705110717,0,Low Threat
IOT_DEV_001381,0.00026325325492806154,0,Low Threat
IOT_DEV_035579,0.00011815325284868511,0,Low Threat
IOT_DEV_034533,0.00031682833932956923,0,Low Threat
IOT_DEV_078641,6.235190062406435e-05,0,Low Threat
IOT_DEV_018068,0.0010604796835772398,0,Low Threat
IOT_DEV_010870,0.00016366076958208506,0,Low Threat
IOT_DEV_023390,0.0001400718166312997,0,Low Threat
IOT_DEV_061097,0.0004558200141384293,0,Low Threat
IOT_DEV_062718,0.00038202480947653307,0,Low Threat
IOT_DEV_029892,0.0007878588632145031,0,Low Threat
IOT_DEV_035458,0.00013482605919949947,0,Low Threat
IOT_DEV_031932,0.0001936452163152175,0,Low Threat
IOT_DEV_054774,0.00023522073773083076,0,Low Threat
IOT_DEV_029586,0.0004058081819400349,0,Low Threat
IOT_DEV_034339,0.9978425138101062,1,High Threat
IOT_DEV_000181,0.0004894731211446803,0,Low Threat
IOT_DEV_069623,0.0006019181531495524,0,Low Threat
IOT_DEV_069205,0.00037519608918799624,0,Low Threat
IOT_DEV_010895,0.00037060018783629227,0,Low Threat
IOT_DEV_009368,0.0002348161659151229,0,Low Threat
IOT_DEV_016887,5.429019737581524e-05,0,Low Threat
IOT_DEV_046175,0.9999809310511836,1,High Threat
IOT_DEV_047212,5.306239336365174e-05,0,Low Threat
IOT_DEV_001656,4.633964692364611e-05,0,Low Threat
IOT_DEV_065052,0.0005991775630300952,0,Low Threat
IOT_DEV_062539,0.0003877965775213106,0,Low Threat
IOT_DEV_036558,0.00013222197515611896,0,Low Threat
IOT_DEV_006964,4.7728295737367905e-05,0,Low Threat
IOT_DEV_031643,0.0003001403882193847,0,Low Threat
IOT_DEV_077147,0.0002573368575223422,0,Low Threat
IOT_DEV_038059,0.0007027827881294576,0,Low Threat
IOT_DEV_015216,0.00012531239698665574,0,Low Threat
IOT_DEV_008170,7.520555316527576e-05,0,Low Threat
IOT_DEV_009460,0.00042059592234491264,0,Low Threat
IOT_DEV_009737,0.0002339739822276628,0,Low Threat
IOT_DEV_074925,2.9523861770986187e-05,0,Low Threat
IOT_DEV_035406,7.148415373166632e-05,0,Low Threat
IOT_DEV_019525,0.0002279594185602644,0,Low Threat
IOT_DEV_011418,0.00020268515817059083,0,Low Threat
IOT_DEV_074543,0.000268490601435106,0,Low Threat
IOT_DEV_050447,0.0003351698267951914,0,Low Threat
IOT_DEV_022982,0.00022384280172146306,0,Low Threat
IOT_DEV_027617,3.1645722276261965e-05,0,Low Threat
IOT_DEV_077080,4.466631882814634e-05,0,Low Threat
IOT_DEV_039282,0.0001411338464603384,0,Low Threat
IOT_DEV_033814,0.00048092299175210546,0,Low Threat
IOT_DEV_038994,4.533462734468383e-05,0,Low Threat
IOT_DEV_049031,8.70626376987801e-05,0,Low Threat
IOT_DEV_041503,2.313761388432256e-05,0,Low Threat
IOT_DEV_067520,0.9999970796163465,1,High Threat
IOT_DEV_075036,4.779937189313936e-05,0,Low Threat
IOT_DEV_033817,0.0002929845398254041,0,Low Threat
IOT_DEV_061323,0.00029943976291840676,0,Low Threat
IOT_DEV_025981,0.00012809265365692297,0,Low Threat
IOT_DEV_016270,0.00011611838485877441,0,Low Threat
IOT_DEV_007641,0.0004893926083219614,0,Low Threat
IOT_DEV_052059,0.0001940950919441325,0,Low Threat
IOT_DEV_057425,0.00026446452702572456,0,Low Threat
IOT_DEV_073231,0.000488957353201142,0,Low Threat
IOT_DEV_009581,3.108916753131633e-05,0,Low Threat
IOT_DEV_050692,0.0006305104530586898,0,Low Threat
IOT_DEV_044176,0.00022500394789173715,0,Low Threat
IOT_DEV_074249,0.00047221301614115447,0,Low Threat
IOT_DEV_070298,0.00025677322984814303,0,Low Threat
IOT_DEV_056782,0.0003199207412668397,0,Low Threat
IOT_DEV_073812,0.00021810158733908053,0,Low Threat
IOT_DEV_054957,0.00010827137309068722,0,Low Threat
IOT_DEV_060124,7.39144464993136e-05,0,Low Threat
IOT_DEV_060723,6.502474477928836e-05,0,Low Threat
IOT_DEV_019265,5.981779983503267e-05,0,Low Threat
IOT_DEV_035620,0.0002041460221808458,0,Low Threat
IOT_DEV_027195,0.00022387796033289,0,Low Threat
IOT_DEV_069418,0.0001335288562854367,0,Low Threat
IOT_DEV_068317,0.0003903679742138835,0,Low Threat
IOT_DEV_016568,2.280323441808797e-05,0,Low Threat
IOT_DEV_004476,0.0001860385635695698,0,Low Threat
IOT_DEV_076480,2.8669264351978654e-05,0,Low Threat
IOT_DEV_046318,0.00016469426171042623,0,Low Threat
IOT_DEV_031488,0.0005835149013828501,0,Low Threat
IOT_DEV_063047,0.00015733904312895933,0,Low Threat
IOT_DEV_003703,0.000157451982220521,0,Low Threat
IOT_DEV_035063,9.187472684001922e-05,0,Low Threat
IOT_DEV_012761,6.598778737710292e-05,0,Low Threat
IOT_DEV_005049,0.00019535534471987122,0,Low Threat
IOT_DEV_030187,6.253163476684391e-05,0,Low Threat
IOT_DEV_073503,3.470702283953959e-05,0,Low Threat
IOT_DEV_026773,0.0006151084023629522,0,Low Threat
IOT_DEV_038163,4.031624610662002e-05,0,Low Threat
IOT_DEV_076045,0.000255886101586111,0,Low Threat
IOT_DEV_026730,0.00021780208754062006,0,Low Threat
IOT_DEV_072905,0.0002880624705123843,0,Low Threat
IOT_DEV_023326,0.00044898386808365245,0,Low Threat
IOT_DEV_001190,0.00022577487907937896,0,Low Threat
IOT_DEV_047902,0.00011282366425993962,0,Low Threat
IOT_DEV_036889,0.0002683652402945948,0,Low Threat
IOT_DEV_028190,0.0001515727817728995,0,Low Threat
IOT_DEV_061288,0.00018842505091951382,0,Low Threat
IOT_DEV_028543,0.00020430831880702814,0,Low Threat
IOT_DEV_038026,0.00014720149811338478,0,Low Threat
IOT_DEV_052784,0.0013220794943764771,0,Low Threat
IOT_DEV_046745,0.00021901804134885736,0,Low Threat
IOT_DEV_030320,8.435076646568338e-05,0,Low Threat
IOT_DEV_051434,0.0006027217972271195,0,Low Threat
IOT_DEV_073829,0.0005836539281449259,0,Low Threat
IOT_DEV_078973,0.0001965941496725908,0,Low Threat
IOT_DEV_031939,9.597089963470381e-05,0,Low Threat
IOT_DEV_074958,0.00037583997970619615,0,Low Threat
IOT_DEV_016373,9.743843271732649e-05,0,Low Threat
IOT_DEV_039986,0.0001937572631472493,0,Low Threat
IOT_DEV_042287,0.00016026296655361464,0,Low Threat
IOT_DEV_005039,0.00043786338239782465,0,Low Threat
IOT_DEV_002433,0.0006477186321001381,0,Low Threat
IOT_DEV_049730,4.841994141101876e-05,0,Low Threat
IOT_DEV_061404,0.000259570319054927,0,Low Threat
IOT_DEV_027791,0.00020813985236520173,0,Low Threat
IOT_DEV_075102,0.0004723204772070004,0,Low Threat
IOT_DEV_025529,0.00034006321526522187,0,Low Threat
IOT_DEV_050570,5.052238177683257e-05,0,Low Threat
IOT_DEV_021243,0.0003204884428266106,0,Low Threat
IOT_DEV_053179,0.000119516754459896,0,Low Threat
IOT_DEV_011879,0.00010211285745094906,0,Low Threat
IOT_DEV_022504,0.00017762006779470843,0,Low Threat
IOT_DEV_077249,0.00039587219951031004,0,Low Threat
IOT_DEV_032566,0.00022550589803401537,0,Low Threat
IOT_DEV_034810,3.2575845559706236e-05,0,Low Threat
IOT_DEV_007980,0.0002204905446153355,0,Low Threat
IOT_DEV_029349,5.3686043339759936e-05,0,Low Threat
IOT_DEV_054408,5.304977793246917e-05,0,Low Threat
IOT_DEV_027419,8.114238080523571e-05,0,Low Threat
IOT_DEV_058613,0.000494855746462774,0,Low Threat
IOT_DEV_020905,0.00024032215646151785,0,Low Threat
IOT_DEV_047621,0.00021044760075239873,0,Low Threat
IOT_DEV_022528,0.00022288771538666317,0,Low Threat
IOT_DEV_051211,6.646740584236107e-05,0,Low Threat
IOT_DEV_023746,6.95821358036821e-05,0,Low Threat
IOT_DEV_022929,0.00030889939663480953,0,Low Threat
IOT_DEV_051230,7.634300409261286e-05,0,Low Threat
IOT_DEV_022200,0.0009391604159472509,0,Low Threat
IOT_DEV_049076,0.00018803685949483773,0,Low Threat
IOT_DEV_055366,0.0005841276154976718,0,Low Threat
IOT_DEV_029257,4.184642472690994e-05,0,Low Threat
IOT_DEV_029875,0.00029987368975658326,0,Low Threat
IOT_DEV_079001,0.00019246015418242774,0,Low Threat
IOT_DEV_043660,0.00015759758452934042,0,Low Threat
IOT_DEV_058520,8.563053345526932e-05,0,Low Threat
IOT_DEV_047844,5.8923248401320826e-05,0,Low Threat
IOT_DEV_075217,0.9999761839888895,1,High Threat
IOT_DEV_034449,0.00013915435161542962,0,Low Threat
IOT_DEV_002904,0.0002903253444896485,0,Low Threat
IOT_DEV_001787,0.0007527649705858287,0,Low Threat
IOT_DEV_053422,4.93525869818055e-05,0,Low Threat
IOT_DEV_041585,9.777809252579467e-05,0,Low Threat
IOT_DEV_079665,0.00010383041571429998,0,Low Threat
IOT_DEV_018497,8.702734402130341e-05,0,Low Threat
IOT_DEV_069161,0.00011378979260708315,0,Low Threat
IOT_DEV_019480,9.02863535243545e-05,0,Low Threat
IOT_DEV_006528,0.00010021699565121008,0,Low Threat
IOT_DEV_007515,0.9990820427299115,1,High Threat
IOT_DEV_047135,0.00016113716571517671,0,Low Threat
IOT_DEV_020769,0.0005897467842783081,0,Low Threat
IOT_DEV_040125,0.00015798741133399446,0,Low Threat
IOT_DEV_010580,0.0005646666729530112,0,Low Threat
IOT_DEV_069585,0.0005531299907898025,0,Low Threat
IOT_DEV_043415,0.00011307306582818362,0,Low Threat
IOT_DEV_025135,0.9999999903041153,1,High Threat
IOT_DEV_070873,8.976754113676594e-05,0,Low Threat
IOT_DEV_052915,8.553484793835074e-05,0,Low Threat
IOT_DEV_042224,0.00044693862249698226,0,Low Threat
IOT_DEV_063052,0.00025220821544026705,0,Low Threat
IOT_DEV_063477,0.0005414292303466367,0,Low Threat
IOT_DEV_066749,0.0003523241822082143,0,Low Threat
IOT_DEV_075229,0.00031640815033268273,0,Low Threat
IOT_DEV_019914,0.00017899744959463035,0,Low Threat
IOT_DEV_030185,0.9999982126134481,1,High Threat
IOT_DEV_008106,0.0001672718911591844,0,Low Threat
IOT_DEV_032063,0.0001824239318264849,0,Low Threat
IOT_DEV_013405,0.00013468230852422148,0,Low Threat
IOT_DEV_041532,0.00023359250289690738,0,Low Threat
IOT_DEV_072293,0.0004776557671925243,0,Low Threat
IOT_DEV_061779,0.0003141164709928308,0,Low Threat
IOT_DEV_013447,0.00020541884369786682,0,Low Threat
IOT_DEV_017560,0.00015435693049923842,0,Low Threat
IOT_DEV_023645,6.780426196721675e-05,0,Low Threat
IOT_DEV_035445,0.00012277766419291821,0,Low Threat
IOT_DEV_027455,0.00025186185341279386,0,Low Threat
IOT_DEV_028623,0.00011843859126513197,0,Low Threat
IOT_DEV_005468,0.00032044938120756746,0,Low Threat
IOT_DEV_069686,0.0008036239621259616,0,Low Threat
IOT_DEV_068605,0.0008167540131189656,0,Low Threat
IOT_DEV_051682,0.0005307537358588193,0,Low Threat
IOT_DEV_022732,5.7561835944481077e-05,0,Low Threat
IOT_DEV_061891,0.00032140230991824546,0,Low Threat
IOT_DEV_038818,5.6671446481004905e-05,0,Low Threat
IOT_DEV_072973,0.00016740048819457502,0,Low Threat
IOT_DEV_059085,0.0005703829462516167,0,Low Threat
IOT_DEV_079011,5.076679009623859e-05,0,Low Threat
IOT_DEV_024096,0.00034243478825145583,0,Low Threat
IOT_DEV_074547,0.00031360493825852604,0,Low Threat
IOT_DEV_075000,8.082919103941941e-05,0,Low Threat
IOT_DEV_064553,0.00017543598231299716,0,Low Threat
IOT_DEV_070864,6.015440050265572e-05,0,Low Threat
IOT_DEV_059609,0.000563508373792142,0,Low Threat
IOT_DEV_061238,4.010963274453975e-05,0,Low Threat
IOT_DEV_034654,7.868219990504075e-05,0,Low Threat
IOT_DEV_012166,0.0006869277114948021,0,Low Threat
IOT_DEV_042185,0.00010457394075202919,0,Low Threat
IOT_DEV_019052,0.00016682240989544396,0,Low Threat
IOT_DEV_063197,0.00018709564301435083,0,Low Threat
IOT_DEV_027986,0.00014291523437988483,0,Low Threat
IOT_DEV_067608,0.00013087081074646665,0,Low Threat
IOT_DEV_060088,0.00042871508358742407,0,Low Threat
IOT_DEV_076772,0.0003831306410488639,0,Low Threat
IOT_DEV_075287,0.00015927036889898757,0,Low Threat
IOT_DEV_004381,0.0003151340432527499,0,Low Threat
IOT_DEV_014832,0.0009581887682569358,0,Low Threat
IOT_DEV_012320,0.0002013872607160175,0,Low Threat
IOT_DEV_056178,0.00039413476286806747,0,Low Threat
IOT_DEV_039931,0.0001657752148382835,0,Low Threat
IOT_DEV_064711,7.190365626986956e-05,0,Low Threat
IOT_DEV_059468,0.00017455980741905373,0,Low Threat
IOT_DEV_007555,0.0005605791580058397,0,Low Threat
IOT_DEV_072218,0.00018622704642361898,0,Low Threat
IOT_DEV_004453,0.9985663238751692,1,High Threat
IOT_DEV_038360,6.751126496481558e-05,0,Low Threat
IOT_DEV_014683,0.00031225543573929864,0,Low Threat
IOT_DEV_065006,0.0001939522423229278,0,Low Threat
IOT_DEV_049638,4.87659044696666e-05,0,Low Threat
IOT_DEV_074175,0.00016221891777187775,0,Low Threat
IOT_DEV_048548,0.0001568283320095988,0,Low Threat
IOT_DEV_017090,9.34687401716674e-05,0,Low Threat
IOT_DEV_011531,0.00021004880060020408,0,Low Threat
IOT_DEV_010035,0.000328641975830741,0,Low Threat
IOT_DEV_042525,0.00012177703911568447,0,Low Threat
IOT_DEV_049595,6.59323877498948e-05,0,Low Threat
IOT_DEV_018286,8.53096839678087e-05,0,Low Threat
IOT_DEV_032554,0.00012570729396949813,0,Low Threat
IOT_DEV_033197,0.0001763898050245387,0,Low Threat
IOT_DEV_042963,2.802606525613345e-05,0,Low Threat
IOT_DEV_017365,0.00011197627657665245,0,Low Threat
IOT_DEV_079814,0.0002620178806651995,0,Low Threat
IOT_DEV_052055,0.00016399005126123672,0,Low Threat
IOT_DEV_021810,8.619641316048567e-05,0,Low Threat
IOT_DEV_005263,0.00022314176159903435,0,Low Threat
IOT_DEV_046196,0.00022914945328775363,0,Low Threat
IOT_DEV_028000,3.758378488104553e-05,0,Low Threat
IOT_DEV_054583,0.00020249572607179578,0,Low Threat
IOT_DEV_053502,0.00013071507513215294,0,Low Threat
IOT_DEV_006351,5.563313667893704e-05,0,Low Threat
IOT_DEV_016781,1.761424600103393e-05,0,Low Threat
IOT_DEV_033396,0.00033057385322816197,0,Low Threat
IOT_DEV_008819,0.0005167460961931073,0,Low Threat
IOT_DEV_054629,0.00022078649035724794,0,Low Threat
IOT_DEV_079473,0.0001518931448505514,0,Low Threat
IOT_DEV_020682,6.960582303846458e-05,0,Low Threat
IOT_DEV_032177,3.610693169980649e-05,0,Low Threat
IOT_DEV_007417,0.0003099922995673568,0,Low Threat
IOT_DEV_076351,0.0002391647445280923,0,Low Threat
IOT_DEV_019555,4.9106794433534426e-05,0,Low Threat
IOT_DEV_072615,0.00012553816210016176,0,Low Threat
IOT_DEV_041286,8.210028146344122e-05,0,Low Threat
IOT_DEV_070840,6.139421280832619e-05,0,Low Threat
IOT_DEV_079112,4.9601552054627484e-05,0,Low Threat
IOT_DEV_039548,0.0002747239263363409,0,Low Threat
IOT_DEV_060167,0.0007076668808110772,0,Low Threat
IOT_DEV_043971,0.00018919591006513783,0,Low Threat
IOT_DEV_066467,2.039607485631142e-05,0,Low Threat
IOT_DEV_017321,0.00011063759706448034,0,Low Threat
IOT_DEV_076901,0.9999744812396829,1,High Threat
IOT_DEV_052472,0.00037375551760954564,0,Low Threat
IOT_DEV_062481,0.00011557772712102365,0,Low Threat
IOT_DEV_046356,0.0001784856047799787,0,Low Threat
IOT_DEV_073646,7.261040832841914e-05,0,Low Threat
IOT_DEV_008591,0.00028483483681249905,0,Low Threat
IOT_DEV_079077,0.00032649141327513985,0,Low Threat
IOT_DEV_000199,0.0006247622239580433,0,Low Threat
IOT_DEV_075418,0.00010517592872174404,0,Low Threat
IOT_DEV_059418,0.00027188686633566645,0,Low Threat
IOT_DEV_035449,9.014757539635859e-05,0,Low Threat
IOT_DEV_045629,0.00028914375610442165,0,Low Threat
IOT_DEV_014786,0.00011721461874115919,0,Low Threat
IOT_DEV_057901,0.0002282599426679974,0,Low Threat
IOT_DEV_028579,0.0002200784094953922,0,Low Threat
IOT_DEV_012937,8.213577185909869e-05,0,Low Threat
IOT_DEV_010584,0.0001444380481732002,0,Low Threat
IOT_DEV_070817,0.00010256072285613127,0,Low Threat
IOT_DEV_064943,5.897362665000793e-05,0,Low Threat
IOT_DEV_053889,0.00038621380966184316,0,Low Threat
IOT_DEV_038310,8.005264274556006e-05,0,Low Threat
IOT_DEV_020639,4.398901602071349e-05,0,Low Threat
IOT_DEV_016790,0.00016269816449168234,0,Low Threat
IOT_DEV_045865,0.00023494967198795124,0,Low Threat
IOT_DEV_054991,0.00014099596891243188,0,Low Threat
IOT_DEV_042050,0.0001787727692413122,0,Low Threat
IOT_DEV_040710,8.267023049586476e-05,0,Low Threat
IOT_DEV_064204,0.00027671388281453517,0,Low Threat
IOT_DEV_005953,0.00010053242654591754,0,Low Threat
IOT_DEV_066483,0.0004966294624454684,0,Low Threat
IOT_DEV_012112,0.0009058695972995998,0,Low Threat
IOT_DEV_039415,0.00024269596220709177,0,Low Threat
IOT_DEV_026595,6.0193762307857515e-05,0,Low Threat
IOT_DEV_055213,0.0001616007237960767,0,Low Threat
IOT_DEV_006410,0.00014615954446575341,0,Low Threat
IOT_DEV_041964,0.00017941805773256407,0,Low Threat
IOT_DEV_061147,7.939711146092588e-05,0,Low Threat
IOT_DEV_023806,3.86006364424302e-05,0,Low Threat
IOT_DEV_050532,0.00010306633586912198,0,Low Threat
IOT_DEV_060299,0.0003403104672851927,0,Low Threat
IOT_DEV_020553,0.0001888882271524726,0,Low Threat
IOT_DEV_000177,0.0002087600619247213,0,Low Threat
IOT_DEV_032881,0.00018129474748369197,0,Low Threat
IOT_DEV_007953,0.0002431221110390358,0,Low Threat
IOT_DEV_013825,0.0003083598854914357,0,Low Threat
IOT_DEV_070499,0.00030706261902359067,0,Low Threat
IOT_DEV_008755,0.00012405481646368324,0,Low Threat
IOT_DEV_025694,7.661974015479972e-05,0,Low Threat
IOT_DEV_043019,0.0002793643251621187,0,Low Threat
IOT_DEV_020644,0.0007201873158299782,0,Low Threat
IOT_DEV_014511,0.0007091995602561815,0,Low Threat
IOT_DEV_012346,0.00011466583643325942,0,Low Threat
IOT_DEV_000355,9.713589262241995e-05,0,Low Threat
IOT_DEV_042986,0.00035545906046573255,0,Low Threat
IOT_DEV_046013,0.0001579594097239926,0,Low Threat
IOT_DEV_055933,0.0006965243453279966,0,Low Threat
IOT_DEV_036561,0.000368287836173846,0,Low Threat
IOT_DEV_048811,0.00033833361874705193,0,Low Threat
IOT_DEV_039553,0.00039156058552682716,0,Low Threat
IOT_DEV_029384,0.0007947181539653715,0,Low Threat
IOT_DEV_073613,0.00024848292776992947,0,Low Threat
IOT_DEV_025653,0.0013312696135728557,0,Low Threat
IOT_DEV_037615,0.00018843124975004446,0,Low Threat
IOT_DEV_020587,0.00013429847016450074,0,Low Threat
IOT_DEV_000665,6.860868714116298e-05,0,Low Threat
IOT_DEV_018796,0.00012183295174354202,0,Low Threat
IOT_DEV_051179,0.00020586877396805623,0,Low Threat
IOT_DEV_006479,0.0008055582149683847,0,Low Threat
IOT_DEV_041242,8.959495839209151e-05,0,Low Threat
IOT_DEV_057386,0.00022193072273213243,0,Low Threat
IOT_DEV_018622,0.00013996928451911951,0,Low Threat
IOT_DEV_032191,9.058703364561917e-05,0,Low Threat
IOT_DEV_037153,0.00014710366480348677,0,Low Threat
IOT_DEV_078207,0.0003118170536547772,0,Low Threat
IOT_DEV_072177,0.00018515542249053903,0,Low Threat
IOT_DEV_001034,0.0001388938007907897,0,Low Threat
IOT_DEV_060815,0.0008136206995128673,0,Low Threat
IOT_DEV_078871,0.0002886127251311241,0,Low Threat
IOT_DEV_035720,7.882067441830828e-05,0,Low Threat
IOT_DEV_063534,0.0001739958884619046,0,Low Threat
IOT_DEV_050178,2.124682969490312e-05,0,Low Threat
IOT_DEV_064460,1.4296261098799472e-05,0,Low Threat
IOT_DEV_063568,0.0009740821879030885,0,Low Threat
IOT_DEV_052896,0.0005095574906689963,0,Low Threat
IOT_DEV_037282,0.00017956938602028448,0,Low Threat
IOT_DEV_028069,0.00030444802994859826,0,Low Threat
IOT_DEV_015220,0.00016746550371847247,0,Low Threat
IOT_DEV_002631,9.515443222266062e-05,0,Low Threat
IOT_DEV_043028,0.00014803322773244385,0,Low Threat
IOT_DEV_077982,0.000122514388557977,0,Low Threat
IOT_DEV_048908,0.00020604603285743803,0,Low Threat
IOT_DEV_068542,4.434800296758675e-05,0,Low Threat
IOT_DEV_036142,0.0003291184038524602,0,Low Threat
IOT_DEV_003345,8.488506295071509e-05,0,Low Threat
IOT_DEV_010980,0.00022351072072473294,0,Low Threat
IOT_DEV_074307,0.00036384770883033496,0,Low Threat
IOT_DEV_056491,0.0015741235772701264,0,Low Threat
IOT_DEV_002139,0.0001431706122916767,0,Low Threat
IOT_DEV_022461,5.180310747794639e-05,0,Low Threat
IOT_DEV_009557,0.00014118673730042656,0,Low Threat
IOT_DEV_020309,0.00048127815573314304,0,Low Threat
IOT_DEV_046094,5.282639515147629e-05,0,Low Threat
IOT_DEV_009135,5.746346997663296e-05,0,Low Threat
IOT_DEV_035533,4.973807932592892e-05,0,Low Threat
IOT_DEV_018683,0.00010553965624119437,0,Low Threat
IOT_DEV_043797,0.9982809583575948,1,High Threat
IOT_DEV_072204,0.0004869673875299638,0,Low Threat
IOT_DEV_058908,8.93895919607621e-05,0,Low Threat
IOT_DEV_047965,0.00011356348238519934,0,Low Threat
IOT_DEV_078167,7.87724573178826e-05,0,Low Threat
IOT_DEV_069426,0.00033151662148621754,0,Low Threat
IOT_DEV_058522,0.0001751131031967943,0,Low Threat
IOT_DEV_065414,0.00012908786318566336,0,Low Threat
IOT_DEV_032383,0.00030370136457619164,0,Low Threat
IOT_DEV_040480,0.00013474859072052484,0,Low Threat
IOT_DEV_037813,0.00011031426926184035,0,Low Threat
IOT_DEV_000272,0.0004888801835537121,0,Low Threat
IOT_DEV_026259,0.00011757598263741326,0,Low Threat
IOT_DEV_069174,0.00020381364897832316,0,Low Threat
IOT_DEV_070492,1.3076906732148662e-05,0,Low Threat
IOT_DEV_030587,0.00023679599181449017,0,Low Threat
IOT_DEV_016788,0.00041896092033344494,0,Low Threat
IOT_DEV_036953,0.00015871666864870998,0,Low Threat
IOT_DEV_002142,0.00017288386030719436,0,Low Threat
IOT_DEV_028028,9.723187141920766e-05,0,Low Threat
IOT_DEV_033555,9.043099699492127e-05,0,Low Threat
IOT_DEV_030875,0.00016421761198400221,0,Low Threat
IOT_DEV_049729,0.0001694513242074399,0,Low Threat
IOT_DEV_033351,0.0003937737206144258,0,Low Threat
IOT_DEV_052065,0.9999897781799056,1,High Threat
IOT_DEV_039073,0.0007983013477999346,0,Low Threat
IOT_DEV_061951,0.00014896612669642784,0,Low Threat
IOT_DEV_060644,0.00016589683211726,0,Low Threat
IOT_DEV_040090,2.8861215147297574e-05,0,Low Threat
IOT_DEV_000076,4.209458933201871e-05,0,Low Threat
IOT_DEV_047184,0.00021075328881554097,0,Low Threat
IOT_DEV_017234,0.0001687490869473147,0,Low Threat
IOT_DEV_000482,9.09705235546231e-05,0,Low Threat
IOT_DEV_063703,0.0002869280412791749,0,Low Threat
IOT_DEV_011797,0.0005607446947606604,0,Low Threat
IOT_DEV_000451,0.00028894536080118204,0,Low Threat
IOT_DEV_039291,0.00025862895812363783,0,Low Threat
IOT_DEV_052932,0.0001252060807146977,0,Low Threat
IOT_DEV_070506,9.129994825324502e-05,0,Low Threat
IOT_DEV_045730,7.079942228699373e-05,0,Low Threat
IOT_DEV_009023,0.00016314557654959432,0,Low Threat
IOT_DEV_034864,0.00012623980736338532,0,Low Threat
IOT_DEV_031467,0.0005695490287707875,0,Low Threat
IOT_DEV_000191,0.00022604472097088746,0,Low Threat
IOT_DEV_061052,0.00016020245366097575,0,Low Threat
IOT_DEV_061385,0.00024691950899026,0,Low Threat
IOT_DEV_052378,0.00015464756711760713,0,Low Threat
IOT_DEV_052211,0.0007213131114233992,0,Low Threat
IOT_DEV_008809,0.00028713994248098866,0,Low Threat
IOT_DEV_038950,0.0006150047645881996,0,Low Threat
IOT_DEV_043141,0.00041573403536811026,0,Low Threat
IOT_DEV_009392,0.000532578933092346,0,Low Threat
IOT_DEV_054091,0.00017505090720748066,0,Low Threat
IOT_DEV_078920,0.00022539660601966202,0,Low Threat
IOT_DEV_077526,0.0004743578355811984,0,Low Threat
IOT_DEV_077035,0.00036406759522154857,0,Low Threat
IOT_DEV_071441,0.00026944371041448875,0,Low Threat
IOT_DEV_038480,4.8512132557646486e-05,0,Low Threat
IOT_DEV_061755,0.00029469521540338993,0,Low Threat
IOT_DEV_034589,0.0005179831020354104,0,Low Threat
IOT_DEV_021042,0.00012363003290170925,0,Low Threat
IOT_DEV_034546,0.00013714687376610978,0,Low Threat
IOT_DEV_000099,0.0001478943022818844,0,Low Threat
IOT_DEV_069783,0.0003846003303293097,0,Low Threat
IOT_DEV_062154,0.00013909000532902845,0,Low Threat
IOT_DEV_019537,0.00023079299778931635,0,Low Threat
IOT_DEV_078605,0.00035265401826006787,0,Low Threat
IOT_DEV_052659,8.933825187070247e-05,0,Low Threat
IOT_DEV_009692,0.00020474289394524823,0,Low Threat
IOT_DEV_057593,0.00044794671091531307,0,Low Threat
IOT_DEV_026135,0.0001264986956891778,0,Low Threat
IOT_DEV_064383,0.00021340437259334237,0,Low Threat
IOT_DEV_052157,9.786860067119443e-05,0,Low Threat
IOT_DEV_061911,5.545172567789374e-05,0,Low Threat
IOT_DEV_053946,0.00033475516819487215,0,Low Threat
IOT_DEV_027002,0.0003655127622878656,0,Low Threat
IOT_DEV_079156,0.0007399932657659048,0,Low Threat
IOT_DEV_010747,0.0007001426643381155,0,Low Threat
IOT_DEV_060657,0.00014911343209188078,0,Low Threat
IOT_DEV_005205,0.00024186588158128087,0,Low Threat
IOT_DEV_063437,0.0002489546173896449,0,Low Threat
IOT_DEV_036232,0.00037189903379726693,0,Low Threat
IOT_DEV_061214,0.00012493326211907808,0,Low Threat
IOT_DEV_063850,4.955241339141016e-05,0,Low Threat
IOT_DEV_038431,0.00021127675333025537,0,Low Threat
IOT_DEV_037235,0.00024055838869822664,0,Low Threat
IOT_DEV_035756,0.0013027620152851035,0,Low Threat
IOT_DEV_035025,0.000266842522204653,0,Low Threat
IOT_DEV_010017,0.0003871561896002558,0,Low Threat
IOT_DEV_017833,0.00019356531182574834,0,Low Threat
IOT_DEV_001318,7.379940324879409e-05,0,Low Threat
IOT_DEV_063469,0.0006199352774215582,0,Low Threat
IOT_DEV_069666,8.858794242140254e-05,0,Low Threat
IOT_DEV_018934,0.00016767304415446114,0,Low Threat
IOT_DEV_046300,5.5850755580752895e-05,0,Low Threat
IOT_DEV_048238,0.000894151188176828,0,Low Threat
IOT_DEV_051864,0.00014473110267423312,0,Low Threat
IOT_DEV_002045,7.3308410876128e-05,0,Low Threat
IOT_DEV_029066,0.0005876832183671579,0,Low Threat
IOT_DEV_001551,0.0002101611010209129,0,Low Threat
IOT_DEV_022307,9.109030932812352e-05,0,Low Threat
IOT_DEV_057243,0.00015559406691978308,0,Low Threat
IOT_DEV_033274,0.0002481401301779454,0,Low Threat
IOT_DEV_041193,0.00013329169649186734,0,Low Threat
IOT_DEV_063736,8.270867179241561e-05,0,Low Threat
IOT_DEV_016228,9.765679332401259e-05,0,Low Threat
IOT_DEV_071466,9.350862338906995e-05,0,Low Threat
IOT_DEV_011048,0.00022891401389089715,0,Low Threat
IOT_DEV_058935,0.0001600712643472984,0,Low Threat
IOT_DEV_009156,0.0003022213206663175,0,Low Threat
IOT_DEV_056758,0.00014655553413077347,0,Low Threat
IOT_DEV_050664,0.0001037862418396535,0,Low Threat
IOT_DEV_058465,8.854302584095754e-05,0,Low Threat
